IMDB_ID,DVD,Ext,Fmt,Resolution,FPS,Size,Time,Sub,Jellyfin,Sized,Modified,Title,Original_Title,Watched,Rating,Certification,Filename,FullPath
40506,1,.m4v,H264,480p,23.98,7.10,01:40,Text,DIRECT,NO,2020-09-24 17:10,Key Largo (1948),Key Largo,,8.0,Approved,Key Largo (1948).m4v,/media/daveg/Lib/Movies/Key Largo (1948).m4v
70735,1,.m4v,H264,460p,120,6.93,02:09,SRT,DIRECT,NO,2020-10-11 16:51,"Sting, The (1973)",The Sting,,10.0,PG,The Sting (1973).m4v,/media/daveg/Lib/Movies/The Sting (1973).m4v
83806,1,.m4v,H264,480p,24.08,6.73,01:56,Text,DIRECT,NO,2020-09-11 22:37,Deathtrap (1982),Deathtrap,2018-09-11,8.0,PG,Deathtrap (1982).m4v,/media/daveg/Lib/Movies/Deathtrap (1982).m4v
277434,1,.m4v,H264,368p,23.98,6.73,02:18,Text,DIRECT,NO,2020-10-14 19:02,We Were Soldiers (2002),We Were Soldiers,2019-11-26,7.5,R,We Were Soldiers (2002).m4v,/media/daveg/Lib/Movies/We Were Soldiers (2002).m4v
111742,1,.m4v,H264,480p,29.97,6.70,02:05,Text,DIRECT,NO,2020-10-15 09:55,Wolf (1994),Wolf,,8.0,TV-MA::(TV rating),Wolf (1994).m4v,/media/daveg/Lib/Movies/Wolf (1994).m4v
82351,1,.m4v,H264,352p,-,6.70,01:52,Text,DIRECT,NO,2020-09-14 21:28,Eye of the Needle (1981),Eye of the Needle,,10.0,R,Eye of the Needle (1981).m4v,/media/daveg/Lib/Movies/Eye of the Needle (1981).m4v
51525,1,.m4v,H264,388p,23.98,6.68,01:36,Text,DIRECT,NO,2022-01-20 17:03,"Defiant Ones, The (1958)",The Defiant Ones,,7.6,TV-PG,The Defiant Ones (1958).m4v,/media/daveg/Lib/Movies/The Defiant Ones (1958).m4v
1302006,1,.m4v,H264,460p,23.98,6.68,03:29,Bitmap,TRANSCODE,NO,2020-11-28 09:53,"Irishman, The (2019)",The Irishman,2020-12-27,8.0,R,The Irishman (2019).m4v,/media/daveg/Lib/Movies/The Irishman (2019).m4v
65911,1,.m4v,H264,480p,29.97,6.66,01:50,None,-,NO,2020-09-23 14:10,Jane Eyre (1970),Jane Eyre,,8.0,G::(#370),Jane Eyre (1970).m4v,/media/daveg/Lib/Movies/Jane Eyre (1970).m4v
61107,1,.m4v,H264,460p,23.98,6.64,02:08,Bitmap,TRANSCODE,NO,2020-10-12 22:46,Torn Curtain (1966),Torn Curtain,,9.0,PG,Torn Curtain (1966).m4v,/media/daveg/Lib/Movies/Torn Curtain (1966).m4v
87538,1,.m4v,H264,460p,120,6.64,02:06,Text,DIRECT,NO,2021-09-24 15:59,"Karate Kid, The (1984)",The Karate Kid,,7.3,TV-PG,The Karate Kid (1984).m4v,/media/daveg/Lib/Movies/The Karate Kid (1984).m4v
45897,1,.m4v,H264,480p,23.98,6.62,01:35,Text,DIRECT,NO,2021-09-07 14:30,I Confess (1953),I Confess,,7.3,Not Rated::(DVD Rating),I Confess (1953).m4v,/media/daveg/Lib/Movies/I Confess (1953).m4v
109830,1,.m4v,H264,358p,23.98,6.62,02:22,Text,DIRECT,NO,2020-09-17 12:29,Forrest Gump (1994),Forrest Gump,,10.0,TV-PG,Forrest Gump (1994).m4v,/media/daveg/Lib/Movies/Forrest Gump (1994).m4v
73273,1,.m4v,H264,480p,29.97,6.61,01:36,Text,DIRECT,NO,2020-10-01 18:25,"Legend of Lizzie Borden, The (1975)",The Legend of Lizzie Borden,,7.7,TV-14,The Legend of Lizzie Borden (1975).m4v,/media/daveg/Lib/Movies/The Legend of Lizzie Borden (1975).m4v
43265,1,.m4v,H264,480p,29.97,6.56,01:45,Bitmap,TRANSCODE,NO,2020-08-28 21:58,"African Queen, The (1951)",The African Queen,2020-05-21,10.0,TV-PG::(V),The African Queen (1951).m4v,/media/daveg/Lib/Movies/The African Queen (1951).m4v
93509,1,.m4v,H264,480p,120,6.56,02:15,Text,DIRECT,NO,2020-09-30 11:26,Matewan (1987),Matewan,,8.0,PG-13,Matewan (1987).m4v,/media/daveg/Lib/Movies/Matewan (1987).m4v
88323,1,.m4v,H264,480p,23.98,6.51,01:42,Text,DIRECT,NO,2020-10-03 10:15,"NeverEnding Story, The (1984)",The NeverEnding Story,,8.0,PG,The NeverEnding Story (1984).m4v,/media/daveg/Lib/Movies/The NeverEnding Story (1984).m4v
106977,1,.m4v,H264,480p,23.98,6.50,02:10,Text,DIRECT,NO,2020-10-03 21:57,"Fugitive, The (1993)",The Fugitive,2020-10-12,10.0,PG-13,The Fugitive (1993).m4v,/media/daveg/Lib/Movies/The Fugitive (1993).m4v
120737,1,.m4v,H264,358p,120,6.49,02:58,Text,DIRECT,NO,2020-09-28 21:10,"Lord of the Rings: The Fellowship of the Ring, The (2001)",The Lord of the Rings: The Fellowship of the Ring,,10.0,PG-13,The Lord of the Rings- The Fellowship of the Ring (2001).m4v,/media/daveg/Lib/Movies/The Lord of the Rings- The Fellowship of the Ring (2001).m4v
109040,1,.m4v,H264,480p,23.98,6.48,01:26,Text,DIRECT,NO,2020-08-28 17:04,Ace Ventura: Pet Detective (1994),Ace Ventura: Pet Detective,2014-05-21,8.0,PG-13,Ace Ventura- Pet Detective (1994).m4v,/media/daveg/Lib/Movies/Ace Ventura- Pet Detective (1994).m4v
94137,0,.m4v,H264,472p,120,6.48,01:42,Text,DIRECT,NO,2020-10-12 18:17,Three Men and a Baby (1987),Three Men and a Baby,2024-01-23,6.1,"TV-PG::(DLS, TV Rating.)",Three Men and a Baby (1987).m4v,/media/daveg/Lib/Movies/Three Men and a Baby (1987).m4v
72684,1,.m4v,H264,406p,23.98,6.46,03:05,Text,DIRECT,NO,2020-09-01 05:15,Barry Lyndon (1975),Barry Lyndon,,8.0,PG,Barry Lyndon (1975).m4v,/media/daveg/Lib/Movies/Barry Lyndon (1975).m4v
68361,1,.m4v,H264,480p,29.97,6.45,01:42,Bitmap,TRANSCODE,NO,2020-09-12 14:55,"Discreet Charm of the Bourgeoisie, The (1972)",The Discreet Charm of the Bourgeoisie,,8.0,PG,The Discreet Charm of the Bourgeoisie (1972).m4v,/media/daveg/Lib/Movies/The Discreet Charm of the Bourgeoisie (1972).m4v
65207,1,.m4v,H264,362p,23.92,6.42,02:38,Text,DIRECT,NO,2020-10-14 20:23,Where Eagles Dare (1968),Where Eagles Dare,,10.0,TV-PG::(DVD rating),Where Eagles Dare (1968).m4v,/media/daveg/Lib/Movies/Where Eagles Dare (1968).m4v
961066,1,.m4v,H264,480p,23.98,6.41,02:11,Bitmap,TRANSCODE,NO,2020-09-14 18:40,Everlasting Moments (2008),Everlasting Moments,,8.0,Not Rated,Everlasting Moments (2008).m4v,/media/daveg/Lib/Movies/Everlasting Moments (2008).m4v
120324,1,.m4v,H264,480p,23.98,6.39,02:01,Text,DIRECT,NO,2020-12-31 16:58,"Simple Plan, A (1998)",A Simple Plan,2021-01-01,8.5,R,A Simple Plan (1998).m4v,/media/daveg/Lib/Movies/A Simple Plan (1998).m4v
881320,1,.m4v,H264,462p,23.98,6.38,01:48,Bitmap,TRANSCODE,NO,2020-10-07 12:12,Sanctum (2011),Sanctum,,8.0,R,Sanctum (2011).m4v,/media/daveg/Lib/Movies/Sanctum (2011).m4v
39302,1,.m4v,H264,480p,23.98,6.38,01:46,Text,DIRECT,NO,2020-09-11 20:05,Dark Passage (1947),Dark Passage,,8.0,Passed::(National Board of Review),Dark Passage (1947).m4v,/media/daveg/Lib/Movies/Dark Passage (1947).m4v
50371,1,.m4v,H264,480p,23.98,6.38,02:06,Text,DIRECT,NO,2020-09-15 05:43,"Face in the Crowd, A (1957)",A Face in the Crowd,,8.0,TV-PG::(TV Rating),A Face in the Crowd (1957).m4v,/media/daveg/Lib/Movies/A Face in the Crowd (1957).m4v
80455,1,.m4v,H264,462p,47.95,6.34,02:13,Bitmap,TRANSCODE,NO,2020-09-03 11:18,"Blues Brothers, The (1980)",The Blues Brothers,,8.0,TV-14,The Blues Brothers (1980).m4v,/media/daveg/Lib/Movies/The Blues Brothers (1980).m4v
65531,1,.m4v,H264,468p,29.97,6.33,02:20,Bitmap,TRANSCODE,NO,2020-09-07 15:47,"Red Circle, The (1970)",The Red Circle,,8.0,Not Rated,The Red Circle (1970).m4v,/media/daveg/Lib/Movies/The Red Circle (1970).m4v
46911,1,.m4v,H264,480p,120,6.33,01:57,Bitmap,TRANSCODE,NO,2020-09-12 10:41,Diabolique (1955),Diabolique,2019-02-26,8.0,Not Rated,Diabolique (1955).m4v,/media/daveg/Lib/Movies/Diabolique (1955).m4v
52561,1,.m4v,H264,480p,120,6.33,02:41,Text,DIRECT,NO,2020-08-30 06:03,Anatomy of a Murder (1959),Anatomy of a Murder,,8.0,Not Rated,Anatomy of a Murder (1959).m4v,/media/daveg/Lib/Movies/Anatomy of a Murder (1959).m4v
71807,1,.m4v,H264,480p,23.98,6.32,02:05,Text,DIRECT,NO,2020-09-13 17:16,"Man with the Golden Gun, The (1974)",The Man with the Golden Gun,,8.0,PG,The Man with the Golden Gun (1974).m4v,/media/daveg/Lib/Movies/James Bond 007/The Man with the Golden Gun (1974).m4v
107843,1,.m4v,H264,480p,23.98,6.32,01:49,Text,DIRECT,NO,2022-01-15 13:01,Point of No Return (1993),Point of No Return,,6.1,R,Point of No Return (1993).m4v,/media/daveg/Lib/Movies/Point of No Return (1993).m4v
496806,1,.m4v,H264,480p,48,6.31,02:02,Bitmap,TRANSCODE,NO,2020-10-04 12:21,Ocean's Thirteen (2007),Ocean's Thirteen,2018-08-23,6.9,"TV-14::(LSV, TV Rating.)",Ocean's Thirteen (2007).m4v,/media/daveg/Lib/Movies/Ocean's Thirteen (2007).m4v
265086,1,.m4v,H264,362p,29.97,6.30,02:24,Text,DIRECT,NO,2020-09-02 19:23,Black Hawk Down (2001),Black Hawk Down,,8.0,R,Black Hawk Down (2001).m4v,/media/daveg/Lib/Movies/Black Hawk Down (2001).m4v
91288,1,.m4v,H264,364p,23.98,6.29,02:00,Bitmap,TRANSCODE,NO,2020-09-23 16:03,Jean de Florette (1986),Jean de Florette,,8.0,PG,Jean de Florette (1986).m4v,/media/daveg/Lib/Movies/Jean de Florette (1986).m4v
56444,1,.m4v,H264,448p,120,6.28,01:53,Bitmap,TRANSCODE,NO,2021-10-16 18:34,"Autumn Afternoon, An (1962)",An Autumn Afternoon,,8.1,Not Rated,An Autumn Afternoon (1962).m4v,/media/daveg/Lib/Movies/An Autumn Afternoon (1962).m4v
35896,1,.m4v,H264,480p,23.98,6.28,02:50,Bitmap,TRANSCODE,NO,2020-09-17 09:34,For Whom the Bell Tolls (1943),For Whom the Bell Tolls,,8.0,Passed::(National Board of Review),For Whom the Bell Tolls (1943).m4v,/media/daveg/Lib/Movies/For Whom the Bell Tolls (1943).m4v
97733,1,.m4v,H264,480p,120,6.28,01:54,Text,DIRECT,NO,2020-09-28 09:15,Lethal Weapon 2 (1989),Lethal Weapon 2,,10.0,TV-14,Lethal Weapon 2 (1989).m4v,/media/daveg/Lib/Movies/Lethal Weapon 2 (1989).m4v
70040,1,.m4v,H264,480p,120,6.27,01:38,Bitmap,TRANSCODE,NO,2021-10-01 19:30,"Spirit of the Beehive, The (1973)",The Spirit of the Beehive,,7.9,Not Rated,The Spirit of the Beehive (1973).m4v,/media/daveg/Lib/Movies/The Spirit of the Beehive (1973).m4v
32484,1,.m4v,H264,472p,23.98,6.26,02:00,Bitmap,TRANSCODE,NO,2020-09-17 09:31,Foreign Correspondent (1940),Foreign Correspondent,2016-04-14,8.0,Passed::(National Board of Review),Foreign Correspondent (1940).m4v,/media/daveg/Lib/Movies/Foreign Correspondent (1940).m4v
110308,1,.m4v,H264,480p,29.97,6.26,01:50,Text,DIRECT,NO,2020-09-27 17:05,"Last Seduction, The (1994)",The Last Seduction,,8.0,R,The Last Seduction (1994).m4v,/media/daveg/Lib/Movies/The Last Seduction (1994).m4v
48728,1,.m4v,H264,462p,23.98,6.25,01:46,Text,DIRECT,NO,2020-09-07 12:44,To Catch a Thief (1955),To Catch a Thief,,8.0,Approved,To Catch a Thief (1955).m4v,/media/daveg/Lib/Movies/To Catch a Thief (1955).m4v
756683,1,.m4v,H264,480p,23.98,6.25,01:27,Text,DIRECT,NO,2020-09-29 15:04,"Man from Earth, The (2007)",The Man from Earth,,8.0,Not Rated,The Man from Earth (2007).m4v,/media/daveg/Lib/Movies/The Man from Earth (2007).m4v
23042,1,.m4v,H264,480p,23.98,6.25,01:32,Text,DIRECT,NO,2020-09-21 17:51,I Am a Fugitive from a Chain Gang (1932),I Am a Fugitive from a Chain Gang,,8.0,Passed::(National Board of Review),I Am a Fugitive from a Chain Gang (1932).m4v,/media/daveg/Lib/Movies/I Am a Fugitive from a Chain Gang (1932).m4v
96895,1,.m4v,H264,480p,23.98,6.23,02:06,Text,DIRECT,NO,2021-09-20 20:05,Batman (1989),Batman,2021-10-08,8.0,"TV-14::(DLV, Cartoon Network)",Batman (1989).m4v,/media/daveg/Lib/Movies/Batman (1989).m4v
64276,1,.m4v,H264,464p,120,6.22,01:35,Text,DIRECT,NO,2020-10-01 07:47,Easy Rider (1969),Easy Rider,,7.5,R,Easy Rider (1969).m4v,/media/daveg/Lib/Movies/Easy Rider (1969).m4v
449467,1,.m4v,H264,480p,23.98,6.21,02:23,Text,DIRECT,NO,2020-08-31 18:29,Babel (2006),Babel,,8.0,R,Babel (2006).m4v,/media/daveg/Lib/Movies/Babel (2006).m4v
91480,4,.m4v,H264,364p,23.98,6.20,01:53,Bitmap,TRANSCODE,NO,2020-09-23 16:02,Manon of the Spring (1986),Manon of the Spring,2024-01-23,8.0,PG,Manon of the Spring (1986).m4v,/media/daveg/Lib/Movies/Manon of the Spring (1986).m4v
350258,1,.m4v,H264,460p,120,6.16,02:32,Bitmap,TRANSCODE,NO,2020-10-06 07:19,Ray (2004),Ray,2020-05-12,10.0,TV-14,Ray (2004).m4v,/media/daveg/Lib/Movies/Ray (2004).m4v
74512,1,.m4v,H264,460p,120,6.16,02:00,Bitmap,TRANSCODE,NO,2020-09-15 06:58,Family Plot (1976),Family Plot,,8.0,TV-G::(TV rating),Family Plot (1976).m4v,/media/daveg/Lib/Movies/Family Plot (1976).m4v
47885,1,.m4v,H264,480p,23.98,6.14,01:41,Text,DIRECT,NO,2020-09-02 22:59,Blackboard Jungle (1955),Blackboard Jungle,,8.0,Approved,Blackboard Jungle (1955).m4v,/media/daveg/Lib/Movies/Blackboard Jungle (1955).m4v
38650,1,.m4v,H264,480p,48,6.12,02:10,Bitmap,TRANSCODE,NO,2020-09-09 19:50,It's a Wonderful Life (1946),It's a Wonderful Life,2023-12-25,10.0,TV-G,It's a Wonderful Life (1946).m4v,/media/daveg/Lib/Movies/Christmas/It's a Wonderful Life (1946).m4v
49523,1,.m4v,H264,478p,29.97,6.12,01:45,None,-,NO,2020-10-02 14:00,"Mountain, The (1956)",The Mountain,,8.0,Approved,The Mountain (1956).m4v,/media/daveg/Lib/Movies/The Mountain (1956).m4v
159365,1,.m4v,H264,366p,120,6.11,02:34,Text,DIRECT,NO,2020-09-10 12:57,Cold Mountain (2003),Cold Mountain,,8.0,TV-14::(TV rating),Cold Mountain (2003).m4v,/media/daveg/Lib/Movies/Cold Mountain (2003).m4v
7653254,1,.m4v,H264,480p,23.98,6.10,02:17,Bitmap,TRANSCODE,NO,2020-09-30 08:47,Marriage Story (2019),Marriage Story,2020-08-20,8.0,R,Marriage Story (2019).m4v,/media/daveg/Lib/Movies/Marriage Story (2019).m4v
244316,1,.m4v,H264,470p,29.97,6.09,02:53,Bitmap,TRANSCODE,NO,2020-12-31 17:14,Yi Yi (2000),Yi Yi,,8.2,Not Rated,Yi Yi (2000).m4v,/media/daveg/Lib/Movies/Yi Yi (2000).m4v
68646,1,.m4v,H264,480p,23.98,6.09,02:55,Text,DIRECT,NO,2021-09-15 14:42,"Godfather, The (1972)",The Godfather,2021-09-21,9.0,TV-14,The Godfather (1972).m4v,/media/daveg/Lib/Movies/The Godfather (1972).m4v
363163,1,.m4v,H264,478p,120,6.09,02:36,None,-,NO,2020-09-13 04:54,Downfall (2004),Downfall,,9.0,R,Downfall (2004).m4v,/media/daveg/Lib/Movies/Downfall (2004).m4v
48641,1,.m4v,H264,480p,29.97,6.08,01:49,Bitmap,TRANSCODE,NO,2021-10-08 21:45,Smiles of a Summer Night (1955),Smiles of a Summer Night,2021-11-03,8.5,Not Rated,Smiles of a Summer Night (1955).m4v,/media/daveg/Lib/Movies/Smiles of a Summer Night (1955).m4v
81505,1,.m4v,H264,480p,23.98,6.08,02:26,Text,DIRECT,NO,2020-10-08 11:04,"Shining, The (1980)",The Shining,2020-11-06,8.0,TV-14::(LSV),The Shining (1980).m4v,/media/daveg/Lib/Movies/The Shining (1980).m4v
181689,1,.m4v,H264,356p,120,6.08,02:25,Text,DIRECT,NO,2020-10-01 06:06,Minority Report (2002),Minority Report,2019-07-24,8.5,TV-14::(TV Rating),Minority Report (2002).m4v,/media/daveg/Lib/Movies/Minority Report (2002).m4v
67328,1,.m4v,H264,462p,120,6.07,01:58,Text,DIRECT,NO,2022-07-21 16:56,"Last Picture Show, The (1971)",The Last Picture Show,2014-1-1,8.0,R,The Last Picture Show (1971).m4v,/media/daveg/Lib/Movies/The Last Picture Show (1971).m4v
29192,1,.m4v,H264,446p,120,6.07,01:31,Bitmap,TRANSCODE,NO,2021-10-28 15:34,Make Way for Tomorrow (1937),Make Way for Tomorrow,,8.2,Passed::(National Board of Review),Make Way for Tomorrow (1937).m4v,/media/daveg/Lib/Movies/Make Way for Tomorrow (1937).m4v
1034303,1,.m4v,H264,480p,29.92,6.06,02:17,Text,DIRECT,NO,2020-09-12 05:42,Defiance (2008),Defiance,,8.0,R,Defiance (2008).m4v,/media/daveg/Lib/Movies/Defiance (2008).m4v
290218,1,.m4v,H264,480p,29.97,6.04,01:46,None,-,NO,2020-09-21 19:40,Illusion (2004),Illusion,2016-09-10,8.0,PG-13,Illusion (2004).m4v,/media/daveg/Lib/Movies/Illusion (2004).m4v
241527,1,.m4v,H264,360p,23.98,6.03,02:32,Text,DIRECT,NO,2020-09-05 23:10,Harry Potter and the Sorcerer's Stone (2001),Harry Potter and the Sorcerer's Stone,,10.0,TV-PG::(ABC Family),Harry Potter and the Sorcerer's Stone (2001).m4v,/media/daveg/Lib/Movies/Harry Potter/Harry Potter and the Sorcerer's Stone (2001).m4v
103064,1,.m4v,H264,364p,47.95,6.03,02:17,Text,DIRECT,NO,2020-10-12 09:11,Terminator 2: Judgment Day (1991),Terminator 2: Judgment Day,2021-12-23,10.0,"TV-14::(LV, TV Rating)",Terminator 2- Judgment Day (1991).m4v,/media/daveg/Lib/Movies/Terminator 2- Judgment Day (1991).m4v
331992,1,.m4v,H264,478p,29.97,6.02,01:53,None,-,NO,2020-09-12 11:59,Diana Krall: Live in Paris (2001),Diana Krall: Live in Paris,,8.0,Not Rated,Diana Krall- Live in Paris (2001).m4v,/media/daveg/Lib/Movies/Diana Krall- Live in Paris (2001).m4v
78788,1,.m4v,H264,432p,59.94,6.02,02:27,Text,DIRECT,NO,2020-08-30 14:36,Apocalypse Now (1979),Apocalypse Now,,9.0,"TV-14::(LV, TV Rating.)",Apocalypse Now (1979).m4v,/media/daveg/Lib/Movies/Apocalypse Now (1979).m4v
408306,1,.m4v,H264,362p,23.98,6.01,02:44,Bitmap,TRANSCODE,NO,2020-11-25 19:34,Munich (2005),Munich,2020-11-28,7.5,"TV-14::(DLSV,TV Rating.)",Munich (2005).m4v,/media/daveg/Lib/Movies/Munich (2005).m4v
455824,1,.m4v,H264,368p,23.98,6.01,02:45,Text,DIRECT,NO,2020-08-31 09:49,Australia (2008),Australia,2018-09-19,7.5,PG-13,Australia (2008).m4v,/media/daveg/Lib/Movies/Australia (2008).m4v
93773,1,.m4v,H264,464p,23.98,6.00,01:47,Text,DIRECT,NO,2021-12-23 10:51,Predator (1987),Predator,2021-12-23,8.0,TV-MA::(IFC rating),Predator (1987).m4v,/media/daveg/Lib/Movies/Predator (1987).m4v
212720,1,.m4v,H264,480p,29.97,6.00,02:26,Text,DIRECT,NO,2021-10-14 22:58,A.I. Artificial Intelligence (2001),A.I. Artificial Intelligence,,7.2,TV-14::(DLSV),A.I. Artificial Intelligence (2001).m4v,/media/daveg/Lib/Movies/A.I. Artificial Intelligence (2001).m4v
165832,1,.m4v,H264,480p,29.97,5.98,01:56,Text,DIRECT,NO,2020-09-22 12:45,Interstate 60 (2002),Interstate 60,2016-08-29,8.0,R,Interstate 60 (2002).m4v,/media/daveg/Lib/Movies/Interstate 60 (2002).m4v
2125435,1,.m4v,H264,462p,23.98,5.98,01:33,Text,DIRECT,NO,2020-10-21 06:33,Beasts of the Southern Wild (2012),Beasts of the Southern Wild,2020-11-02,8.0,PG-13,Beasts of the Southern Wild (2012).m4v,/media/daveg/Lib/Movies/Beasts of the Southern Wild (2012).m4v
81974,1,.m4v,H264,480p,120,5.97,01:56,Text,DIRECT,NO,2021-02-10 20:03,Absence of Malice (1981),Absence of Malice,2021-02-16,7.5,PG,Absence of Malice (1981).m4v,/media/daveg/Lib/Movies/Absence of Malice (1981).m4v
108052,1,.m4v,H264,460p,120,5.96,03:15,Bitmap,TRANSCODE,NO,2020-10-07 15:49,Schindler's List (1993),Schindler's List,2016-01-20,9.5,R::(No. 32781),Schindler's List (1993) 1.m4v,/media/daveg/Lib/Movies/Schindler's List (1993) 1.m4v
44008,1,.m4v,H264,480p,59.94,5.96,01:26,None,-,NO,2020-09-09 14:38,"Christmas Carol, A (1951)",A Christmas Carol,,8.0,Not Rated,A Christmas Carol (1951).m4v,/media/daveg/Lib/Movies/Christmas/A Christmas Carol (1951).m4v
304141,1,.m4v,H264,480p,23.98,5.96,02:22,Text,DIRECT,NO,2020-09-06 05:49,Harry Potter and the Prisoner of Azkaban (2004),Harry Potter and the Prisoner of Azkaban,,10.0,TV-PG::(V),Harry Potter and the Prisoner of Azkaban (2004).m4v,/media/daveg/Lib/Movies/Harry Potter/Harry Potter and the Prisoner of Azkaban (2004).m4v
112681,1,.m4v,H264,480p,23.98,5.96,01:45,Text,DIRECT,NO,2020-09-10 06:52,Citizen X (1995),Citizen X,2016-02-20,8.5,R,Citizen X (1995).m4v,/media/daveg/Lib/Movies/Citizen X (1995).m4v
45112,1,.m4v,H264,472p,23.98,5.96,02:28,Bitmap,TRANSCODE,NO,2021-10-01 19:41,"Life of Oharu, The (1952)",The Life of Oharu,,8.1,Not Rated,The Life of Oharu (1952).m4v,/media/daveg/Lib/Movies/The Life of Oharu (1952).m4v
90830,1,.m4v,H264,480p,23.98,5.96,01:59,Bitmap,TRANSCODE,NO,2021-09-21 14:03,Children of a Lesser God (1986),Children of a Lesser God,,7.5,R,Children of a Lesser God (1986).m4v,/media/daveg/Lib/Movies/Children of a Lesser God (1986).m4v
1477834,1,.m4v,H264,480p,23.98,5.93,02:23,Bitmap,TRANSCODE,NO,2020-08-30 17:17,Aquaman (2018),Aquaman,2019-05-13,9.0,PG-13,Aquaman (2018).m4v,/media/daveg/Lib/Movies/Aquaman (2018).m4v
112384,1,.m4v,H264,356p,24.08,5.92,02:20,Bitmap,TRANSCODE,NO,2020-09-24 08:44,Apollo 13 (1995),Apollo 13,2019-07-19,10.0,PG,Apollo 13 (1995).m4v,/media/daveg/Lib/Movies/Apollo 13 (1995).m4v
246460,1,.m4v,H264,480p,23.98,5.92,02:13,Text,DIRECT,NO,2020-12-08 19:55,Die Another Day (2002),Die Another Day,2020-12-15,8.0,PG-13,Die Another Day (2002).m4v,/media/daveg/Lib/Movies/Die Another Day (2002).m4v
55928,1,.m4v,H264,480p,23.98,5.92,01:50,Text,DIRECT,NO,2020-09-13 15:08,Dr. No (1962),Dr. No,,8.0,TV-PG::(TV Rating),Dr. No (1962).m4v,/media/daveg/Lib/Movies/James Bond 007/Dr. No (1962).m4v
469494,1,.m4v,H264,360p,23.98,5.92,02:38,Text,DIRECT,NO,2020-10-12 12:07,There Will Be Blood (2007),There Will Be Blood,,10.0,R,There Will Be Blood (2007).m4v,/media/daveg/Lib/Movies/There Will Be Blood (2007).m4v
66301,1,.m4v,H264,480p,23.98,5.91,01:54,Text,DIRECT,NO,2020-10-06 20:00,Rio Lobo (1970),Rio Lobo,,8.0,Passed::(National Board of Review),Rio Lobo (1970).m4v,/media/daveg/Lib/Movies/Rio Lobo (1970).m4v
97958,1,.m4v,H264,480p,24.08,5.91,01:37,Text,DIRECT,NO,2020-09-09 20:58,National Lampoon's Christmas Vacation (1989),National Lampoon's Christmas Vacation,2023-12-25,7.6,TV-MA::(AMC),National Lampoon's Christmas Vacation (1989).m4v,/media/daveg/Lib/Movies/Christmas/National Lampoon's Christmas Vacation (1989).m4v
72926,1,.m4v,H264,258p,23.98,5.91,02:09,Bitmap,TRANSCODE,NO,2020-09-14 04:26,"Eiger Sanction, The (1975)",The Eiger Sanction,2024-01-08,10.0,Approved,The Eiger Sanction (1975).m4v,/media/daveg/Lib/Movies/The Eiger Sanction (1975).m4v
338751,1,.m4v,H264,368p,23.98,5.90,02:50,Text,DIRECT,NO,2020-08-31 18:07,"Aviator, The (2004)",The Aviator,2005-11-14,8.0,PG-13,The Aviator (2004).m4v,/media/daveg/Lib/Movies/The Aviator (2004).m4v
765429,1,.m4v,H264,460p,23.98,5.88,02:37,Bitmap,TRANSCODE,NO,2020-08-29 19:52,American Gangster (2007),American Gangster,,8.0,R,American Gangster (2007).m4v,/media/daveg/Lib/Movies/American Gangster (2007).m4v
195685,1,.m4v,H264,460p,23.98,5.88,02:11,Bitmap,TRANSCODE,NO,2020-09-14 14:18,Erin Brockovich (2000),Erin Brockovich,2019-03-13,8.0,TV-PG,Erin Brockovich (2000).m4v,/media/daveg/Lib/Movies/Erin Brockovich (2000).m4v
325710,1,.m4v,H264,358p,23.98,5.87,02:34,Text,DIRECT,NO,2020-09-27 16:51,"Last Samurai, The (2003)",The Last Samurai,,10.0,R,The Last Samurai (2003).m4v,/media/daveg/Lib/Movies/The Last Samurai (2003).m4v
101921,1,.m4v,H264,462p,120,5.87,02:10,Bitmap,TRANSCODE,NO,2020-09-17 22:16,Fried Green Tomatoes (1991),Fried Green Tomatoes,,8.0,PG-13,Fried Green Tomatoes (1991).m4v,/media/daveg/Lib/Movies/Fried Green Tomatoes (1991).m4v
134119,1,.m4v,H264,480p,23.98,5.86,02:19,Text,DIRECT,NO,2020-10-03 06:51,"Talented Mr. Ripley, The (1999)",The Talented Mr. Ripley,2024-09-25,8.5,R,The Talented Mr. Ripley (1999).m4v,/media/daveg/Lib/Movies/The Talented Mr. Ripley (1999).m4v
218839,1,.m4v,H264,480p,23.98,5.85,01:30,Text,DIRECT,NO,2021-11-04 18:30,Best in Show (2000),Best in Show,2021-11-11,7.5,PG-13,Best in Show (2000).m4v,/media/daveg/Lib/Movies/Best in Show (2000).m4v
265651,1,.m4v,H264,464p,47.95,5.83,01:50,Text,DIRECT,NO,2020-10-06 19:55,Ripley's Game (2002),Ripley's Game,2019-12-08,9.0,R,Ripley's Game (2002).m4v,/media/daveg/Lib/Movies/Ripley's Game (2002).m4v
116905,1,.m4v,H264,334p,23.98,5.82,02:15,Text,DIRECT,NO,2020-09-28 16:55,Lone Star (1996),Lone Star,2016-08-29,8.0,R,Lone Star (1996).m4v,/media/daveg/Lib/Movies/Lone Star (1996).m4v
62622,1,.m4v,H264,402p,47.95,5.80,02:29,Text,DIRECT,NO,2021-09-16 22:18,2001: A Space Odyssey (1968),2001: A Space Odyssey,2021-10-08,8.3,TV-PG::(TV rating),2001- A Space Odyssey (1968).m4v,/media/daveg/Lib/Movies/2001- A Space Odyssey (1968).m4v
112573,1,.m4v,H264,360p,23.98,5.80,02:58,Text,DIRECT,NO,2020-09-04 05:56,Braveheart (1995),Braveheart,,10.0,TV-MA::(IFC rating),Braveheart (1995).m4v,/media/daveg/Lib/Movies/Braveheart (1995).m4v
65126,1,.m4v,H264,480p,23.98,5.79,02:08,Text,DIRECT,NO,2020-10-13 09:46,True Grit (1969),True Grit,2021-11-01,10.0,TV-14,True Grit (1969).m4v,/media/daveg/Lib/Movies/True Grit (1969).m4v
107818,1,.m4v,H264,480p,29.97,5.79,02:05,Text,DIRECT,NO,2020-10-11 15:05,Philadelphia (1993),Philadelphia,2020-10-11,10.0,"TV-14::(DL, TV Rating.)",Philadelphia (1993).m4v,/media/daveg/Lib/Movies/Philadelphia (1993).m4v
41996,1,.m4v,H264,480p,23.98,5.79,02:12,Text,DIRECT,NO,2020-10-13 15:02,Twelve O'Clock High (1949),Twelve O'Clock High,,10.0,Not Rated::(DVD Rating),Twelve O'Clock High (1949).m4v,/media/daveg/Lib/Movies/Twelve O'Clock High (1949).m4v
1555149,1,.m4v,H264,480p,29.97,5.78,01:55,None,-,NO,2020-09-14 05:43,Elite Squad 2: The Enemy Within (2010),Elite Squad 2: The Enemy Within,2016-06-01,8.0,Not Rated,Elite Squad 2- The Enemy Within (2010).m4v,/media/daveg/Lib/Movies/Elite Squad 2- The Enemy Within (2010).m4v
50086,1,.m4v,H264,472p,120,5.77,01:32,Text,DIRECT,NO,2020-10-12 18:12,3:10 to Yuma (1957),3:10 to Yuma,2023-11-14,7.7,Not Rated,3-10 to Yuma (1957).m4v,/media/daveg/Lib/Movies/3-10 to Yuma (1957).m4v
60934,1,.m4v,H264,366p,23.98,5.76,03:02,Text,DIRECT,NO,2022-01-27 23:13,"Sand Pebbles, The (1966)",The Sand Pebbles,2022-05-21,7.6,Approved,The Sand Pebbles (1966).m4v,/media/daveg/Lib/Movies/The Sand Pebbles (1966).m4v
903657,1,.m4v,H264,480p,30,5.75,02:01,Text,DIRECT,NO,2020-09-29 04:41,Love & Mercy (2014),Love & Mercy,2015-11-29,7.5,PG-13,Love & Mercy (2014).m4v,/media/daveg/Lib/Movies/Love & Mercy (2014).m4v
78346,1,.m4v,H264,366p,23.98,5.75,02:23,Text,DIRECT,NO,2021-10-20 18:33,Superman (1978),Superman,2021-10-20,8.0,TV-PG::(LV),Superman (1978).m4v,/media/daveg/Lib/Movies/Superman (1978).m4v
57840,1,.m4v,H264,480p,23.98,5.74,01:55,Text,DIRECT,NO,2020-08-30 05:45,"Americanization of Emily, The (1964)",The Americanization of Emily,,8.0,TV-PG::(TV Rating),The Americanization of Emily (1964).m4v,/media/daveg/Lib/Movies/The Americanization of Emily (1964).m4v
97722,0,.m4v,H264,480p,23.98,5.73,01:48,Text,DIRECT,NO,2022-01-06 11:43,Lean on Me (1989),Lean on Me,2024-01-23,7.4,"TV-14::(DLV, TV Rating.)",Lean on Me (1989).m4v,/media/daveg/Lib/Movies/Lean on Me (1989).m4v
63811,1,.m4v,H264,480p,23.98,5.72,01:48,Text,DIRECT,NO,2020-10-15 05:11,Will Penny (1968),Will Penny,,8.0,Approved,Will Penny (1968).m4v,/media/daveg/Lib/Movies/Will Penny (1968).m4v
93137,1,.m4v,H264,480p,29.97,5.71,01:50,Text,DIRECT,NO,2020-09-19 15:06,Hamburger Hill (1987),Hamburger Hill,2024-01-08,7.5,R,Hamburger Hill (1987).m4v,/media/daveg/Lib/Movies/Hamburger Hill (1987).m4v
83658,1,.m4v,H264,348p,23.98,5.71,01:57,Text,DIRECT,NO,2020-09-03 03:59,Blade Runner (1982),Blade Runner,,8.0,R,Blade Runner (1982).m4v,/media/daveg/Lib/Movies/Blade Runner (1982).m4v
382330,1,.m4v,H264,466p,29.97,5.69,02:13,None,-,NO,2020-08-31 04:45,As It Is in Heaven (2004),As It Is in Heaven,2010-11-25,8.0,Not Rated,As It Is in Heaven (2004).m4v,/media/daveg/Lib/Movies/As It Is in Heaven (2004).m4v
59742,1,.m4v,H264,392p,23.98,5.68,02:52,Text,DIRECT,NO,2021-02-06 16:01,"Sound of Music, The (1965)",The Sound of Music,2021-02-19,8.0,G,The Sound of Music (1965).m4v,/media/daveg/Lib/Movies/The Sound of Music (1965).m4v
1229360,1,.m4v,H264,472p,29.97,5.67,01:38,Bitmap,TRANSCODE,NO,2020-09-22 21:16,It Might Get Loud (2008),It Might Get Loud,2020-02-15,9.0,PG,It Might Get Loud (2008).m4v,/media/daveg/Lib/Movies/It Might Get Loud (2008).m4v
389557,1,.m4v,H264,362p,23.98,5.66,02:25,Bitmap,TRANSCODE,NO,2020-09-02 17:24,Black Book (2006),Black Book,,8.0,R,Black Book (2006).m4v,/media/daveg/Lib/Movies/Black Book (2006).m4v
1343092,1,.m4v,H264,360p,23.98,5.66,02:23,Bitmap,TRANSCODE,NO,2020-09-19 13:53,"Great Gatsby, The (2013)",The Great Gatsby,2019-06-25,7.5,PG-13,The Great Gatsby (2013).m4v,/media/daveg/Lib/Movies/The Great Gatsby (2013).m4v
34583,1,.m4v,H264,480p,24,5.64,01:42,Text,DIRECT,NO,2020-09-07 09:23,Casablanca (1942),Casablanca,2019-08-01,10.0,TV-PG::(TV rating),Casablanca (1942).m4v,/media/daveg/Lib/Movies/Casablanca (1942).m4v
56218,1,.m4v,H264,480p,120,5.64,02:06,Text,DIRECT,NO,2020-09-30 00:08,"Manchurian Candidate, The (1962)",The Manchurian Candidate,,8.0,PG-13,The Manchurian Candidate (1962).m4v,/media/daveg/Lib/Movies/The Manchurian Candidate (1962).m4v
989618,1,.m4v,H264,478p,29.97,5.64,01:32,Text,DIRECT,NO,2020-09-02 04:09,Beyond Belief (2006),Beyond Belief,,8.0,Not Rated,Beyond Belief (2006).m4v,/media/daveg/Lib/Movies/Beyond Belief (2006).m4v
33870,1,.m4v,H264,480p,47.95,5.63,01:40,Text,DIRECT,NO,2020-11-24 15:15,"Maltese Falcon, The (1941)",The Maltese Falcon,2020-11-30,9.0,Passed::(National Board of Review),The Maltese Falcon (1941).m4v,/media/daveg/Lib/Movies/The Maltese Falcon (1941).m4v
1441912,1,.m4v,H264,460p,23.98,5.63,02:03,Text,DIRECT,NO,2020-10-14 13:35,"Way, The (2010)",The Way,2019-04-26,10.0,PG-13,The Way (2010).m4v,/media/daveg/Lib/Movies/The Way (2010).m4v
48233,1,.m4v,H264,336p,120,5.62,01:40,Text,DIRECT,NO,2020-09-24 05:20,Jubal (1956),Jubal,,8.0,Passed::(National Board of Review),Jubal (1956).m4v,/media/daveg/Lib/Movies/Jubal (1956).m4v
99685,1,.m4v,H264,480p,23.98,5.62,02:25,Text,DIRECT,NO,2020-09-19 06:16,Goodfellas (1990),Goodfellas,,9.0,18+::(Common Sense Media),Goodfellas (1990).m4v,/media/daveg/Lib/Movies/Goodfellas (1990).m4v
117631,1,.m4v,H264,456p,23.98,5.59,01:45,Text,DIRECT,NO,2020-10-08 09:56,Shine (1996),Shine,,8.0,PG-13,Shine (1996).m4v,/media/daveg/Lib/Movies/Shine (1996).m4v
103247,1,.m4v,H264,480p,29.97,5.59,01:47,Text,DIRECT,NO,2020-10-14 22:08,White Fang (1991),White Fang,,10.0,TV-G,White Fang (1991).m4v,/media/daveg/Lib/Movies/White Fang (1991).m4v
36377,1,.m4v,H264,480p,23.98,5.59,02:36,Text,DIRECT,NO,2020-10-08 21:49,"Song of Bernadette, The (1943)",The Song of Bernadette,,9.0,TV-G,The Song of Bernadette (1943).m4v,/media/daveg/Lib/Movies/The Song of Bernadette (1943).m4v
119488,1,.m4v,H264,360p,23.98,5.58,02:18,Text,DIRECT,NO,2023-04-19 21:35,L.A. Confidential (1997),L.A. Confidential,2023-04-26,8.5,"TV-14::(LSV, TV Rating.)",L.A. Confidential (1997).m4v,/media/daveg/Lib/Movies/L.A. Confidential (1997).m4v
34248,1,.m4v,H264,480p,23.98,5.57,01:39,Text,DIRECT,NO,2020-10-11 21:02,Suspicion (1941),Suspicion,,8.0,Approved,Suspicion (1941).m4v,/media/daveg/Lib/Movies/Suspicion (1941).m4v
71853,1,.m4v,H264,472p,29.97,5.56,01:31,Text,DIRECT,NO,2020-10-02 06:47,Monty Python and the Holy Grail (1975),Monty Python and the Holy Grail,,10.0,TV-PG::(DLSV),Monty Python and the Holy Grail (1975) Part 1.m4v,/media/daveg/Lib/Movies/Monty Python and the Holy Grail (1975) Part 1.m4v
386792,1,.m4v,H264,480p,29.97,5.56,01:50,Text,DIRECT,NO,2020-10-08 21:09,Something the Lord Made (2004),Something the Lord Made,2022-06-08,9.0,TV-PG,Something the Lord Made (2004).m4v,/media/daveg/Lib/Movies/Something the Lord Made (2004).m4v
29284,1,.m4v,H264,480p,23.98,5.55,01:28,Text,DIRECT,NO,2020-10-02 19:56,My Favorite Wife (1940),My Favorite Wife,,7.5,Passed::(National Board of Review),My Favorite Wife (1940).m4v,/media/daveg/Lib/Movies/My Favorite Wife (1940).m4v
41386,1,.m4v,H264,478p,23.98,5.55,01:54,Text,DIRECT,NO,2020-09-17 15:02,"Fountainhead, The (1949)",The Fountainhead,,8.0,Approved,The Fountainhead (1949).m4v,/media/daveg/Lib/Movies/The Fountainhead (1949).m4v
73092,1,.m4v,H264,480p,120,5.55,01:33,Text,DIRECT,NO,2020-09-19 17:08,Hard Times (1975),Hard Times,2018-10-06,7.5,PG,Hard Times (1975).m4v,/media/daveg/Lib/Movies/Hard Times (1975).m4v
268126,1,.m4v,H264,464p,120,5.54,01:55,Text,DIRECT,NO,2020-08-28 20:10,Adaptation. (2002),Adaptation.,2015-08-30,8.0,R,Adaptation. (2002).m4v,/media/daveg/Lib/Movies/Adaptation. (2002).m4v
118884,1,.m4v,H264,360p,24.08,5.53,02:30,Text,DIRECT,NO,2020-09-10 19:14,Contact (1997),Contact,2024-06-06,10.0,PG,Contact (1997).m4v,/media/daveg/Lib/Movies/Contact (1997).m4v
373283,1,.m4v,H264,466p,23.98,5.53,01:30,Text,DIRECT,NO,2020-10-07 12:04,Saints and Soldiers (2003),Saints and Soldiers,,8.0,PG-13,Saints and Soldiers (2003).m4v,/media/daveg/Lib/Movies/Saints and Soldiers (2003).m4v
91763,1,.m4v,H264,466p,120,5.53,02:00,Text,DIRECT,NO,2020-10-05 13:22,Platoon (1986),Platoon,,9.0,TV-14::(DLV),Platoon (1986).m4v,/media/daveg/Lib/Movies/Platoon (1986).m4v
99348,1,.m4v,H264,366p,120,5.53,03:01,Text,DIRECT,NO,2020-09-11 14:53,Dances with Wolves (1990),Dances with Wolves,,10.0,TV-PG::(LV),Dances with Wolves (1990) Side A.m4v,/media/daveg/Lib/Movies/Dances with Wolves (1990) Side A.m4v
30341,1,.m4v,H264,480p,23.98,5.53,01:36,None,-,NO,2020-09-27 12:57,"Lady Vanishes, The (1938)",The Lady Vanishes,,8.0,TV-PG,The Lady Vanishes (1938).m4v,/media/daveg/Lib/Movies/The Lady Vanishes (1938).m4v
264464,1,.m4v,H264,480p,120,5.51,02:21,Text,DIRECT,NO,2020-09-07 13:01,Catch Me If You Can (2002),Catch Me If You Can,,10.0,PG-13,Catch Me If You Can (2002).m4v,/media/daveg/Lib/Movies/Catch Me If You Can (2002).m4v
42005,1,.m4v,H264,480p,23.98,5.51,01:26,Text,DIRECT,NO,2022-08-05 06:28,Under My Skin (1950),Under My Skin,2022-08-15,8.0,TV-PG::(TV Rating),Under My Skin (1950).m4v,/media/daveg/Lib/Movies/Under My Skin (1950).m4v
3833480,1,.m4v,H264,462p,23.98,5.48,02:03,Text,DIRECT,NO,2020-12-02 18:56,"Outpost, The (2020)",The Outpost,2020-12-06,7.5,R,The Outpost (2020).m4v,/media/daveg/Lib/Movies/The Outpost (2020).m4v
1727388,1,.m4v,H264,472p,23.98,5.48,01:43,Text,DIRECT,NO,2020-10-14 13:49,"Way Way Back, The (2013)",The Way Way Back,2016-08-24,7.5,PG-13,The Way Way Back (2013).m4v,/media/daveg/Lib/Movies/The Way Way Back (2013).m4v
395461,1,.m4v,H264,470p,29.97,5.48,01:36,Bitmap,TRANSCODE,NO,2020-08-31 18:28,Bab'Aziz: The Prince That Contemplated His Soul (2005),Bab'Aziz: The Prince That Contemplated His Soul,,8.0,Not Rated,Bab'Aziz- The Prince That Contemplated His Soul (2005).m4v,/media/daveg/Lib/Movies/Bab'Aziz- The Prince That Contemplated His Soul (2005).m4v
207805,1,.m4v,H264,480p,29.97,5.48,01:29,Text,DIRECT,NO,2020-10-13 11:20,Tuesdays with Morrie (1999),Tuesdays with Morrie,,8.0,TV-G,Tuesdays with Morrie (1999).m4v,/media/daveg/Lib/Movies/Tuesdays with Morrie (1999).m4v
947798,1,.m4v,H264,360p,23.98,5.47,01:48,Text,DIRECT,NO,2020-09-02 19:50,Black Swan (2010),Black Swan,2011-01-05,9.0,R,Black Swan (2010).m4v,/media/daveg/Lib/Movies/Black Swan (2010).m4v
113277,1,.m4v,H264,362p,120,5.47,02:50,Text,DIRECT,NO,2020-09-19 20:25,Heat (1995),Heat,,9.0,TV-14::(LV),Heat (1995).m4v,/media/daveg/Lib/Movies/Heat (1995).m4v
1392190,1,.m4v,H264,360p,23.98,5.46,02:00,Bitmap,TRANSCODE,NO,2020-10-30 16:08,Mad Max: Fury Road (2015),Mad Max: Fury Road,2020-11-16,8.1,TV-14::(DLV),Mad Max- Fury Road (2015).m4v,/media/daveg/Lib/Movies/Mad Max- Fury Road (2015).m4v
115685,1,.m4v,H264,480p,23.98,5.45,01:57,Text,DIRECT,NO,2020-09-02 11:39,"Birdcage, The (1996)",The Birdcage,,8.0,R,The Birdcage (1996).m4v,/media/daveg/Lib/Movies/The Birdcage (1996).m4v
68762,1,.m4v,H264,362p,47.95,5.44,01:48,Text,DIRECT,NO,2020-09-23 13:18,Jeremiah Johnson (1972),Jeremiah Johnson,,9.0,GP,Jeremiah Johnson (1972).m4v,/media/daveg/Lib/Movies/Jeremiah Johnson (1972).m4v
172495,1,.m4v,H264,366p,120,5.44,02:35,Text,DIRECT,NO,2020-09-18 18:54,Gladiator (2000),Gladiator,,10.0,TV-14,Gladiator (2000).m4v,/media/daveg/Lib/Movies/Gladiator (2000).m4v
42619,1,.m4v,H264,478p,47.95,5.43,01:55,Bitmap,TRANSCODE,NO,2021-10-19 19:34,Diary of a Country Priest (1951),Diary of a Country Priest,,7.9,Not Rated,Diary of a Country Priest (1951).m4v,/media/daveg/Lib/Movies/Diary of a Country Priest (1951).m4v
60748,1,.m4v,H264,362p,23.98,5.42,02:08,Text,DIRECT,NO,2020-10-03 08:33,Nevada Smith (1966),Nevada Smith,,6.0,TV-14,Nevada Smith (1966).m4v,/media/daveg/Lib/Movies/Nevada Smith (1966).m4v
1013753,1,.m4v,H264,460p,120,5.42,02:08,Bitmap,TRANSCODE,NO,2020-10-01 05:29,Milk (2008),Milk,,8.0,R,Milk (2008).m4v,/media/daveg/Lib/Movies/Milk (2008).m4v
1226774,1,.m4v,H264,466p,23.98,5.41,01:46,Bitmap,TRANSCODE,NO,2020-09-21 22:42,In the Loop (2009),In the Loop,,8.0,Not Rated,In the Loop (2009).m4v,/media/daveg/Lib/Movies/In the Loop (2009).m4v
813547,1,.m4v,H264,464p,23.98,5.41,01:39,Bitmap,TRANSCODE,NO,2020-09-11 06:49,"Counterfeiters, The (2007)",The Counterfeiters,2014-08-24,8.0,R::(certificate # 43573),The Counterfeiters (2007).m4v,/media/daveg/Lib/Movies/The Counterfeiters (2007).m4v
58150,1,.m4v,H264,480p,23.98,5.40,01:50,Text,DIRECT,NO,2020-09-13 13:24,Goldfinger (1964),Goldfinger,,8.0,Approved,Goldfinger (1964).m4v,/media/daveg/Lib/Movies/James Bond 007/Goldfinger (1964).m4v
53221,1,.m4v,H264,478p,23.98,5.40,02:21,Text,DIRECT,NO,2020-10-06 16:46,Rio Bravo (1959),Rio Bravo,,8.0,Passed::(National Board of Review),Rio Bravo (1959).m4v,/media/daveg/Lib/Movies/Rio Bravo (1959).m4v
1663202,1,.m4v,H264,364p,23.98,5.40,02:36,Text,DIRECT,NO,2020-10-06 14:26,"Revenant, The (2015)",The Revenant,2019-05-21,9.5,R,The Revenant (2015).m4v,/media/daveg/Lib/Movies/The Revenant (2015).m4v
471834,1,.m4v,H264,472p,23.98,5.39,01:53,Bitmap,TRANSCODE,NO,2020-10-03 07:25,Nana (2005),Nana,,8.0,Not Rated,Nana (2005).m4v,/media/daveg/Lib/Movies/Nana (2005).m4v
116282,1,.m4v,H264,468p,120,5.39,01:38,Text,DIRECT,NO,2020-09-15 12:29,Fargo (1996),Fargo,,8.0,"TV-14::(LSV, TV rating)",Fargo (1996).m4v,/media/daveg/Lib/Movies/Fargo (1996).m4v
914797,1,.m4v,H264,360p,23.98,5.38,01:50,Text,DIRECT,NO,2020-10-24 21:27,Bottle Shock (2008),Bottle Shock,2020-10-28,7.0,PG-13,Bottle Shock (2008).m4v,/media/daveg/Lib/Movies/Bottle Shock (2008).m4v
88847,1,.m4v,H264,462p,120,5.38,01:37,Bitmap,TRANSCODE,NO,2020-10-19 14:10,"Breakfast Club, The (1985)",The Breakfast Club,2020-10-19,8.5,TV-MA::(L),The Breakfast Club (1985).m4v,/media/daveg/Lib/Movies/The Breakfast Club (1985).m4v
66921,1,.m4v,H264,478p,23.98,5.38,02:16,Bitmap,TRANSCODE,NO,2021-10-29 17:06,"Clockwork Orange, A (1971)",A Clockwork Orange,,8.3,TV-MA::(LSV),A Clockwork Orange (1971).m4v,/media/daveg/Lib/Movies/A Clockwork Orange (1971).m4v
32138,1,.m4v,H264,480p,47.95,5.36,01:42,Text,DIRECT,NO,2020-10-15 08:06,"Wizard of Oz, The (1939)",The Wizard of Oz,,10.0,Passed::(National Board of Review),The Wizard of Oz (1939).m4v,/media/daveg/Lib/Movies/The Wizard of Oz (1939).m4v
97165,1,.m4v,H264,344p,47.95,5.36,02:08,Text,DIRECT,NO,2020-09-11 22:36,Dead Poets Society (1989),Dead Poets Society,2021-10-27,8.0,PG,Dead Poets Society (1989).m4v,/media/daveg/Lib/Movies/Dead Poets Society (1989).m4v
87277,1,.m4v,H264,480p,23.98,5.34,01:47,Text,DIRECT,NO,2020-09-17 05:53,Footloose (1984),Footloose,,8.0,TV-PG,Footloose (1984).m4v,/media/daveg/Lib/Movies/Footloose (1984).m4v
993789,1,.m4v,H264,368p,120,5.34,02:32,Bitmap,TRANSCODE,NO,2020-09-09 11:04,"Christmas Tale, A (2008)",A Christmas Tale,,8.0,Not Rated,A Christmas Tale (2008).m4v,/media/daveg/Lib/Movies/Christmas/A Christmas Tale (2008).m4v
64665,1,.m4v,H264,472p,29.97,5.34,01:53,Text,DIRECT,NO,2020-09-30 21:32,Midnight Cowboy (1969),Midnight Cowboy,,10.0,TV-MA::(TV rating),Midnight Cowboy (1969).m4v,/media/daveg/Lib/Movies/Midnight Cowboy (1969).m4v
1057500,1,.m4v,H264,356p,23.98,5.34,02:14,Bitmap,TRANSCODE,NO,2020-09-22 16:11,Invictus (2009),Invictus,2021-07-29,8.0,PG-13,Invictus (2009).m4v,/media/daveg/Lib/Movies/Invictus (2009).m4v
54047,1,.m4v,H264,368p,23.98,5.33,02:08,Text,DIRECT,NO,2020-09-29 13:19,"Magnificent Seven, The (1960)",The Magnificent Seven,,8.0,Approved,The Magnificent Seven (1960).m4v,/media/daveg/Lib/Movies/The Magnificent Seven (1960).m4v
375063,1,.m4v,H264,464p,23.98,5.32,02:07,Text,DIRECT,NO,2020-10-08 14:03,Sideways (2004),Sideways,,8.0,R,Sideways (2004).m4v,/media/daveg/Lib/Movies/Sideways (2004).m4v
61619,1,.m4v,H264,480p,23.98,5.32,02:06,Text,DIRECT,NO,2020-09-14 05:48,"Dorado, El (1966)",El Dorado,2021-07-29,10.0,Passed::(National Board of Review),El Dorado (1966).m4v,/media/daveg/Lib/Movies/El Dorado (1966).m4v
138097,1,.m4v,H264,372p,23.98,5.31,02:03,Text,DIRECT,NO,2020-10-08 07:40,Shakespeare in Love (1998),Shakespeare in Love,,9.0,R,Shakespeare in Love (1998).m4v,/media/daveg/Lib/Movies/Shakespeare in Love (1998).m4v
295297,1,.m4v,H264,364p,23.98,5.31,02:41,Text,DIRECT,NO,2020-09-05 23:09,Harry Potter and the Chamber of Secrets (2002),Harry Potter and the Chamber of Secrets,,10.0,TV-PG::(ABC Family),Harry Potter and the Chamber of Secrets (2002).m4v,/media/daveg/Lib/Movies/Harry Potter/Harry Potter and the Chamber of Secrets (2002).m4v
85478,1,.m4v,H264,462p,120,5.31,01:50,Text,DIRECT,NO,2020-09-13 23:42,Educating Rita (1983),Educating Rita,2017-12-13,10.0,PG,Educating Rita (1983).m4v,/media/daveg/Lib/Movies/Educating Rita (1983).m4v
51028,1,.m4v,H264,364p,23.98,5.31,02:10,Text,DIRECT,NO,2022-08-05 05:48,"Sun Also Rises, The (1957)",The Sun Also Rises,,6.2,TV-PG::(TV Rating),The Sun Also Rises (1957).m4v,/media/daveg/Lib/Movies/The Sun Also Rises (1957).m4v
216621,1,.m4v,H264,480p,23.98,5.31,01:35,Text,DIRECT,NO,2020-09-09 20:19,"Christmas Carol, A (1999)",A Christmas Carol,,8.0,TV-PG,A Christmas Carol (1999).m4v,/media/daveg/Lib/Movies/Christmas/A Christmas Carol (1999).m4v
903624,1,.m4v,H264,360p,23.98,5.31,02:49,Bitmap,TRANSCODE,NO,2020-09-20 19:43,"Hobbit: An Unexpected Journey, The (2012)",The Hobbit: An Unexpected Journey,2020-12-27,10.0,PG-13,The Hobbit- An Unexpected Journey (2012).m4v,/media/daveg/Lib/Movies/The Hobbit- An Unexpected Journey (2012).m4v
145487,1,.m4v,H264,480p,120,5.30,02:01,Text,DIRECT,NO,2020-10-09 07:08,Spider-Man (2002),Spider-Man,,9.0,TV-PG::(LV),Spider-Man (2002).m4v,/media/daveg/Lib/Movies/Spider-Man (2002).m4v
140888,1,.m4v,H264,360p,29.97,5.30,01:50,None,-,NO,2020-09-07 12:57,Central Station (1998),Central Station,,8.0,R,Central Station (1998).m4v,/media/daveg/Lib/Movies/Central Station (1998).m4v
112579,1,.m4v,H264,480p,-,5.29,02:15,Bitmap,TRANSCODE,NO,2020-09-05 21:36,"Bridges of Madison County, The (1995)",The Bridges of Madison County,2017-02-19,7.5,TV-14::(LS),The Bridges of Madison County (1995).m4v,/media/daveg/Lib/Movies/The Bridges of Madison County (1995).m4v
56058,1,.m4v,H264,360p,29.97,5.28,02:13,Bitmap,TRANSCODE,NO,2021-10-05 20:05,Harakiri (1962),Harakiri,,8.6,Not Rated,Harakiri (1962).m4v,/media/daveg/Lib/Movies/Harakiri (1962).m4v
48342,1,.m4v,H264,358p,120,5.27,01:43,Text,DIRECT,NO,2020-09-29 20:34,"Man from Laramie, The (1955)",The Man from Laramie,,8.0,Not Rated,The Man from Laramie (1955).m4v,/media/daveg/Lib/Movies/The Man from Laramie (1955).m4v
393162,1,.m4v,H264,480p,23.98,5.26,02:16,Text,DIRECT,NO,2020-10-13 17:19,Coach Carter (2005),Coach Carter,,8.0,PG-13,Coach Carter (2005).m4v,/media/daveg/Lib/Movies/Coach Carter (2005).m4v
56869,1,.m4v,H264,462p,23.98,5.25,01:59,Bitmap,TRANSCODE,NO,2020-09-02 16:15,"Birds, The (1963)",The Birds,2020-10-12,9.0,TV-PG::(TV rating),The Birds (1963).m4v,/media/daveg/Lib/Movies/The Birds (1963).m4v
77838,1,.m4v,H264,464p,23.98,5.25,01:57,Text,DIRECT,NO,2020-09-27 19:57,"Last Waltz, The (1978)",The Last Waltz,,8.0,PG,The Last Waltz (1978).m4v,/media/daveg/Lib/Movies/The Last Waltz (1978).m4v
75029,1,.m4v,H264,366p,23.98,5.24,02:15,Text,DIRECT,NO,2020-10-04 21:00,"Outlaw Josey Wales, The (1976)",The Outlaw Josey Wales,,9.0,TV-MA,The Outlaw Josey Wales (1976).m4v,/media/daveg/Lib/Movies/The Outlaw Josey Wales (1976).m4v
108071,1,.m4v,H264,480p,23.98,5.23,01:41,Text,DIRECT,NO,2020-10-07 21:28,"Secret Garden, The (1993)",The Secret Garden,,8.0,G,The Secret Garden (1993).m4v,/media/daveg/Lib/Movies/The Secret Garden (1993).m4v
887912,1,.m4v,H264,478p,23.98,5.22,02:11,Bitmap,TRANSCODE,NO,2020-09-21 12:33,"Hurt Locker, The (2008)",The Hurt Locker,,8.0,R,The Hurt Locker (2008).m4v,/media/daveg/Lib/Movies/The Hurt Locker (2008).m4v
64615,1,.m4v,H264,480p,120,5.22,02:08,Text,DIRECT,NO,2020-09-29 11:52,Mackenna's Gold (1969),Mackenna's Gold,,9.0,M,Mackenna's Gold (1969).m4v,/media/daveg/Lib/Movies/Mackenna's Gold (1969).m4v
167260,1,.m4v,H264,358p,120,5.22,03:21,Text,DIRECT,NO,2020-09-28 23:06,"Lord of the Rings: The Return of the King, The (2003)",The Lord of the Rings: The Return of the King,,10.0,PG-13,The Lord of the Rings- The Return of the King (2003) Disc 1.m4v,/media/daveg/Lib/Movies/The Lord of the Rings- The Return of the King (2003) Disc 1.m4v
10696896,4,.m4v,H264,468p,23.98,5.21,02:19,Bitmap,TRANSCODE,NO,2022-07-13 22:20,Stillwater (2021),Stillwater,2024-01-23,8.0,R,Stillwater (2021).m4v,/media/daveg/Lib/Movies/Stillwater (2021).m4v
325191,1,.m4v,H264,480p,29.97,5.21,01:26,None,-,NO,2020-10-07 10:49,Sabah (2005),Sabah,,8.0,NR,Sabah (2005).m4v,/media/daveg/Lib/Movies/Sabah (2005).m4v
97576,1,.m4v,H264,368p,23.98,5.21,02:07,Text,DIRECT,NO,2020-09-22 08:59,Indiana Jones and the Last Crusade (1989),Indiana Jones and the Last Crusade,,10.0,PG-13,Indiana Jones and the Last Crusade (1989).m4v,/media/daveg/Lib/Movies/Indiana Jones and the Last Crusade (1989).m4v
51411,1,.m4v,H264,366p,47.95,5.20,02:46,Text,DIRECT,NO,2021-08-30 14:59,"Big Country, The (1958)",The Big Country,2021-09-01,8.0,Passed::(National Board of Review),The Big Country (1958).m4v,/media/daveg/Lib/Movies/The Big Country (1958).m4v
171804,1,.m4v,H264,462p,23.98,5.20,01:58,Text,DIRECT,NO,2020-09-03 22:48,Boys Don't Cry (1999),Boys Don't Cry,,8.0,TV-MA::(TV rating),Boys Don't Cry (1999).m4v,/media/daveg/Lib/Movies/Boys Don't Cry (1999).m4v
4172430,1,.m4v,H264,360p,23.98,5.20,02:24,Text,DIRECT,NO,2020-10-12 13:18,13 Hours (2016),13 Hours,2016-10-31,8.5,R,13 Hours (2016).m4v,/media/daveg/Lib/Movies/13 Hours (2016).m4v
2310332,1,.m4v,H264,360p,23.98,5.19,02:24,Bitmap,TRANSCODE,NO,2020-09-20 20:09,"Hobbit: The Battle of the Five Armies, The (2014)",The Hobbit: The Battle of the Five Armies,2020-12-27,9.5,TV-14::(V),The Hobbit- The Battle of the Five Armies (2014).m4v,/media/daveg/Lib/Movies/The Hobbit- The Battle of the Five Armies (2014).m4v
1210166,1,.m4v,H264,472p,23.98,5.19,02:13,Bitmap,TRANSCODE,NO,2020-10-01 23:18,Moneyball (2011),Moneyball,,9.0,PG-13,Moneyball (2011).m4v,/media/daveg/Lib/Movies/Moneyball (2011).m4v
3581652,1,.m4v,H264,362p,23.98,5.18,02:36,Text,DIRECT,NO,2022-05-09 16:10,West Side Story (2021),West Side Story,2022-06-08,9.0,PG-13,West Side Story (2021).m4v,/media/daveg/Lib/Movies/West Side Story (2021).m4v
32976,1,.m4v,H264,480p,23.98,5.17,02:10,Text,DIRECT,NO,2020-10-06 09:53,Rebecca (1940),Rebecca,2020-11-09,10.0,Approved,Rebecca (1940).m4v,/media/daveg/Lib/Movies/Rebecca (1940).m4v
82971,1,.m4v,H264,368p,23.98,5.17,01:55,Text,DIRECT,NO,2020-09-22 05:27,Raiders of the Lost Ark (1981),Raiders of the Lost Ark,,10.0,"TV-14::(DLSV, TV rating)",Raiders of the Lost Ark (1981).m4v,/media/daveg/Lib/Movies/Raiders of the Lost Ark (1981).m4v
92890,1,.m4v,H264,480p,120,5.16,01:40,Text,DIRECT,NO,2020-09-12 13:03,Dirty Dancing (1987),Dirty Dancing,,8.0,TV-14,Dirty Dancing (1987).m4v,/media/daveg/Lib/Movies/Dirty Dancing (1987).m4v
109444,1,.m4v,H264,382p,23.98,5.16,02:21,Text,DIRECT,NO,2020-09-10 09:25,Clear and Present Danger (1994),Clear and Present Danger,,8.0,PG-13,Clear and Present Danger (1994).m4v,/media/daveg/Lib/Movies/Clear and Present Danger (1994).m4v
468569,1,.m4v,H264,360p,120,5.16,02:32,Bitmap,TRANSCODE,NO,2020-09-11 18:25,"Dark Knight, The (2008)",The Dark Knight,,10.0,TV-14::(LV),The Dark Knight (2008).m4v,/media/daveg/Lib/Movies/The Dark Knight (2008).m4v
328107,1,.m4v,H264,362p,23.98,5.16,02:26,Text,DIRECT,NO,2020-09-29 22:53,Man on Fire (2004),Man on Fire,,8.0,TV-14::(LV),Man on Fire (2004).m4v,/media/daveg/Lib/Movies/Man on Fire (2004).m4v
57115,1,.m4v,H264,480p,24,5.15,02:52,Text,DIRECT,NO,2020-09-19 10:32,"Great Escape, The (1963)",The Great Escape,,9.0,Approved,The Great Escape (1963).m4v,/media/daveg/Lib/Movies/The Great Escape (1963).m4v
1074638,1,.m4v,H264,360p,23.98,5.15,02:23,Text,DIRECT,NO,2020-10-08 17:38,Skyfall (2012),Skyfall,,9.0,PG-13,Skyfall (2012).m4v,/media/daveg/Lib/Movies/Skyfall (2012).m4v
988047,1,.m4v,H264,480p,29.97,5.15,01:54,Bitmap,TRANSCODE,NO,2020-10-13 06:26,Traitor (2008),Traitor,,8.0,PG-13,Traitor (2008).m4v,/media/daveg/Lib/Movies/Traitor (2008).m4v
443465,1,.m4v,H264,472p,23.98,5.15,01:35,Bitmap,TRANSCODE,NO,2020-09-01 16:28,Before We Go (2014),Before We Go,2017-01-31,7.5,PG-13,Before We Go (2014).m4v,/media/daveg/Lib/Movies/Before We Go (2014).m4v
313737,1,.m4v,H264,480p,-,5.14,01:41,Text,DIRECT,NO,2020-09-22 14:39,Two Weeks Notice (2002),Two Weeks Notice,,6.1,PG-13,Two Weeks Notice (2002).m4v,/media/daveg/Lib/Movies/Two Weeks Notice (2002).m4v
2446980,1,.m4v,H264,468p,23.98,5.14,02:04,Text,DIRECT,NO,2020-09-24 05:29,Joy (2015),Joy,2023-10-30,9.0,PG-13,Joy (2015).m4v,/media/daveg/Lib/Movies/Joy (2015).m4v
889588,1,.m4v,H264,380p,23.98,5.13,02:05,Text,DIRECT,NO,2020-09-09 07:51,"Children of Huang Shi, The (2008)",The Children of Huang Shi,,8.0,R,The Children of Huang Shi (2008).m4v,/media/daveg/Lib/Movies/The Children of Huang Shi (2008).m4v
363771,1,.m4v,H264,478p,120,5.12,02:23,Text,DIRECT,NO,2020-09-09 22:15,"Chronicles of Narnia: The Lion, the Witch and the Wardrobe, The (2005)","The Chronicles of Narnia: The Lion, the Witch and the Wardrobe",,9.0,TV-G,"The Chronicles of Narnia- The Lion, the Witch and the Wardrobe (2005).m4v","/media/daveg/Lib/Movies/The Chronicles of Narnia- The Lion, the Witch and the Wardrobe (2005).m4v"
251447,1,.m4v,H264,388p,29.97,5.12,02:30,Bitmap,TRANSCODE,NO,2020-10-13 13:25,"Tunnel, The (2001)",The Tunnel,,8.0,NR,The Tunnel (2001).m4v,/media/daveg/Lib/Movies/The Tunnel (2001).m4v
770828,1,.m4v,H264,360p,23.98,5.12,02:23,Bitmap,TRANSCODE,NO,2020-09-29 21:23,Man of Steel (2013),Man of Steel,,8.0,TV-PG::(Cartoon Network),Man of Steel (2013).m4v,/media/daveg/Lib/Movies/Man of Steel (2013).m4v
1390411,1,.m4v,H264,480p,23.98,5.11,02:02,Bitmap,TRANSCODE,NO,2020-09-21 22:37,In the Heart of the Sea (2015),In the Heart of the Sea,2016-04-30,8.0,PG-13,In the Heart of the Sea (2015).m4v,/media/daveg/Lib/Movies/In the Heart of the Sea (2015).m4v
758758,1,.m4v,H264,360p,23.98,5.11,02:28,Text,DIRECT,NO,2020-09-22 14:47,Into the Wild (2007),Into the Wild,2020-08-22,10.0,R,Into the Wild (2007).m4v,/media/daveg/Lib/Movies/Into the Wild (2007).m4v
268978,1,.m4v,H264,460p,120,5.11,02:15,Bitmap,TRANSCODE,NO,2021-03-11 09:09,"Beautiful Mind, A (2001)",A Beautiful Mind,2021-03-11,10.0,TV-14::(TV rating),A Beautiful Mind (2001).m4v,/media/daveg/Lib/Movies/A Beautiful Mind (2001).m4v
299977,1,.m4v,H264,366p,120,5.10,02:00,Bitmap,TRANSCODE,NO,2020-09-20 13:37,Hero (2002),Hero,,8.0,TV-14::(SV),Hero (2002).m4v,/media/daveg/Lib/Movies/Hero (2002).m4v
5776858,1,.m4v,H264,460p,23.98,5.10,02:10,Bitmap,TRANSCODE,NO,2020-10-05 10:49,Phantom Thread (2017),Phantom Thread,2018-06-26,8.5,R,Phantom Thread (2017).m4v,/media/daveg/Lib/Movies/Phantom Thread (2017).m4v
47296,1,.m4v,H264,462p,23.98,5.07,01:48,Bitmap,TRANSCODE,NO,2020-10-04 13:00,On the Waterfront (1954),On the Waterfront,2020-08-01,9.5,Approved,On the Waterfront (1954).m4v,/media/daveg/Lib/Movies/On the Waterfront (1954).m4v
1010048,1,.m4v,H264,368p,23.98,5.07,02:00,Text,DIRECT,NO,2020-10-08 17:38,Slumdog Millionaire (2008),Slumdog Millionaire,,8.0,TV-14,Slumdog Millionaire (2008).m4v,/media/daveg/Lib/Movies/Slumdog Millionaire (2008).m4v
212346,1,.m4v,H264,480p,23.98,5.07,01:49,Text,DIRECT,NO,2020-10-02 19:25,Miss Congeniality (2000),Miss Congeniality,,9.0,PG-13,Miss Congeniality (2000).m4v,/media/daveg/Lib/Movies/Miss Congeniality (2000).m4v
43455,1,.m4v,H264,480p,23.98,5.06,01:56,Text,DIRECT,NO,2020-09-11 22:27,David and Bathsheba (1951),David and Bathsheba,,8.0,Approved,David and Bathsheba (1951).m4v,/media/daveg/Lib/Movies/David and Bathsheba (1951).m4v
79116,1,.m4v,H264,348p,23.98,5.05,01:52,Text,DIRECT,NO,2020-09-14 13:49,Escape from Alcatraz (1979),Escape from Alcatraz,,10.0,PG,Escape from Alcatraz (1979).m4v,/media/daveg/Lib/Movies/Escape from Alcatraz (1979).m4v
74860,1,.m4v,H264,480p,23.98,5.05,02:05,Text,DIRECT,NO,2020-10-15 17:23,Marathon Man (1976),Marathon Man,,7.5,TV-MA::(TV rating),Marathon Man (1976).m4v,/media/daveg/Lib/Movies/Marathon Man (1976).m4v
113670,1,.m4v,H264,480p,47.95,5.05,01:37,Text,DIRECT,NO,2020-10-13 17:08,"Little Princess, A (1995)",A Little Princess,,8.0,G,A Little Princess (1995).m4v,/media/daveg/Lib/Movies/A Little Princess (1995).m4v
166924,1,.m4v,H264,460p,23.98,5.04,02:27,Bitmap,TRANSCODE,NO,2020-10-02 15:38,Mulholland Drive (2001),Mulholland Drive,,8.0,R,Mulholland Drive (2001).m4v,/media/daveg/Lib/Movies/Mulholland Drive (2001).m4v
29606,0,.m4v,H264,480p,29.97,5.04,01:51,None,-,NO,2021-03-28 08:01,"Star Is Born, A (1937)",A Star Is Born,2024-01-24,7.3,Passed::(National Board of Review),A Star is Born (1937).m4v,/media/daveg/Lib/Movies/A Star is Born (1937).m4v
61770,1,.m4v,H264,364p,23.98,5.04,01:51,Text,DIRECT,NO,2020-09-20 21:28,Hombre (1967),Hombre,2019-07-17,8.0,Approved,Hombre (1967).m4v,/media/daveg/Lib/Movies/Hombre (1967).m4v
1753549,1,.m4v,H264,480p,29.97,5.04,01:28,Bitmap,TRANSCODE,NO,2020-09-06 10:49,Buck (2011),Buck,2021-02-06,8.5,PG,Buck (2011).m4v,/media/daveg/Lib/Movies/Buck (2011).m4v
203009,1,.m4v,H264,364p,23.98,5.04,02:07,Text,DIRECT,NO,2020-10-02 13:59,Moulin Rouge! (2001),Moulin Rouge!,,9.0,PG-13,Moulin Rouge! (2001).m4v,/media/daveg/Lib/Movies/Moulin Rouge! (2001).m4v
120679,1,.m4v,H264,464p,120,5.03,02:03,Text,DIRECT,NO,2020-09-18 04:04,Frida (2002),Frida,,9.0,R,Frida (2002).m4v,/media/daveg/Lib/Movies/Frida (2002).m4v
4154796,1,.m4v,H264,360p,23.98,5.03,03:01,Text,DIRECT,NO,2020-08-30 16:06,Avengers: Endgame (2019),Avengers: Endgame,2020-01-07,8.5,PG-13,Avengers- Endgame (2019).m4v,/media/daveg/Lib/Movies/Avengers- Endgame (2019).m4v
46359,1,.m4v,H264,480p,23.98,5.02,02:00,Text,DIRECT,NO,2020-10-09 11:47,Stalag 17 (1953),Stalag 17,,10.0,Not Rated,Stalag 17 (1953).m4v,/media/daveg/Lib/Movies/Stalag 17 (1953).m4v
8041270,1,.m4v,H264,428p,23.98,5.02,02:27,Bitmap,TRANSCODE,NO,2022-10-19 21:36,Jurassic World Dominion (2022),Jurassic World Dominion,2022-10-23,7.5,PG-13,Jurassic World Dominion (2022).m4v,/media/daveg/Lib/Movies/Jurassic World Dominion (2022).m4v
119822,1,.m4v,H264,462p,29.97,5.02,02:19,Text,DIRECT,NO,2020-08-31 04:34,As Good as It Gets (1997),As Good as It Gets,,10.0,PG-13,As Good as It Gets (1997).m4v,/media/daveg/Lib/Movies/As Good as It Gets (1997).m4v
482857,1,.m4v,H264,478p,120,5.02,01:32,Text,DIRECT,NO,2020-09-06 08:48,Broken Trail (2006),Broken Trail,,8.0,Not Rated,Broken Trail (2006) Part 1.m4v,/media/daveg/Lib/Movies/Broken Trail (2006) Part 1.m4v
45162,1,.m4v,H264,480p,23.98,5.02,01:54,Text,DIRECT,NO,2022-08-05 04:58,"Snows of Kilimanjaro, The (1952)",The Snows of Kilimanjaro,,6.1,TV-PG,The Snows of Kilimanjaro (1952).m4v,/media/daveg/Lib/Movies/The Snows of Kilimanjaro (1952).m4v
96098,1,.m4v,H264,364p,120,5.01,01:50,Text,DIRECT,NO,2022-01-10 17:13,Shoot to Kill (1988),Shoot to Kill,2022-01-09,7.5,R,Shoot to Kill (1988).m4v,/media/daveg/Lib/Movies/Shoot to Kill (1988).m4v
65724,1,.m4v,H264,462p,29.97,5.01,01:38,Text,DIRECT,NO,2020-09-16 20:21,Five Easy Pieces (1970),Five Easy Pieces,,8.0,R,Five Easy Pieces (1970).m4v,/media/daveg/Lib/Movies/Five Easy Pieces (1970).m4v
976051,1,.m4v,H264,466p,23.98,5.00,02:04,Bitmap,TRANSCODE,NO,2020-10-06 06:56,"Reader, The (2008)",The Reader,,8.0,R,The Reader (2008).m4v,/media/daveg/Lib/Movies/The Reader (2008).m4v
56063,1,.m4v,H264,368p,23.98,5.00,02:25,Text,DIRECT,NO,2022-08-04 16:59,Hemingway's Adventures of a Young Man (1962),Hemingway's Adventures of a Young Man,,8.0,Approved,Hemingway's Adventures of a Young Man (1962).m4v,/media/daveg/Lib/Movies/Hemingway's Adventures of a Young Man (1962).m4v
993846,1,.m4v,H264,360p,23.98,5.00,03:00,Text,DIRECT,NO,2020-10-15 08:10,"Wolf of Wall Street, The (2013)",The Wolf of Wall Street,,7.5,18+::(Common Sense Media),The Wolf of Wall Street (2013).m4v,/media/daveg/Lib/Movies/The Wolf of Wall Street (2013).m4v
249462,1,.m4v,H264,462p,23.98,5.00,01:50,Bitmap,TRANSCODE,NO,2020-09-02 10:03,Billy Elliot (2000),Billy Elliot,,8.0,TV-14::(TV rating),Billy Elliot (2000).m4v,/media/daveg/Lib/Movies/Billy Elliot (2000).m4v
349825,1,.m4v,H264,354p,120,5.00,02:15,Text,DIRECT,NO,2020-10-01 06:24,Miracle (2004),Miracle,,8.0,PG,Miracle (2004).m4v,/media/daveg/Lib/Movies/Miracle (2004).m4v
59448,1,.m4v,H264,474p,23.98,5.00,01:48,Bitmap,TRANSCODE,NO,2020-10-01 07:44,Mirage (1965),Mirage,2016-02-25,7.5,Approved,Mirage (1965).m4v,/media/daveg/Lib/Movies/Mirage (1965).m4v
65547,1,.m4v,H264,366p,23.98,4.99,01:51,Text,DIRECT,NO,2020-09-09 09:30,Chisum (1970),Chisum,,8.0,G,Chisum (1970).m4v,/media/daveg/Lib/Movies/Chisum (1970).m4v
70351,1,.m4v,H264,480p,120,4.99,01:38,Text,DIRECT,NO,2020-09-29 10:16,"MacKintosh Man, The (1973)",The MacKintosh Man,2017-08-16,7.5,PG,The MacKintosh Man (1973).m4v,/media/daveg/Lib/Movies/The MacKintosh Man (1973).m4v
2363471,1,.m4v,H264,480p,29.97,4.97,01:35,Bitmap,TRANSCODE,NO,2020-10-01 21:49,"Summit, The (2012)",The Summit,,6.9,R,The Summit (2012).m4v,/media/daveg/Lib/Movies/The Summit (2012).m4v
878804,1,.m4v,H264,480p,23.98,4.97,02:09,Bitmap,TRANSCODE,NO,2020-09-03 06:14,"Blind Side, The (2009)",The Blind Side,,8.0,TV-PG::(L),The Blind Side (2009).m4v,/media/daveg/Lib/Movies/The Blind Side (2009).m4v
120802,1,.m4v,H264,480p,23.98,4.97,02:10,Bitmap,TRANSCODE,NO,2020-10-06 12:01,"Red Violin, The (1998)",The Red Violin,,8.0,R,The Red Violin (1998).m4v,/media/daveg/Lib/Movies/The Red Violin (1998).m4v
120176,1,.m4v,H264,480p,120,4.97,01:50,Text,DIRECT,NO,2020-10-09 02:53,"Spanish Prisoner, The (1997)",The Spanish Prisoner,,8.0,PG,The Spanish Prisoner (1997).m4v,/media/daveg/Lib/Movies/The Spanish Prisoner (1997).m4v
99653,1,.m4v,H264,480p,23.98,4.97,02:07,Text,DIRECT,NO,2020-09-18 14:09,Ghost (1990),Ghost,,8.0,TV-14,Ghost (1990).m4v,/media/daveg/Lib/Movies/Ghost (1990).m4v
35140,1,.m4v,H264,480p,23.98,4.96,01:57,Text,DIRECT,NO,2020-10-03 22:29,"Now, Voyager (1942)","Now, Voyager",,9.0,Passed::(National Board of Review),"Now, Voyager (1942).m4v","/media/daveg/Lib/Movies/Now, Voyager (1942).m4v"
223897,1,.m4v,H264,480p,120,4.96,02:03,Text,DIRECT,NO,2020-10-05 07:03,Pay It Forward (2000),Pay It Forward,2019-10-01,10.0,PG-13,Pay It Forward (2000).m4v,/media/daveg/Lib/Movies/Pay It Forward (2000).m4v
1392170,1,.m4v,H264,356p,23.98,4.96,02:22,Text,DIRECT,NO,2020-09-21 10:00,"Hunger Games, The (2012)",The Hunger Games,2023-11-14,9.0,PG-13,The Hunger Games (2012).m4v,/media/daveg/Lib/Movies/The Hunger Games (2012).m4v
457939,1,.m4v,H264,460p,120,4.96,02:16,Text,DIRECT,NO,2020-09-20 21:49,"Holiday, The (2006)",The Holiday,,10.0,PG-13,The Holiday (2006).m4v,/media/daveg/Lib/Movies/The Holiday (2006).m4v
454876,1,.m4v,H264,472p,23.98,4.95,02:07,Text,DIRECT,NO,2020-09-28 07:40,Life of Pi (2012),Life of Pi,2019-10-21,9.5,PG,Life of Pi (2012).m4v,/media/daveg/Lib/Movies/Life of Pi (2012).m4v
120731,1,.m4v,H264,368p,120,4.93,02:49,Text,DIRECT,NO,2020-09-27 20:30,"Legend of 1900, The (1998)",The Legend of 1900,,8.0,PG-13::(Prime Video),The Legend of 1900 (1998).m4v,/media/daveg/Lib/Movies/The Legend of 1900 (1998).m4v
31381,1,.m4v,H264,480p,23.98,4.93,03:58,Bitmap,TRANSCODE,YES,2020-09-18 23:19,Gone with the Wind (1939),Gone with the Wind,,8.0,Passed::(National Board of Review),Gone With The Wind (1939) Part 1.m4v,/media/daveg/Lib/Movies/Gone With The Wind (1939) Part 1.m4v
3040964,1,.m4v,H264,472p,23.98,4.92,01:46,Text,DIRECT,NO,2020-09-24 11:44,"Jungle Book, The (2016)",The Jungle Book,2016-12-03,9.0,PG,The Jungle Book (2016).m4v,/media/daveg/Lib/Movies/The Jungle Book (2016).m4v
47086,1,.m4v,H264,336p,23.98,4.92,02:27,Text,DIRECT,NO,2022-01-27 23:47,"High and the Mighty, The (1954)",The High and the Mighty,,6.8,Not Rated::(DVD Rating),The High and the Mighty (1954).m4v,/media/daveg/Lib/Movies/The High and the Mighty (1954).m4v
421206,1,.m4v,H264,354p,120,4.92,02:05,Text,DIRECT,NO,2020-09-19 11:47,Gridiron Gang (2006),Gridiron Gang,,8.0,PG-13,Gridiron Gang (2006).m4v,/media/daveg/Lib/Movies/Gridiron Gang (2006).m4v
265343,1,.m4v,H264,340p,120,4.91,01:54,Bitmap,TRANSCODE,NO,2020-10-02 05:13,Monsoon Wedding (2001),Monsoon Wedding,2019-02-18,7.5,R,Monsoon Wedding (2001).m4v,/media/daveg/Lib/Movies/Monsoon Wedding (2001).m4v
56193,1,.m4v,H264,390p,23.98,4.91,02:33,Text,DIRECT,NO,2020-09-28 16:16,Lolita (1962),Lolita,,8.0,Not Rated,Lolita (1962).m4v,/media/daveg/Lib/Movies/Lolita (1962).m4v
82085,1,.m4v,H264,360p,120,4.91,01:48,Bitmap,TRANSCODE,NO,2020-09-03 07:09,Blow Out (1981),Blow Out,,8.0,TV-14::(DLSV),Blow Out (1981).m4v,/media/daveg/Lib/Movies/Blow Out (1981).m4v
419294,1,.m4v,H264,364p,23.98,4.89,02:01,Text,DIRECT,NO,2020-10-12 15:55,"Three Burials of Melquiades Estrada, The (2005)",The Three Burials of Melquiades Estrada,2020-05-05,8.0,R,The Three Burials of Melquiades Estrada (2005).m4v,/media/daveg/Lib/Movies/The Three Burials of Melquiades Estrada (2005).m4v
59549,1,.m4v,H264,360p,23.92,4.89,01:55,Text,DIRECT,NO,2020-10-04 19:00,Operation Crossbow (1965),Operation Crossbow,2016-11-26,8.0,PG-13,Operation Crossbow (1965).m4v,/media/daveg/Lib/Movies/Operation Crossbow (1965).m4v
1413492,1,.m4v,H264,358p,23.98,4.88,02:10,Bitmap,TRANSCODE,NO,2020-10-13 15:08,12 Strong (2018),12 Strong,2018-08-17,8.0,R,12 Strong (2018).m4v,/media/daveg/Lib/Movies/12 Strong (2018).m4v
2382320,1,.m4v,H264,356p,23.98,4.88,02:43,Bitmap,TRANSCODE,NO,2022-02-07 13:46,No Time to Die (2021),No Time to Die,2022-02-18,8.0,PG-13,No Time to Die (2021).m4v,/media/daveg/Lib/Movies/No Time to Die (2021).m4v
381061,1,.m4v,H264,354p,29.97,4.88,02:24,Text,DIRECT,NO,2020-09-07 09:40,Casino Royale (2006),Casino Royale,2020-04-21,10.0,PG-13,Casino Royale (2006).m4v,/media/daveg/Lib/Movies/James Bond 007/Casino Royale (2006).m4v
2531318,1,.m4v,H264,480p,29.97,4.87,01:46,Bitmap,TRANSCODE,NO,2020-11-24 17:46,"Beatles: Eight Days a Week - The Touring Years, The (2016)",The Beatles: Eight Days a Week - The Touring Years,2020-11-27,9.0,Not Rated,The Beatles- Eight Days a Week - The Touring Years (2016).m4v,/media/daveg/Lib/Movies/The Beatles- Eight Days a Week - The Touring Years (2016).m4v
367555,1,.m4v,H264,480p,29.97,4.87,03:28,Text,DIRECT,NO,2020-10-03 10:26,No Direction Home: Bob Dylan (2005),No Direction Home: Bob Dylan,2024-02-13,9.0,Not Rated,No Direction Home- Bob Dylan (2005).m4v,/media/daveg/Lib/Movies/No Direction Home- Bob Dylan (2005).m4v
14429,1,.m4v,H264,472p,29.97,4.87,01:14,None,-,NO,2020-10-23 13:59,Safety Last! (1923),Safety Last!,,8.1,Not Rated,Safety Last! (1923).m4v,/media/daveg/Lib/Movies/Safety Last! (1923).m4v
56923,1,.m4v,H264,460p,29.97,4.86,01:53,Bitmap,TRANSCODE,NO,2020-09-07 16:40,Charade (1963),Charade,,8.0,Passed::(National Board of Review),Charade (1963).m4v,/media/daveg/Lib/Movies/Charade (1963).m4v
75860,1,.m4v,H264,364p,29.97,4.86,02:18,Text,DIRECT,NO,2020-09-10 10:24,Close Encounters of the Third Kind (1977),Close Encounters of the Third Kind,2020-11-02,10.0,TV-MA::(TV rating),Close Encounters of the Third Kind (1977).m4v,/media/daveg/Lib/Movies/Close Encounters of the Third Kind (1977).m4v
48750,1,.m4v,H264,460p,120,4.86,01:39,Bitmap,TRANSCODE,NO,2020-10-13 08:34,"Trouble with Harry, The (1955)",The Trouble with Harry,,8.0,TV-G::(TV rating),The Trouble with Harry (1955).m4v,/media/daveg/Lib/Movies/The Trouble with Harry (1955).m4v
1677720,1,.m4v,H264,360p,23.98,4.86,02:20,Bitmap,TRANSCODE,NO,2020-10-06 08:06,Ready Player One (2018),Ready Player One,2018-11-12,8.0,TV-14::(DLV),Ready Player One (2018).m4v,/media/daveg/Lib/Movies/Ready Player One (2018).m4v
59113,1,.m4v,H264,360p,23.98,4.85,03:17,Bitmap,TRANSCODE,NO,2020-09-14 17:25,Doctor Zhivago (1965),Doctor Zhivago,,10.0,"TV-PG::(LV, TV rating)",Doctor Zhivago (1965) Disc 1.m4v,/media/daveg/Lib/Movies/Doctor Zhivago (1965) Disc 1.m4v
73195,1,.m4v,H264,364p,23.98,4.84,02:04,Bitmap,TRANSCODE,NO,2020-11-02 16:07,Jaws (1975),Jaws,,8.0,PG,Jaws (1975).m4v,/media/daveg/Lib/Movies/Jaws (1975).m4v
787462,1,.m4v,H264,480p,23.98,4.84,01:46,Bitmap,TRANSCODE,NO,2020-09-14 06:39,Elvis and Anabelle (2007),Elvis and Anabelle,2016-09-10,8.0,PG-13,Elvis and Anabelle (2007).m4v,/media/daveg/Lib/Movies/Elvis and Anabelle (2007).m4v
8482584,1,.m4v,H264,356p,23.98,4.83,01:58,Bitmap,TRANSCODE,NO,2022-05-12 12:56,12 Mighty Orphans (2021),12 Mighty Orphans,2022-06-08,7.5,PG-13,12 Mighty Orphans (2021).m4v,/media/daveg/Lib/Movies/12 Mighty Orphans (2021).m4v
38109,1,.m4v,H264,480p,23.98,4.83,01:51,Text,DIRECT,NO,2020-10-09 04:30,Spellbound (1945),Spellbound,,8.0,Passed::(National Board of Review),Spellbound (1945).m4v,/media/daveg/Lib/Movies/Spellbound (1945).m4v
368794,1,.m4v,H264,364p,23.98,4.82,02:15,Bitmap,TRANSCODE,NO,2020-11-25 18:34,I'm Not There (2007),I'm Not There,2020-11-30,7.5,R,I'm Not There (2007) Disc 1.m4v,/media/daveg/Lib/Movies/I'm Not There (2007) Disc 1.m4v
3780500,1,.m4v,H264,480p,23.98,4.82,01:47,Bitmap,TRANSCODE,NO,2020-09-24 05:17,Journey's End (2017),Journey's End,2018-12-22,8.0,R,Journey's End (2017).m4v,/media/daveg/Lib/Movies/Journey's End (2017).m4v
4190530,1,.m4v,H264,360p,23.98,4.81,02:00,Bitmap,TRANSCODE,NO,2020-08-30 10:07,Anthropoid (2016),Anthropoid,2016-12-24,7.5,R,Anthropoid (2016).m4v,/media/daveg/Lib/Movies/Anthropoid (2016).m4v
3774114,1,.m4v,H264,356p,23.98,4.81,02:14,Bitmap,TRANSCODE,NO,2020-10-08 19:03,Snowden (2016),Snowden,2017-02-12,7.5,R,Snowden (2016).m4v,/media/daveg/Lib/Movies/Snowden (2016).m4v
990413,1,.m4v,H264,480p,120,4.81,01:54,Bitmap,TRANSCODE,NO,2020-10-11 19:26,Sugar (2008),Sugar,,8.0,R,Sugar (2008).m4v,/media/daveg/Lib/Movies/Sugar (2008).m4v
2820852,1,.m4v,H264,356p,23.98,4.81,02:17,Bitmap,TRANSCODE,NO,2020-09-18 06:42,Furious 7 (2015),Furious 7,2015-12-30,7.5,TV-14::(TV rating),Furious 7 (2015).m4v,/media/daveg/Lib/Movies/Furious 7 (2015).m4v
1417075,1,.m4v,H264,466p,23.98,4.79,02:25,Bitmap,TRANSCODE,NO,2020-09-21 21:06,In Darkness (2011),In Darkness,2018-10-01,7.5,R,In Darkness (2011).m4v,/media/daveg/Lib/Movies/In Darkness (2011).m4v
5164184,1,.m4v,H264,466p,23.98,4.79,01:40,Bitmap,TRANSCODE,NO,2020-09-21 21:06,In Darkness (2018),In Darkness,2018-10-13,5.7,Not Rated,In Darkness (2011).m4v,/media/daveg/Lib/Movies/In Darkness (2011).m4v
37536,1,.m4v,H264,480p,120,4.79,02:06,Bitmap,TRANSCODE,NO,2020-09-01 21:03,"Bells of St. Mary's, The (1945)",The Bells of St. Mary's,,8.0,Unrated,The Bells of St. Mary's (1945).m4v,/media/daveg/Lib/Movies/The Bells of St. Mary's (1945).m4v
58329,1,.m4v,H264,460p,23.98,4.79,02:10,Bitmap,TRANSCODE,NO,2020-09-30 08:41,Marnie (1964),Marnie,,8.0,TV-PG::(TV rating),Marnie (1964).m4v,/media/daveg/Lib/Movies/Marnie (1964).m4v
39628,1,.m4v,H264,480p,23.98,4.79,01:36,Text,DIRECT,NO,2020-09-09 12:34,Miracle on 34th Street (1947),Miracle on 34th Street,2021-12-26,7.9,Not Rated,Miracle on 34th Street (1947).m4v,/media/daveg/Lib/Movies/Christmas/Miracle on 34th Street (1947).m4v
61452,1,.m4v,H264,368p,120,4.79,02:11,Text,DIRECT,NO,2020-12-07 15:02,Casino Royale (1967),Casino Royale,,7.5,Approved,Casino Royale (1967) pt 1.m4v,/media/daveg/Lib/Movies/Casino Royale (1967) pt 1.m4v
97742,1,.m4v,H264,346p,23.98,4.78,02:13,Text,DIRECT,NO,2020-09-13 17:08,Licence to Kill (1989),Licence to Kill,,8.0,PG-13,Licence to Kill (1989).m4v,/media/daveg/Lib/Movies/James Bond 007/Licence to Kill (1989).m4v
7905466,1,.m4v,H264,460p,23.98,4.78,01:39,Bitmap,TRANSCODE,NO,2020-10-12 12:07,They Shall Not Grow Old (2018),They Shall Not Grow Old,2020-04-12,8.0,R,They Shall Not Grow Old (2018).m4v,/media/daveg/Lib/Movies/They Shall Not Grow Old (2018).m4v
437806,1,.m4v,H264,480p,29.97,4.77,00:57,None,-,NO,2020-08-29 17:07,Alone in the Wilderness (2004),Alone in the Wilderness,2020-08-20,9.0,NR,Alone In the Wilderness (2004).m4v,/media/daveg/Lib/Movies/Alone In the Wilderness (2004).m4v
289879,1,.m4v,H264,464p,120,4.77,01:53,Text,DIRECT,NO,2020-09-06 13:12,"Butterfly Effect, The (2004)",The Butterfly Effect,2017-02-19,8.0,TV-14::(TV Rating),The Butterfly Effect (2004).m4v,/media/daveg/Lib/Movies/The Butterfly Effect (2004).m4v
109303,1,.m4v,H264,356p,23.98,4.77,02:01,Bitmap,TRANSCODE,NO,2020-09-03 08:22,Blown Away (1994),Blown Away,2020-04-15,7.5,R,Blown Away (1994).m4v,/media/daveg/Lib/Movies/Blown Away (1994).m4v
413300,1,.m4v,H264,354p,23.98,4.76,02:19,Text,DIRECT,NO,2020-10-09 06:02,Spider-Man 3 (2007),Spider-Man 3,,6.0,TV-PG::(DLSV),Spider-Man 3 (2007).m4v,/media/daveg/Lib/Movies/Spider-Man 3 (2007).m4v
842926,1,.m4v,H264,462p,23.98,4.76,01:46,Bitmap,TRANSCODE,NO,2020-09-24 17:14,"Kids Are All Right, The (2010)",The Kids Are All Right,,7.5,R,The Kids Are All Right (2010).m4v,/media/daveg/Lib/Movies/The Kids Are All Right (2010).m4v
1069238,1,.m4v,H264,468p,29.97,4.76,02:10,Bitmap,TRANSCODE,NO,2020-09-12 09:33,Departures (2008),Departures,,8.0,PG-13,Departures (2008).m4v,/media/daveg/Lib/Movies/Departures (2008).m4v
1018765,1,.m4v,H264,480p,23.98,4.75,01:47,Bitmap,TRANSCODE,NO,2020-10-04 18:58,Our Brand Is Crisis (2015),Our Brand Is Crisis,2016-05-21,8.5,R,Our Brand Is Crisis (2015).m4v,/media/daveg/Lib/Movies/Our Brand Is Crisis (2015).m4v
388980,1,.m4v,H264,460p,120,4.74,02:00,Text,DIRECT,NO,2020-09-19 10:15,"Greatest Game Ever Played, The (2005)",The Greatest Game Ever Played,,8.0,PG,The Greatest Game Ever Played (2005).m4v,/media/daveg/Lib/Movies/The Greatest Game Ever Played (2005).m4v
1408101,1,.m4v,H264,360p,23.98,4.73,02:12,Text,DIRECT,NO,2020-10-11 11:39,Star Trek Into Darkness (2013),Star Trek Into Darkness,,9.0,PG-13,Star Trek Into Darkness (2013).m4v,/media/daveg/Lib/Movies/Star Trek Into Darkness (2013).m4v
117500,1,.m4v,H264,276p,23.98,4.73,02:16,Text,DIRECT,NO,2020-10-06 22:48,"Rock, The (1996)",The Rock,,8.0,TV-MA::(FX rating),The Rock (1996).m4v,/media/daveg/Lib/Movies/The Rock (1996).m4v
36969,1,.m4v,H264,480p,23.98,4.72,01:37,Text,DIRECT,NO,2020-09-23 13:14,Jane Eyre (1944),Jane Eyre,,10.0,Approved,Jane Eyre (1944).m4v,/media/daveg/Lib/Movies/Jane Eyre (1944).m4v
425061,1,.m4v,H264,480p,120,4.72,01:50,Bitmap,TRANSCODE,NO,2020-09-18 12:53,Get Smart (2008),Get Smart,,8.0,PG-13,Get Smart (2008).m4v,/media/daveg/Lib/Movies/Get Smart (2008).m4v
398017,1,.m4v,H264,362p,23.98,4.72,01:48,Text,DIRECT,NO,2020-09-12 09:25,Derailed (2005),Derailed,2015-02-16,7.5,"TV-14::(DLSV, TV Rating.)",Derailed (2005).m4v,/media/daveg/Lib/Movies/Derailed (2005).m4v
844457,1,.m4v,H264,364p,23.98,4.71,02:06,Bitmap,TRANSCODE,NO,2020-10-03 20:05,North Face (2008),North Face,2018-10-11,9.5,Not Rated,North Face (2008).m4v,/media/daveg/Lib/Movies/North Face (2008).m4v
103767,1,.m4v,H264,396p,120,4.71,01:36,None,-,NO,2020-08-31 22:02,Baraka (1992),Baraka,,8.0,Not Rated,Baraka (1992).m4v,/media/daveg/Lib/Movies/Baraka (1992).m4v
39192,1,.m4v,H264,446p,120,4.71,01:41,Bitmap,TRANSCODE,NO,2023-04-19 18:36,Black Narcissus (1947),Black Narcissus,2023-04-26,7.5,Not Rated,Black Narcissus (1947).m4v,/media/daveg/Lib/Movies/Black Narcissus (1947).m4v
105226,1,.m4v,H264,462p,120,4.71,01:38,Text,DIRECT,NO,2020-10-06 10:48,Red Rock West (1993),Red Rock West,2018-09-16,8.0,TV-14::(LSV),Red Rock West (1993).m4v,/media/daveg/Lib/Movies/Red Rock West (1993).m4v
795421,1,.m4v,H264,354p,23.98,4.71,01:48,Bitmap,TRANSCODE,NO,2020-09-29 15:06,Mamma Mia! (2008),Mamma Mia!,,8.0,TV-14::(D),Mamma Mia! (2008).m4v,/media/daveg/Lib/Movies/Mamma Mia! (2008).m4v
87469,1,.m4v,H264,364p,23.98,4.70,01:58,Text,DIRECT,NO,2020-09-22 07:50,Indiana Jones and the Temple of Doom (1984),Indiana Jones and the Temple of Doom,,10.0,PG,Indiana Jones and the Temple of Doom (1984).m4v,/media/daveg/Lib/Movies/Indiana Jones and the Temple of Doom (1984).m4v
84390,1,.m4v,H264,462p,23.98,4.70,02:10,Bitmap,TRANSCODE,NO,2021-09-24 08:33,"Ballad of Narayama, The (1983)",The Ballad of Narayama,,7.9,Not Rated,The Ballad of Narayama (1983).m4v,/media/daveg/Lib/Movies/The Ballad of Narayama (1983).m4v
37884,1,.m4v,H264,480p,23.98,4.70,01:41,Bitmap,TRANSCODE,NO,2020-09-28 20:51,"Lost Weekend, The (1945)",The Lost Weekend,2020-07-31,8.0,Passed::(National Board of Review),The Lost Weekend (1945).m4v,/media/daveg/Lib/Movies/The Lost Weekend (1945).m4v
3784160,1,.m4v,H264,480p,23.98,4.70,01:43,Bitmap,TRANSCODE,NO,2020-10-01 21:33,Valley Uprising (2014),Valley Uprising,,8.1,Not Rated,Valley Uprising (2014).m4v,/media/daveg/Lib/Movies/Valley Uprising (2014).m4v
94142,1,.m4v,H264,468p,23.98,4.69,01:28,Text,DIRECT,NO,2020-10-12 18:14,Throw Momma from the Train (1987),Throw Momma from the Train,2017-08-16,7.0,"TV-14::(DLSV, TV Rating.)",Throw Momma from the Train (1987).m4v,/media/daveg/Lib/Movies/Throw Momma from the Train (1987).m4v
11394276,1,.m4v,H264,480p,23.98,4.69,01:44,Text,DIRECT,NO,2021-11-17 18:15,Assassins (2020),Assassins,,7.5,NR,Assassins (2020).m4v,/media/daveg/Lib/Movies/Assassins (2020).m4v
117998,1,.m4v,H264,366p,23.98,4.69,01:53,Text,DIRECT,NO,2020-10-13 19:10,Twister (1996),Twister,2019-12-08,10.0,TV-14::(LV),Twister (1996).m4v,/media/daveg/Lib/Movies/Twister (1996).m4v
4154756,1,.m4v,H264,360p,23.98,4.69,02:29,Text,DIRECT,NO,2020-08-31 12:25,Avengers: Infinity War (2018),Avengers: Infinity War,2019-02-11,8.5,PG-13,Avengers- Infinity War (2018).m4v,/media/daveg/Lib/Movies/Avengers- Infinity War (2018).m4v
247425,1,.m4v,H264,364p,47.95,4.68,02:11,Text,DIRECT,NO,2020-09-21 21:14,In the Bedroom (2001),In the Bedroom,2020-10-24,10.0,TV-MA::(TV rating),In the Bedroom (2001).m4v,/media/daveg/Lib/Movies/In the Bedroom (2001).m4v
120755,1,.m4v,H264,358p,23.98,4.68,02:03,Bitmap,TRANSCODE,NO,2020-10-01 11:18,Mission: Impossible II (2000),Mission: Impossible II,2021-03-11,10.0,TV-14::(TV rating),Mission- Impossible II (2000).m4v,/media/daveg/Lib/Movies/Mission- Impossible II (2000).m4v
212604,1,.m4v,H264,480p,120,4.68,01:42,None,-,NO,2020-10-13 13:20,Tully (2000),Tully,,8.0,R,Tully (2000).m4v,/media/daveg/Lib/Movies/Tully (2000).m4v
375679,1,.m4v,H264,368p,120,4.67,01:52,Text,DIRECT,NO,2020-09-11 08:06,Crash (2004),Crash,2020-05-11,10.0,R,Crash (2004).m4v,/media/daveg/Lib/Movies/Crash (2004).m4v
340855,1,.m4v,H264,462p,29.97,4.67,01:49,Text,DIRECT,NO,2020-10-02 06:04,Monster (2003),Monster,,8.0,R,Monster (2003).m4v,/media/daveg/Lib/Movies/Monster (2003).m4v
1194173,1,.m4v,H264,356p,23.98,4.67,02:15,Bitmap,TRANSCODE,NO,2020-09-03 18:02,"Bourne Legacy, The (2012)",The Bourne Legacy,2024-01-08,10.0,PG-13,The Bourne Legacy (2012).m4v,/media/daveg/Lib/Movies/Jason Bourne/The Bourne Legacy (2012).m4v
974015,1,.m4v,H264,480p,23.98,4.66,02:00,Bitmap,TRANSCODE,NO,2020-09-24 13:36,Justice League (2017),Justice League,2018-09-01,7.5,PG-13,Justice League (2017).m4v,/media/daveg/Lib/Movies/Justice League (2017).m4v
1855199,1,.m4v,H264,464p,23.98,4.66,01:49,Bitmap,TRANSCODE,NO,2020-09-14 09:25,End of Watch (2012),End of Watch,2018-12-22,8.0,R,End of Watch (2012).m4v,/media/daveg/Lib/Movies/End of Watch (2012).m4v
37558,1,.m4v,H264,480p,29.97,4.65,01:26,Bitmap,TRANSCODE,NO,2020-09-06 06:30,Brief Encounter (1945),Brief Encounter,,8.0,Not Rated,Brief Encounter (1945).m4v,/media/daveg/Lib/Movies/Brief Encounter (1945).m4v
2962876,1,.m4v,H264,472p,29.97,4.65,01:40,Text,DIRECT,NO,2020-10-06 21:00,"Road Within, The (2014)",The Road Within,2016-08-24,8.0,R,The Road Within (2014).m4v,/media/daveg/Lib/Movies/The Road Within (2014).m4v
2492916,1,.m4v,H264,480p,23.98,4.65,01:51,Bitmap,TRANSCODE,NO,2022-01-10 17:34,Muscle Shoals (2013),Muscle Shoals,2022-04-07,10.0,PG,Muscle Shoals (2013).m4v,/media/daveg/Lib/Movies/Muscle Shoals (2013).m4v
1170358,1,.m4v,H264,360p,23.98,4.65,02:41,Bitmap,TRANSCODE,NO,2020-09-20 19:34,"Hobbit: The Desolation of Smaug, The (2013)",The Hobbit: The Desolation of Smaug,2020-12-27,10.0,PG-13,The Hobbit- The Desolation of Smaug (2013).m4v,/media/daveg/Lib/Movies/The Hobbit- The Desolation of Smaug (2013).m4v
1535109,1,.m4v,H264,362p,23.98,4.65,02:14,Bitmap,TRANSCODE,NO,2020-09-07 07:27,Captain Phillips (2013),Captain Phillips,2013-12-01,8.5,PG-13,Captain Phillips (2013).m4v,/media/daveg/Lib/Movies/Captain Phillips (2013).m4v
250687,1,.m4v,H264,362p,23.98,4.64,01:52,Text,DIRECT,NO,2020-10-06 05:42,Rat Race (2001),Rat Race,,8.0,PG-13::(Certifictate No. 38363),Rat Race (2001).m4v,/media/daveg/Lib/Movies/Rat Race (2001).m4v
337978,1,.m4v,H264,362p,23.98,4.64,02:08,Text,DIRECT,NO,2020-09-28 13:37,Live Free or Die Hard (2007),Live Free or Die Hard,,8.0,TV-14::(LV),Live Free or Die Hard (2007).m4v,/media/daveg/Lib/Movies/Live Free or Die Hard (2007).m4v
47469,1,.m4v,H264,444p,59.94,4.64,02:03,Bitmap,TRANSCODE,NO,2021-10-19 19:35,Senso (1954),Senso,,7.5,Not Rated,Senso (1954).m4v,/media/daveg/Lib/Movies/Senso (1954).m4v
380510,1,.m4v,H264,364p,120,4.64,02:15,Text,DIRECT,NO,2020-09-29 08:43,"Lovely Bones, The (2009)",The Lovely Bones,,8.0,PG-13,The Lovely Bones (2009).m4v,/media/daveg/Lib/Movies/The Lovely Bones (2009).m4v
4649466,1,.m4v,H264,364p,120,4.63,02:21,Text,DIRECT,NO,2020-09-24 20:46,Kingsman: The Golden Circle (2017),Kingsman: The Golden Circle,2018-09-05,8.0,TV-14::(DLSV),Kingsman- The Golden Circle (2017).m4v,/media/daveg/Lib/Movies/Kingsman- The Golden Circle (2017).m4v
3369806,1,.m4v,H264,360p,23.98,4.63,01:51,Bitmap,TRANSCODE,NO,2020-09-30 12:26,Max (2015),Max,2016-05-23,9.0,PG,Max (2015).m4v,/media/daveg/Lib/Movies/Max (2015).m4v
44079,1,.m4v,H264,480p,23.98,4.63,01:41,Text,DIRECT,NO,2020-10-11 17:32,Strangers on a Train (1951),Strangers on a Train,,8.0,TV-PG::(TV rating),Strangers on a Train (1951).m4v,/media/daveg/Lib/Movies/Strangers on a Train (1951).m4v
59825,1,.m4v,H264,388p,23.98,4.63,02:13,Text,DIRECT,NO,2020-10-13 05:24,"Train, The (1964)",The Train,2018-09-19,7.8,Not Rated,The Train (1964).m4v,/media/daveg/Lib/Movies/The Train (1964).m4v
18423288,1,.m4v,H264,360p,23.98,4.63,00:09,Text,DIRECT,NO,2020-10-13 15:15,Twelve Years A Slave (2013),Twelve Years A Slave,,8.0,NR,Twelve Years a Slave (2013).m4v,/media/daveg/Lib/Movies/Twelve Years a Slave (2013).m4v
101700,1,.m4v,H264,472p,120,4.62,01:39,Bitmap,TRANSCODE,NO,2020-09-12 06:26,Delicatessen (1991),Delicatessen,,8.0,R,Delicatessen (1991).m4v,/media/daveg/Lib/Movies/Delicatessen (1991).m4v
210299,1,.m4v,H264,480p,23.98,4.62,01:49,Bitmap,TRANSCODE,NO,2020-10-08 23:55,Songcatcher (2000),Songcatcher,,9.0,PG-13,Songcatcher (2000).m4v,/media/daveg/Lib/Movies/Songcatcher (2000).m4v
1838603,1,.m4v,H264,460p,23.98,4.61,01:51,Bitmap,TRANSCODE,NO,2020-09-27 15:28,Last Love (2013),Last Love,,8.0,Not Rated,Last Love (2013).m4v,/media/daveg/Lib/Movies/Last Love (2013).m4v
1173745,1,.m4v,H264,472p,120,4.61,02:01,Bitmap,TRANSCODE,NO,2020-10-06 14:17,Revanche (2008),Revanche,,8.0,Not Rated,Revanche (2008).m4v,/media/daveg/Lib/Movies/Revanche (2008).m4v
104952,1,.m4v,H264,472p,23.98,4.61,02:00,Text,DIRECT,NO,2020-10-02 18:08,My Cousin Vinny (1992),My Cousin Vinny,,10.0,TV-MA::(TV rating),My Cousin Vinny (1992).m4v,/media/daveg/Lib/Movies/My Cousin Vinny (1992).m4v
112740,1,.m4v,H264,274p,23.98,4.61,01:56,Text,DIRECT,NO,2020-09-11 10:30,Crimson Tide (1995),Crimson Tide,,8.0,R,Crimson Tide (1995).m4v,/media/daveg/Lib/Movies/Crimson Tide (1995).m4v
14039582,0,.m4v,H264,464p,23.98,4.61,02:59,Bitmap,TRANSCODE,NO,2022-09-23 20:07,Drive My Car (2021),Drive My Car,2024-01-24,7.5,Unrated,Drive My Car (2021).m4v,/media/daveg/Lib/Movies/Drive My Car (2021).m4v
24736286,1,.m4v,H264,360p,23.98,4.60,00:14,Bitmap,TRANSCODE,NO,2020-09-29 13:18,"Magnificent Seven (2016), The (2016)",The Magnificent Seven (2016),2017-04-01,7.5,NR,The Magnificent Seven (2016) (2016).m4v,/media/daveg/Lib/Movies/The Magnificent Seven (2016) (2016).m4v
816692,1,.m4v,H264,362p,23.98,4.60,02:49,Text,DIRECT,NO,2020-09-22 14:49,Interstellar (2014),Interstellar,2019-07-10,9.5,TV-14::(TV rating),Interstellar (2014).m4v,/media/daveg/Lib/Movies/Interstellar (2014).m4v
102926,1,.m4v,H264,458p,23.98,4.60,01:58,Text,DIRECT,NO,2020-09-08 19:03,"Silence of the Lambs, The (1991)",The Silence of the Lambs,2020-10-12,8.5,TV-MA,The Silence of the Lambs (1991).m4v,/media/daveg/Lib/Movies/The Silence of the Lambs (1991).m4v
95016,1,.m4v,H264,368p,23.98,4.59,02:12,Text,DIRECT,NO,2021-09-20 20:10,Die Hard (1988),Die Hard,,8.2,"TV-14::(LV, TV Rating.)",Die Hard (1988).m4v,/media/daveg/Lib/Movies/Die Hard (1988).m4v
6060444,1,.m4v,H264,460p,29.97,4.59,01:48,Bitmap,TRANSCODE,NO,2021-11-09 12:51,"Paper Tigers, The (2020)",The Paper Tigers,2021-11-11,8.5,PG-13,The Paper Tigers (2020).m4v,/media/daveg/Lib/Movies/The Paper Tigers (2020).m4v
140352,1,.m4v,H264,368p,23.98,4.59,02:37,Text,DIRECT,NO,2020-12-30 16:36,"Insider, The (1999)",The Insider,2020-12-31,9.5,"TV-14::(LV, TV Rating.)",The Insider (1999).m4v,/media/daveg/Lib/Movies/The Insider (1999).m4v
68638,1,.m4v,H264,360p,23.98,4.58,02:03,Text,DIRECT,NO,2020-09-18 14:06,"Getaway, The (1972)",The Getaway,,8.0,PG,The Getaway (1972).m4v,/media/daveg/Lib/Movies/The Getaway (1972).m4v
135707,1,.m4v,H264,480p,120,4.58,01:37,Bitmap,TRANSCODE,NO,2020-10-15 06:23,Wind River (2000),Wind River,,8.0,PG-13,Wind River (2000).m4v,/media/daveg/Lib/Movies/Wind River (2000).m4v
367882,1,.m4v,H264,356p,23.98,4.57,02:02,Text,DIRECT,NO,2020-09-22 07:49,Indiana Jones and the Kingdom of the Crystal Skull (2008),Indiana Jones and the Kingdom of the Crystal Skull,,10.0,PG-13,Indiana Jones and the Kingdom of the Crystal Skull (2008).m4v,/media/daveg/Lib/Movies/Indiana Jones and the Kingdom of the Crystal Skull (2008).m4v
1071812,1,.m4v,H264,472p,23.98,4.57,01:57,Text,DIRECT,NO,2020-09-30 06:38,Mao's Last Dancer (2009),Mao's Last Dancer,,8.0,PG,Mao's Last Dancer (2009).m4v,/media/daveg/Lib/Movies/Mao's Last Dancer (2009).m4v
124207,1,.m4v,H264,480p,29.97,4.56,01:36,None,-,NO,2020-10-12 12:35,"Thief, The (1997)",The Thief,,8.0,R,The Thief (1997).m4v,/media/daveg/Lib/Movies/The Thief (1997).m4v
54698,1,.m4v,H264,480p,29.97,4.56,01:55,Text,DIRECT,NO,2020-09-04 06:56,Breakfast at Tiffany's (1961),Breakfast at Tiffany's,,8.0,Approved,Breakfast at Tiffany's (1961).m4v,/media/daveg/Lib/Movies/Breakfast at Tiffany's (1961).m4v
428038,1,.m4v,H264,480p,23.98,4.56,01:50,Text,DIRECT,NO,2020-10-11 21:18,Sweet Land (2005),Sweet Land,,10.0,PG,Sweet Land (2005).m4v,/media/daveg/Lib/Movies/Sweet Land (2005).m4v
383534,1,.m4v,H264,480p,29.97,4.55,01:36,Text,DIRECT,NO,2020-10-03 15:22,Noel (2004),Noel,,7.5,PG,Noel (2004).m4v,/media/daveg/Lib/Movies/Noel (2004).m4v
245844,1,.m4v,H264,468p,120,4.54,02:11,Text,DIRECT,NO,2020-09-11 05:59,"Count of Monte Cristo, The (2002)",The Count of Monte Cristo,2014-08-24,10.0,"TV-14::(V, TV rating)",The Count of Monte Cristo (2002).m4v,/media/daveg/Lib/Movies/The Count of Monte Cristo (2002).m4v
38499,1,.m4v,H264,480p,29.97,4.54,02:26,None,-,NO,2022-01-27 16:35,Duel in the Sun (1946),Duel in the Sun,,6.8,Passed::(National Board of Review),Duel in the Sun (1946).m4v,/media/daveg/Lib/Movies/Duel in the Sun (1946).m4v
1596363,1,.m4v,H264,360p,23.98,4.54,02:10,Text,DIRECT,NO,2020-09-02 07:43,"Big Short, The (2015)",The Big Short,2016-04-03,8.0,TV-14::(DLS),The Big Short (2015).m4v,/media/daveg/Lib/Movies/The Big Short (2015).m4v
465580,1,.m4v,H264,368p,23.98,4.54,01:51,Bitmap,TRANSCODE,NO,2020-10-05 19:58,Push (2009),Push,2019-08-30,8.0,PG-13,Push (2009).m4v,/media/daveg/Lib/Movies/Push (2009).m4v
71315,1,.m4v,H264,364p,23.98,4.54,02:10,Text,DIRECT,NO,2020-09-09 09:37,Chinatown (1974),Chinatown,,10.0,TV-14::(TV rating),Chinatown (1974).m4v,/media/daveg/Lib/Movies/Chinatown (1974).m4v
88247,1,.m4v,H264,472p,23.98,4.54,01:47,Text,DIRECT,NO,2020-10-12 08:44,"Terminator, The (1984)",The Terminator,2021-12-23,10.0,TV-14,The Terminator (1984).m4v,/media/daveg/Lib/Movies/The Terminator (1984).m4v
1817273,1,.m4v,H264,356p,23.98,4.54,02:20,Bitmap,TRANSCODE,NO,2020-10-05 11:35,"Place Beyond the Pines, The (2012)",The Place Beyond the Pines,,8.0,R,The Place Beyond the Pines (2012).m4v,/media/daveg/Lib/Movies/The Place Beyond the Pines (2012).m4v
865559,1,.m4v,H264,462p,23.98,4.53,01:38,Text,DIRECT,NO,2020-10-02 19:02,My Life in Ruins (2009),My Life in Ruins,,8.0,PG-13,My Life in Ruins (2009).m4v,/media/daveg/Lib/Movies/My Life in Ruins (2009).m4v
308055,1,.m4v,H264,368p,23.98,4.53,01:57,Bitmap,TRANSCODE,NO,2020-09-03 12:38,Bobby (2006),Bobby,,8.0,R,Bobby (2006).m4v,/media/daveg/Lib/Movies/Bobby (2006).m4v
8267604,1,.m4v,H264,360p,23.98,4.53,02:06,Bitmap,TRANSCODE,NO,2020-09-06 20:49,Capernaum (2018),Capernaum,2020-03-19,8.0,R,Capernaum (2018).m4v,/media/daveg/Lib/Movies/Capernaum (2018).m4v
4196848,1,.m4v,H264,462p,23.98,4.53,01:44,Bitmap,TRANSCODE,NO,2020-10-02 15:28,Mr. Church (2016),Mr. Church,2017-06-30,8.0,PG-13,Mr. Church (2016).m4v,/media/daveg/Lib/Movies/Mr. Church (2016).m4v
76752,1,.m4v,H264,368p,23.98,4.53,02:05,Text,DIRECT,NO,2020-09-13 17:08,"Spy Who Loved Me, The (1977)",The Spy Who Loved Me,,8.0,PG,The Spy Who Loved Me (1977).m4v,/media/daveg/Lib/Movies/James Bond 007/The Spy Who Loved Me (1977).m4v
3758172,1,.m4v,H264,362p,23.98,4.52,01:55,Bitmap,TRANSCODE,NO,2020-09-24 10:10,Jungle (2017),Jungle,2019-01-04,7.5,R,Jungle (2017).m4v,/media/daveg/Lib/Movies/Jungle (2017).m4v
463998,1,.m4v,H264,480p,120,4.52,02:03,Text,DIRECT,NO,2020-09-17 18:20,Freedom Writers (2007),Freedom Writers,,10.0,PG-13,Freedom Writers (2007).m4v,/media/daveg/Lib/Movies/Freedom Writers (2007).m4v
840322,1,.m4v,H264,414p,23.98,4.52,01:52,Text,DIRECT,NO,2020-09-17 10:22,Forever Strong (2008),Forever Strong,,8.0,PG-13,Forever Strong (2008).m4v,/media/daveg/Lib/Movies/Forever Strong (2008).m4v
1599348,1,.m4v,H264,356p,23.98,4.52,01:55,Bitmap,TRANSCODE,NO,2020-10-07 10:46,Safe House (2012),Safe House,,8.0,"TV-14::(DLV, TV Rating.)",Safe House (2012).m4v,/media/daveg/Lib/Movies/Safe House (2012).m4v
272839,1,.m4v,H264,478p,29.97,4.52,03:26,Text,DIRECT,NO,2020-10-01 22:01,Shackleton (2002),Shackleton,,7.6,NR,Shackleton (2002) Part 1.m4v,/media/daveg/Lib/Movies/Shackleton (2002) Part 1.m4v
114369,1,.m4v,H264,364p,29.97,4.52,02:07,Text,DIRECT,NO,2021-11-08 14:38,Se7en (1995),Se7en,2021-11-17,9.5,"TV-14::(DLV, TV Rating.)",Se7en (1995).m4v,/media/daveg/Lib/Movies/Se7en (1995).m4v
104431,"1, 4",.m4v,H264,354p,23.98,4.52,02:00,None,-,NO,2020-08-27 15:39,Home Alone 2: Lost in New York (1992),Home Alone 2: Lost in New York,2023-12-25,7.6,TV-MA::(LV),Home Alone 2- Lost in New York (1992).m4v,/media/daveg/Lib/Movies/Christmas/Home Alone 2- Lost in New York (1992).m4v
7775622,1,.m4v,H264,472p,23.98,4.51,01:40,Text,DIRECT,NO,2020-09-17 17:23,Free Solo (2018),Free Solo,2019-03-29,10.0,PG-13,Free Solo (2018).m4v,/media/daveg/Lib/Movies/Free Solo (2018).m4v
56217,1,.m4v,H264,480p,120,4.51,02:03,Text,DIRECT,NO,2020-09-29 23:10,"Man Who Shot Liberty Valance, The (1962)",The Man Who Shot Liberty Valance,,8.0,Approved,The Man Who Shot Liberty Valance (1962).m4v,/media/daveg/Lib/Movies/The Man Who Shot Liberty Valance (1962).m4v
55796,1,.m4v,H264,362p,47.95,4.51,02:03,Text,DIRECT,NO,2020-09-02 10:02,Billy Budd (1962),Billy Budd,2012-12-05,8.0,TV-G,Billy Budd (1962).m4v,/media/daveg/Lib/Movies/Billy Budd (1962).m4v
1401152,1,.m4v,H264,360p,23.98,4.51,01:53,Bitmap,TRANSCODE,NO,2020-10-13 20:38,Unknown (2011),Unknown,2019-11-29,9.0,PG-13,Unknown (2011).m4v,/media/daveg/Lib/Movies/Unknown (2011).m4v
2334649,1,.m4v,H264,480p,23.98,4.51,01:25,Bitmap,TRANSCODE,NO,2020-09-18 04:51,Fruitvale Station (2013),Fruitvale Station,2016-05-26,9.0,R,Fruitvale Station (2013).m4v,/media/daveg/Lib/Movies/Fruitvale Station (2013).m4v
327056,1,.m4v,H264,360p,23.98,4.51,02:18,Text,DIRECT,NO,2020-10-02 22:02,Mystic River (2003),Mystic River,,8.0,R,Mystic River (2003).m4v,/media/daveg/Lib/Movies/Mystic River (2003).m4v
4998632,1,.m4v,H264,356p,23.98,4.50,02:16,Bitmap,TRANSCODE,NO,2023-02-09 13:30,Ambulance (2022),Ambulance,2023-02-13,7.5,R,Ambulance (2022).m4v,/media/daveg/Lib/Movies/Ambulance (2022).m4v
456396,1,.m4v,H264,480p,23.98,4.50,01:35,Bitmap,TRANSCODE,NO,2020-12-01 15:13,"Child, The (2005)",The Child,2020-12-21,7.5,R,The Child (2005).m4v,/media/daveg/Lib/Movies/The Child (2005).m4v
89880,1,.m4v,H264,370p,23.98,4.50,01:36,Text,DIRECT,NO,2020-10-11 13:27,Rambo: First Blood Part II (1985),Rambo: First Blood Part II,2020-11-02,6.5,TV-14,Rambo- First Blood Part II (1985).m4v,/media/daveg/Lib/Movies/Rambo- First Blood Part II (1985).m4v
988045,1,.m4v,H264,480p,29.97,4.50,02:08,Bitmap,TRANSCODE,NO,2020-10-08 10:01,Sherlock Holmes (2009),Sherlock Holmes,,8.0,PG-13,Sherlock Holmes (2009).m4v,/media/daveg/Lib/Movies/Sherlock Holmes (2009).m4v
73802,1,.m4v,H264,360p,23.98,4.50,01:57,Text,DIRECT,NO,2020-10-12 16:40,Three Days of the Condor (1975),Three Days of the Condor,,10.0,TV-14::(TV rating),Three Days of the Condor (1975).m4v,/media/daveg/Lib/Movies/Three Days of the Condor (1975).m4v
27977,1,.m4v,H264,480p,29.97,4.49,01:27,Bitmap,TRANSCODE,NO,2021-09-15 16:40,Modern Times (1936),Modern Times,,8.5,TV-Y,Modern Times (1936).m4v,/media/daveg/Lib/Movies/Modern Times (1936).m4v
1232207,1,.m4v,H264,480p,23.98,4.49,02:07,Bitmap,TRANSCODE,NO,2020-09-06 20:55,Capitalism: A Love Story (2009),Capitalism: A Love Story,2019-01-23,7.5,R,Capitalism- A Love Story (2009).m4v,/media/daveg/Lib/Movies/Capitalism- A Love Story (2009).m4v
97940,1,.m4v,H264,480p,120,4.48,01:50,Bitmap,TRANSCODE,NO,2021-10-28 15:39,Mystery Train (1989),Mystery Train,,7.6,TV-MA::(TV rating),Mystery Train (1989).m4v,/media/daveg/Lib/Movies/Mystery Train (1989).m4v
89218,1,.m4v,H264,366p,23.98,4.48,01:54,Text,DIRECT,NO,2020-09-20 08:02,"Goonies, The (1985)",The Goonies,,7.8,TV-PG::(DLV),The Goonies (1985).m4v,/media/daveg/Lib/Movies/The Goonies (1985).m4v
293662,1,.m4v,H264,480p,23.98,4.47,01:32,Text,DIRECT,NO,2020-10-13 07:19,"Transporter, The (2002)",The Transporter,,8.0,TV-MA::(LSV),The Transporter (2002).m4v,/media/daveg/Lib/Movies/The Transporter (2002).m4v
385307,1,.m4v,H264,360p,23.98,4.47,01:55,Text,DIRECT,NO,2020-09-23 08:02,Miss Congeniality 2: Armed & Fabulous (2005),Miss Congeniality 2: Armed & Fabulous,,5.1,PG-13,Miss Congeniality 2- Armed & Fabulous (2005).m4v,/media/daveg/Lib/Movies/Miss Congeniality 2- Armed & Fabulous (2005).m4v
29741175,1,.m4v,H264,362p,23.98,4.47,-,Bitmap,TRANSCODE,NO,2020-08-29 17:48,"fabuleux destin d'Amélie Poulain, Le (2001)",Le fabuleux destin d'Amélie Poulain,2014-10-25,10.0,NR,Le fabuleux destin d'Amelie Poulain (2001).m4v,/media/daveg/Lib/Movies/Le fabuleux destin d'Amelie Poulain (2001).m4v
75314,1,.m4v,H264,480p,120,4.47,01:54,Text,DIRECT,NO,2020-10-12 06:19,Taxi Driver (1976),Taxi Driver,,10.0,TV-MA::(TV-MA-LV),Taxi Driver (1976).m4v,/media/daveg/Lib/Movies/Taxi Driver (1976).m4v
3219604,1,.m4v,H264,476p,23.98,4.47,01:35,Bitmap,TRANSCODE,NO,2020-09-27 15:04,"Last Man on the Moon, The (2014)",The Last Man on the Moon,2016-09-10,7.5,TV-MA,The Last Man on the Moon (2014).m4v,/media/daveg/Lib/Movies/The Last Man on the Moon (2014).m4v
765451,1,.m4v,H264,480p,23.98,4.47,01:44,Text,DIRECT,NO,2020-09-18 05:17,Fugitive Pieces (2007),Fugitive Pieces,2017-09-16,8.0,R,Fugitive Pieces (2007).m4v,/media/daveg/Lib/Movies/Fugitive Pieces (2007).m4v
1895587,1,.m4v,H264,460p,23.98,4.47,02:09,Bitmap,TRANSCODE,NO,2020-10-09 09:40,Spotlight (2015),Spotlight,2019-10-12,10.0,R,Spotlight (2015).m4v,/media/daveg/Lib/Movies/Spotlight (2015).m4v
57076,1,.m4v,H264,478p,23.98,4.46,01:55,Text,DIRECT,NO,2020-12-08 18:28,From Russia with Love (1963),From Russia with Love,2020-12-15,7.5,PG,From Russia With Love (1963).m4v,/media/daveg/Lib/Movies/From Russia With Love (1963).m4v
1322313,1,.m4v,H264,472p,23.98,4.46,01:41,Bitmap,TRANSCODE,NO,2020-10-11 19:47,Sunshine Superman (2014),Sunshine Superman,2016-06-16,8.5,PG,Sunshine Superman (2014).m4v,/media/daveg/Lib/Movies/Sunshine Superman (2014).m4v
476964,1,.m4v,H264,480p,23.98,4.46,02:02,Bitmap,TRANSCODE,NO,2020-09-04 05:45,"Brave One, The (2007)",The Brave One,2018-09-26,8.0,R,The Brave One (2007).m4v,/media/daveg/Lib/Movies/The Brave One (2007).m4v
48593,1,.m4v,H264,348p,23.98,4.46,01:57,Text,DIRECT,NO,2022-01-27 18:11,"Sea Chase, The (1955)",The Sea Chase,,6.5,Approved,The Sea Chase (1955).m4v,/media/daveg/Lib/Movies/The Sea Chase (1955).m4v
118715,1,.m4v,H264,460p,23.98,4.46,01:57,Bitmap,TRANSCODE,NO,2021-10-28 19:32,"Big Lebowski, The (1998)",The Big Lebowski,2021-11-01,9.0,"TV-14::(DLSV, TV rating)",The Big Lebowski (1998).m4v,/media/daveg/Lib/Movies/The Big Lebowski (1998).m4v
3791216,1,.m4v,H264,480p,23.98,4.45,02:12,Text,DIRECT,NO,2020-08-29 16:15,All the Way (2016),All the Way,2016-12-17,7.5,TV-14,All the Way (2016).m4v,/media/daveg/Lib/Movies/All the Way (2016).m4v
338013,1,.m4v,H264,460p,120,4.45,01:48,Bitmap,TRANSCODE,NO,2020-12-02 19:34,Eternal Sunshine of the Spotless Mind (2004),Eternal Sunshine of the Spotless Mind,2020-12-06,9.5,R,Eternal Sunshine of the Spotless Mind (2004).m4v,/media/daveg/Lib/Movies/Eternal Sunshine of the Spotless Mind (2004).m4v
49470,1,.m4v,H264,462p,23.98,4.45,02:00,Bitmap,TRANSCODE,NO,2020-09-29 23:09,"Man Who Knew Too Much, The (1956)",The Man Who Knew Too Much,,9.0,TV-G::(TV rating),The Man Who Knew Too Much (1956).m4v,/media/daveg/Lib/Movies/The Man Who Knew Too Much (1956).m4v
424509,1,.m4v,H264,480p,29.97,4.45,01:39,Text,DIRECT,NO,2020-12-06 11:32,Touch the Sound: A Sound Journey with Evelyn Glennie (2004),Touch the Sound: A Sound Journey with Evelyn Glennie,2020-12-15,8.0,Not Rated,Touch the Sound- A Sound Journey with Evelyn Glennie (2004).m4v,/media/daveg/Lib/Movies/Touch the Sound- A Sound Journey with Evelyn Glennie (2004).m4v
122690,1,.m4v,H264,368p,47.95,4.45,02:02,Text,DIRECT,NO,2020-10-06 22:51,Ronin (1998),Ronin,,8.0,R,Ronin (1998).m4v,/media/daveg/Lib/Movies/Ronin (1998).m4v
446755,1,.m4v,H264,358p,23.98,4.45,02:05,Text,DIRECT,NO,2020-10-04 20:47,"Painted Veil, The (2006)",The Painted Veil,,8.0,PG-13,The Painted Veil (2006).m4v,/media/daveg/Lib/Movies/The Painted Veil (2006).m4v
81398,1,.m4v,H264,480p,29.97,4.44,02:09,Text,DIRECT,NO,2021-11-01 18:44,Raging Bull (1980),Raging Bull,2021-11-03,8.0,R,Raging Bull (1980).m4v,/media/daveg/Lib/Movies/Raging Bull (1980).m4v
59800,1,.m4v,H264,368p,23.98,4.44,02:10,Text,DIRECT,NO,2020-12-08 18:28,Thunderball (1965),Thunderball,,7.5,Approved,Thunderball (1965).m4v,/media/daveg/Lib/Movies/Thunderball (1965).m4v
4912910,1,.m4v,H264,362p,23.98,4.44,02:27,Text,DIRECT,NO,2020-10-01 14:40,Mission: Impossible - Fallout (2018),Mission: Impossible - Fallout,2026-05-11,10.0,PG-13,Mission- Impossible - Fallout (2018).m4v,/media/daveg/Lib/Movies/Mission- Impossible - Fallout (2018).m4v
4500922,1,.m4v,H264,360p,23.98,4.44,02:23,Text,DIRECT,NO,2020-09-30 13:45,Maze Runner: The Death Cure (2018),Maze Runner: The Death Cure,2018-07-18,6.3,PG-13,Maze Runner- The Death Cure (2018).m4v,/media/daveg/Lib/Movies/Maze Runner- The Death Cure (2018).m4v
1987680,1,.m4v,H264,460p,23.98,4.44,02:06,Bitmap,TRANSCODE,NO,2020-10-13 23:00,"Upside, The (2017)",The Upside,2020-01-30,7.5,PG-13,The Upside (2017).m4v,/media/daveg/Lib/Movies/The Upside (2017).m4v
6723592,1,.m4v,H264,392p,23.98,4.44,02:30,Bitmap,TRANSCODE,NO,2021-03-30 19:58,Tenet (2020),Tenet,,7.5,PG-13,Tenet (2020).m4v,/media/daveg/Lib/Movies/Tenet (2020).m4v
1964418,1,.m4v,H264,392p,23.98,4.44,02:10,Text,DIRECT,NO,2020-10-12 21:05,Tomorrowland (2015),Tomorrowland,2016-01-20,8.5,PG,Tomorrowland (2015).m4v,/media/daveg/Lib/Movies/Tomorrowland (2015).m4v
177971,1,.m4v,H264,372p,23.98,4.44,02:10,Text,DIRECT,NO,2020-10-05 10:28,"Perfect Storm, The (2000)",The Perfect Storm,2023-11-14,8.0,PG-13,The Perfect Storm (2000).m4v,/media/daveg/Lib/Movies/The Perfect Storm (2000).m4v
337741,1,.m4v,H264,464p,120,4.44,02:08,Text,DIRECT,NO,2020-10-08 21:34,Something's Gotta Give (2003),Something's Gotta Give,2020-04-22,7.5,"TV-14::(DLS, TV Rating.)",Something's Gotta Give (2003).m4v,/media/daveg/Lib/Movies/Something's Gotta Give (2003).m4v
2395427,1,.m4v,H264,360p,23.98,4.43,02:21,Text,DIRECT,NO,2020-08-31 15:46,Avengers: Age of Ultron (2015),Avengers: Age of Ultron,2016-01-09,8.0,PG-13,Avengers- Age of Ultron (2015).m4v,/media/daveg/Lib/Movies/Avengers- Age of Ultron (2015).m4v
301727,1,.m4v,H264,460p,120,4.43,01:38,Text,DIRECT,NO,2020-10-15 06:24,Winged Migration (2001),Winged Migration,,8.0,G,Winged Migration (2001).m4v,/media/daveg/Lib/Movies/Winged Migration (2001).m4v
82432,1,.m4v,H264,366p,23.98,4.43,01:50,Text,DIRECT,NO,2020-09-18 09:03,Gallipoli (1981),Gallipoli,,10.0,PG,Gallipoli (1981).m4v,/media/daveg/Lib/Movies/Gallipoli (1981).m4v
1023114,1,.m4v,H264,360p,23.98,4.42,02:13,Bitmap,TRANSCODE,NO,2020-11-23 13:22,"Way Back, The (2010)",The Way Back,,7.0,PG-13,The Way Back (2020).m4v,/media/daveg/Lib/Movies/The Way Back (2020).m4v
8544498,1,.m4v,H264,360p,23.98,4.42,01:48,Bitmap,TRANSCODE,NO,2020-11-23 13:22,"Way Back, The (2020)",The Way Back,2020-11-24,7.5,R,The Way Back (2020).m4v,/media/daveg/Lib/Movies/The Way Back (2020).m4v
385004,1,.m4v,H264,362p,120,4.42,01:59,Bitmap,TRANSCODE,NO,2020-09-21 07:15,House of Flying Daggers (2004),House of Flying Daggers,,8.0,PG-13,House of Flying Daggers (2004).m4v,/media/daveg/Lib/Movies/House of Flying Daggers (2004).m4v
117381,1,.m4v,H264,352p,23.98,4.42,02:09,Text,DIRECT,NO,2020-10-05 16:53,Primal Fear (1996),Primal Fear,,8.0,TV-14::(DLSV),Primal Fear (1996).m4v,/media/daveg/Lib/Movies/Primal Fear (1996).m4v
1872194,1,.m4v,H264,360p,23.98,4.42,02:21,Bitmap,TRANSCODE,NO,2020-09-24 06:09,"Judge, The (2014)",The Judge,2015-03-08,8.0,"TV-14::(DLV, TV Rating.)",The Judge (2014).m4v,/media/daveg/Lib/Movies/The Judge (2014).m4v
47889,1,.m4v,H264,338p,48,4.42,01:50,Text,DIRECT,NO,2022-01-27 19:24,Blood Alley (1955),Blood Alley,,6.3,Approved,Blood Alley (1955).m4v,/media/daveg/Lib/Movies/Blood Alley (1955).m4v
2058673,1,.m4v,H264,360p,23.98,4.41,01:54,Bitmap,TRANSCODE,NO,2020-10-05 13:02,Point Break (2015),Point Break,2020-02-18,9.0,PG-13,Point Break (2015).m4v,/media/daveg/Lib/Movies/Point Break (2015).m4v
119395,1,.m4v,H264,364p,23.98,4.41,02:04,Bitmap,TRANSCODE,NO,2020-09-23 12:56,"Jackal, The (1999)",The Jackal,,8.0,R,The Jackal (1999).m4v,/media/daveg/Lib/Movies/The Jackal (1999).m4v
95953,1,.m4v,H264,462p,23.98,4.40,02:13,Text,DIRECT,NO,2020-10-06 06:13,Rain Man (1988),Rain Man,2019-10-08,10.0,TV-14::(TV rating),Rain Man (1988).m4v,/media/daveg/Lib/Movies/Rain Man (1988).m4v
1825683,1,.m4v,H264,360p,23.98,4.40,02:14,Text,DIRECT,NO,2020-09-02 19:19,Black Panther (2018),Black Panther,2019-08-15,9.0,PG-13,Black Panther (2018).m4v,/media/daveg/Lib/Movies/Black Panther (2018).m4v
71562,1,.m4v,H264,404p,29.97,4.40,03:22,None,-,NO,2021-09-23 05:17,"Godfather Part II, The (1974)",The Godfather Part II,2021-09-24,8.5,TV-MA::(IFC Rating),The Godfather Part II (1974).m4v,/media/daveg/Lib/Movies/The Godfather Part II (1974).m4v
1950186,1,.m4v,H264,364p,23.98,4.40,02:32,Text,DIRECT,NO,2020-09-17 07:40,Ford v Ferrari (2019),Ford v Ferrari,2022-06-13,10.0,TV-14::(LV),Ford v Ferrari (2019).m4v,/media/daveg/Lib/Movies/Ford v Ferrari (2019).m4v
1568911,1,.m4v,H264,360p,23.98,4.40,02:26,Text,DIRECT,NO,2020-10-14 10:41,War Horse (2011),War Horse,,10.0,PG-13,War Horse (2011).m4v,/media/daveg/Lib/Movies/War Horse (2011).m4v
25316,1,.m4v,H264,480p,29.97,4.40,01:45,Text,DIRECT,NO,2020-09-24 08:17,It Happened One Night (1934),It Happened One Night,,8.0,Passed::(National Board of Review),It Happened One Night (1934).m4v,/media/daveg/Lib/Movies/It Happened One Night (1934).m4v
177858,1,.m4v,H264,480p,29.97,4.39,01:39,Bitmap,TRANSCODE,NO,2020-09-21 21:09,In July (2000),In July,,8.0,NR,In July (2000).m4v,/media/daveg/Lib/Movies/In July (2000).m4v
445922,1,.m4v,H264,354p,23.98,4.39,02:13,Text,DIRECT,NO,2020-08-28 17:47,Across the Universe (2007),Across the Universe,2019-10-06,9.0,PG-13,Across the Universe (2007).m4v,/media/daveg/Lib/Movies/Across the Universe (2007).m4v
166896,1,.m4v,H264,368p,120,4.39,01:52,Text,DIRECT,NO,2020-10-11 16:30,"Straight Story, The (1999)",The Straight Story,,8.0,G,The Straight Story (1999).m4v,/media/daveg/Lib/Movies/The Straight Story (1999).m4v
1458175,1,.m4v,H264,364p,120,4.39,02:13,Text,DIRECT,NO,2020-10-03 11:48,"Next Three Days, The (2010)",The Next Three Days,,8.0,"TV-14::(LSV, TV Rating.)",The Next Three Days (2010).m4v,/media/daveg/Lib/Movies/The Next Three Days (2010).m4v
61512,1,.m4v,H264,360p,24.08,4.39,02:07,Bitmap,TRANSCODE,NO,2020-09-10 21:55,Cool Hand Luke (1967),Cool Hand Luke,2019-02-08,8.0,GP,Cool Hand Luke (1967).m4v,/media/daveg/Lib/Movies/Cool Hand Luke (1967).m4v
311113,1,.m4v,H264,360p,23.98,4.39,02:18,Text,DIRECT,NO,2020-09-30 11:21,Master and Commander: The Far Side of the World (2003),Master and Commander: The Far Side of the World,,8.0,PG-13,Master and Commander- The Far Side of the World (2003).m4v,/media/daveg/Lib/Movies/Master and Commander- The Far Side of the World (2003).m4v
315983,1,.m4v,H264,460p,23.98,4.39,02:06,Text,DIRECT,NO,2020-09-21 07:24,House of Sand and Fog (2003),House of Sand and Fog,2019-07-17,8.0,R,House of Sand and Fog (2003).m4v,/media/daveg/Lib/Movies/House of Sand and Fog (2003).m4v
1229822,0,.m4v,H264,462p,23.98,4.39,02:00,Bitmap,TRANSCODE,NO,2020-09-23 13:25,Jane Eyre (2011),Jane Eyre,2024-01-10,7.3,PG-13,Jane Eyre (2011).m4v,/media/daveg/Lib/Movies/Jane Eyre (2011).m4v
273108,1,.m4v,H264,362p,23.98,4.38,02:17,Text,DIRECT,NO,2020-09-01 11:22,"Beautiful Country, The (2004)",The Beautiful Country,2018-11-12,7.5,R,The Beautiful Country (2004).m4v,/media/daveg/Lib/Movies/The Beautiful Country (2004).m4v
848228,1,.m4v,H264,480p,23.98,4.38,02:23,Text,DIRECT,NO,2020-08-30 16:06,"Avengers, The (2012)",The Avengers,,9.0,TV-14::(LV),The Avengers (2012).m4v,/media/daveg/Lib/Movies/The Avengers (2012).m4v
327137,1,.m4v,H264,462p,120,4.38,01:51,Bitmap,TRANSCODE,NO,2020-10-07 19:54,Secondhand Lions (2003),Secondhand Lions,2020-05-01,9.5,PG,Secondhand Lions (2003).m4v,/media/daveg/Lib/Movies/Secondhand Lions (2003).m4v
395169,1,.m4v,H264,368p,120,4.38,02:01,Text,DIRECT,NO,2020-09-21 05:26,Hotel Rwanda (2005),Hotel Rwanda,,10.0,PG-13,Hotel Rwanda (2005).m4v,/media/daveg/Lib/Movies/Hotel Rwanda (2005).m4v
36342,1,.m4v,H264,480p,120,4.38,01:48,Bitmap,TRANSCODE,NO,2020-10-08 07:00,Shadow of a Doubt (1943),Shadow of a Doubt,,8.0,Passed::(National Board of Review),Shadow of a Doubt (1943).m4v,/media/daveg/Lib/Movies/Shadow of a Doubt (1943).m4v
42192,1,.m4v,H264,480p,23.98,4.38,02:18,Text,DIRECT,NO,2021-09-15 16:47,All About Eve (1950),All About Eve,,8.2,Passed::(National Board of Review),All About Eve (1950).m4v,/media/daveg/Lib/Movies/All About Eve (1950).m4v
985699,1,.m4v,H264,464p,23.98,4.38,02:01,Text,DIRECT,NO,2020-10-14 04:46,Valkyrie (2008),Valkyrie,,8.0,PG-13,Valkyrie (2008).m4v,/media/daveg/Lib/Movies/Valkyrie (2008).m4v
443680,1,.m4v,H264,360p,23.98,4.38,02:40,Bitmap,TRANSCODE,NO,2020-08-31 04:42,"Assassination of Jesse James by the Coward Robert Ford, The (2007)",The Assassination of Jesse James by the Coward Robert Ford,2015-06-17,8.0,R,The Assassination of Jesse James by the Coward Robert Ford (2007).m4v,/media/daveg/Lib/Movies/The Assassination of Jesse James by the Coward Robert Ford (2007).m4v
964517,1,.m4v,H264,356p,23.98,4.37,01:56,Text,DIRECT,NO,2020-09-15 15:33,"Fighter, The (2010)",The Fighter,,8.0,"TV-14::(DLSV, TV Rating.)",The Fighter (2010).m4v,/media/daveg/Lib/Movies/The Fighter (2010).m4v
796366,1,.m4v,H264,360p,120,4.37,02:07,Text,DIRECT,NO,2020-10-11 12:56,Star Trek (2009),Star Trek,,10.0,PG-13,Star Trek (2009).m4v,/media/daveg/Lib/Movies/Star Trek (2009).m4v
113189,1,.m4v,H264,362p,29.97,4.37,02:10,Text,DIRECT,NO,2020-09-13 14:59,GoldenEye (1995),GoldenEye,,8.0,"TV-14::(LSV, TV Rating.)",Goldeneye (1995).m4v,/media/daveg/Lib/Movies/James Bond 007/Goldeneye (1995).m4v
1048171,1,.m4v,H264,472p,23.98,4.37,02:05,Bitmap,TRANSCODE,NO,2020-10-07 23:20,Seraphine (2008),Seraphine,,8.0,Unrated,Seraphine (2008).m4v,/media/daveg/Lib/Movies/Seraphine (2008).m4v
46912,1,.m4v,H264,480p,23.98,4.37,01:45,Text,DIRECT,NO,2020-09-12 11:56,Dial M for Murder (1954),Dial M for Murder,,8.0,PG,Dial M for Murder (1954).m4v,/media/daveg/Lib/Movies/Dial M for Murder (1954).m4v
1258197,1,.m4v,H264,368p,23.98,4.36,01:41,Bitmap,TRANSCODE,NO,2020-09-14 19:33,Exam (2009),Exam,2017-08-07,8.0,Not Rated,Exam (2009).m4v,/media/daveg/Lib/Movies/Exam (2009).m4v
8969332,1,.m4v,H264,360p,23.98,4.35,01:31,Bitmap,TRANSCODE,NO,2020-09-02 09:00,"Biggest Little Farm, The (2018)",The Biggest Little Farm,2022-06-08,9.0,PG,The Biggest Little Farm (2018).m4v,/media/daveg/Lib/Movies/The Biggest Little Farm (2018).m4v
2771200,1,.m4v,H264,360p,23.98,4.35,02:09,Text,DIRECT,NO,2020-09-01 12:55,Beauty and the Beast (2017),Beauty and the Beast,2017-09-22,7.5,TV-PG::(TV Rating),Beauty and the Beast (2017).m4v,/media/daveg/Lib/Movies/Beauty and the Beast (2017).m4v
1205489,1,.m4v,H264,360p,47.95,4.35,01:56,Bitmap,TRANSCODE,NO,2020-09-19 08:11,Gran Torino (2008),Gran Torino,2019-06-07,10.0,R,Gran Torino (2008).m4v,/media/daveg/Lib/Movies/Gran Torino (2008).m4v
143145,1,.m4v,H264,370p,23.98,4.35,02:08,Text,DIRECT,NO,2020-12-08 19:44,"World Is Not Enough, The (1999)",The World Is Not Enough,2020-12-15,8.0,PG-13,The World is Not Enough (1999).m4v,/media/daveg/Lib/Movies/The World is Not Enough (1999).m4v
1235189,1,.m4v,H264,366p,23.98,4.35,01:38,Text,DIRECT,NO,2020-10-14 23:08,Wild Target (2010),Wild Target,,8.0,PG-13,Wild Target (2010).m4v,/media/daveg/Lib/Movies/Wild Target (2010).m4v
3183660,1,.m4v,H264,360p,23.98,4.34,02:12,Bitmap,TRANSCODE,NO,2020-09-15 07:53,Fantastic Beasts and Where to Find Them (2016),Fantastic Beasts and Where to Find Them,2019-01-04,7.5,TV-PG::(TV rating),Fantastic Beasts and Where to Find Them (2016).m4v,/media/daveg/Lib/Movies/Fantastic Beasts and Where to Find Them (2016).m4v
1800241,1,.m4v,H264,360p,23.98,4.34,02:18,Bitmap,TRANSCODE,NO,2020-08-29 20:46,American Hustle (2013),American Hustle,2023-11-14,8.0,"TV-14::(DLSV, TV Rating.)",American Hustle (2013).m4v,/media/daveg/Lib/Movies/American Hustle (2013).m4v
317919,1,.m4v,H264,370p,23.98,4.34,02:06,Text,DIRECT,NO,2020-10-01 14:02,Mission: Impossible III (2006),Mission: Impossible III,2021-03-11,10.0,PG-13,Mission- Impossible III (2006).m4v,/media/daveg/Lib/Movies/Mission- Impossible III (2006).m4v
8884430,1,.m4v,H264,480p,23.98,4.33,01:22,Bitmap,TRANSCODE,NO,2020-10-17 16:11,Echo in the Canyon (2018),Echo in the Canyon,2020-10-17,9.0,PG-13,Echo in the Canyon (2018).m4v,/media/daveg/Lib/Movies/Echo in the Canyon (2018).m4v
105112,1,.m4v,H264,280p,23.98,4.32,01:57,Text,DIRECT,NO,2020-10-05 05:43,Patriot Games (1992),Patriot Games,,8.0,R,Patriot Games (1992).m4v,/media/daveg/Lib/Movies/Patriot Games (1992).m4v
2097298,1,.m4v,H264,356p,23.98,4.32,02:09,Text,DIRECT,NO,2020-09-30 14:59,"McFarland, USA (2015)","McFarland, USA",,8.0,PG,"McFarland, USA (2015).m4v","/media/daveg/Lib/Movies/McFarland, USA (2015).m4v"
3532216,1,.m4v,H264,460p,23.98,4.32,01:55,Bitmap,TRANSCODE,NO,2020-08-29 20:58,American Made (2017),American Made,2020-01-31,7.5,R,American Made (2017).m4v,/media/daveg/Lib/Movies/American Made (2017).m4v
60165,1,.m4v,H264,480p,23.98,4.31,01:35,Bitmap,TRANSCODE,NO,2020-09-02 06:40,"Big Hand for the Little Lady, A (1966)",A Big Hand for the Little Lady,2020-10-12,8.0,TV-PG::(TV Rating),A Big Hand for the Little Lady (1966).m4v,/media/daveg/Lib/Movies/A Big Hand for the Little Lady (1966).m4v
46187,1,.m4v,H264,480p,29.97,4.31,01:20,Bitmap,TRANSCODE,NO,2020-10-05 10:39,Pickup on South Street (1953),Pickup on South Street,2016-04-18,8.5,Passed::(National Board of Review),Pickup on South Street (1953).m4v,/media/daveg/Lib/Movies/Pickup on South Street (1953).m4v
415965,1,.m4v,H264,460p,29.97,4.30,01:46,Text,DIRECT,NO,2020-09-30 09:52,Martian Child (2007),Martian Child,,8.0,PG,Martian Child (2007).m4v,/media/daveg/Lib/Movies/Martian Child (2007).m4v
4633694,1,.m4v,H264,364p,23.98,4.30,01:57,Bitmap,TRANSCODE,NO,2020-10-09 05:18,Spider-Man: Into the Spider-Verse (2018),Spider-Man: Into the Spider-Verse,2020-08-20,8.5,TV-PG::(LV),Spider-Man- Into the Spider-Verse (2018).m4v,/media/daveg/Lib/Movies/Spider-Man- Into the Spider-Verse (2018).m4v
7008872,1,.m4v,H264,468p,23.98,4.30,01:55,Bitmap,TRANSCODE,NO,2020-09-03 21:39,Boy Erased (2018),Boy Erased,2019-05-13,8.0,R,Boy Erased (2018).m4v,/media/daveg/Lib/Movies/Boy Erased (2018).m4v
2080374,1,.m4v,H264,356p,23.98,4.29,02:02,Bitmap,TRANSCODE,NO,2020-10-11 13:40,Steve Jobs (2015),Steve Jobs,2016-04-17,7.5,R,Steve Jobs (2015).m4v,/media/daveg/Lib/Movies/Steve Jobs (2015).m4v
31971,1,.m4v,H264,446p,23.98,4.29,01:36,Bitmap,TRANSCODE,NO,2020-10-09 11:29,Stagecoach (1939),Stagecoach,,9.0,Passed::(National Board of Review),Stagecoach (1939).m4v,/media/daveg/Lib/Movies/Stagecoach (1939).m4v
2638144,1,.m4v,H264,360p,23.98,4.29,02:03,Text,DIRECT,NO,2020-09-01 20:50,Ben-Hur (2016),Ben-Hur,2017-04-23,7.5,PG-13,Ben-Hur (2016).m4v,/media/daveg/Lib/Movies/Ben-Hur (2016).m4v
426931,1,.m4v,H264,360p,23.98,4.29,01:54,Bitmap,TRANSCODE,NO,2020-08-31 06:30,August Rush (2007),August Rush,,8.0,PG,August Rush (2007).m4v,/media/daveg/Lib/Movies/August Rush (2007).m4v
1853728,1,.m4v,H264,354p,23.98,4.29,02:45,Bitmap,TRANSCODE,NO,2020-09-12 16:03,Django Unchained (2012),Django Unchained,,10.0,R,Django Unchained (2012).m4v,/media/daveg/Lib/Movies/Django Unchained (2012).m4v
449059,1,.m4v,H264,360p,23.98,4.29,01:41,Text,DIRECT,NO,2020-09-28 12:14,Little Miss Sunshine (2006),Little Miss Sunshine,,10.0,R,Little Miss Sunshine (2006).m4v,/media/daveg/Lib/Movies/Little Miss Sunshine (2006).m4v
128442,1,.m4v,H264,360p,23.98,4.28,02:01,Text,DIRECT,NO,2020-10-07 04:41,Rounders (1998),Rounders,,8.0,R,Rounders (1998).m4v,/media/daveg/Lib/Movies/Rounders (1998).m4v
66344,1,.m4v,H264,364p,23.98,4.28,01:53,Text,DIRECT,NO,2020-09-09 12:36,Scrooge (1970),Scrooge,,7.5,TV-G,Scrooge (1970).m4v,/media/daveg/Lib/Movies/Christmas/Scrooge (1970).m4v
824747,1,.m4v,H264,354p,23.98,4.28,02:21,Bitmap,TRANSCODE,NO,2020-09-07 15:45,Changeling (2008),Changeling,,8.0,R,Changeling (2008).m4v,/media/daveg/Lib/Movies/Changeling (2008).m4v
1959490,1,.m4v,H264,472p,23.98,4.28,02:18,Text,DIRECT,NO,2020-10-03 15:21,Noah (2014),Noah,,8.0,PG-13,Noah (2014).m4v,/media/daveg/Lib/Movies/Noah (2014).m4v
120791,1,.m4v,H264,358p,47.95,4.28,01:44,Text,DIRECT,NO,2020-09-22 14:22,Practical Magic (1998),Practical Magic,,6.3,TV-14::(DLV),Practical Magic (1998).m4v,/media/daveg/Lib/Movies/Practical Magic (1998).m4v
246772,1,.m4v,H264,480p,23.98,4.28,01:49,Bitmap,TRANSCODE,NO,2020-10-02 10:26,Mostly Martha (2002),Mostly Martha,,8.0,PG,Mostly Martha (2002).m4v,/media/daveg/Lib/Movies/Mostly Martha (2002).m4v
42546,1,.m4v,H264,480p,23.98,4.28,01:44,Bitmap,TRANSCODE,NO,2020-09-19 17:18,Harvey (1950),Harvey,,10.0,Approved,Harvey (1950).m4v,/media/daveg/Lib/Movies/Harvey (1950).m4v
33467,1,.m4v,H264,480p,47.95,4.28,01:59,Text,DIRECT,NO,2021-09-15 14:11,Citizen Kane (1941),Citizen Kane,,8.3,TV-PG::(TV Rating),Citizen Kane (1941).m4v,/media/daveg/Lib/Movies/Citizen Kane (1941).m4v
2702920,1,.m4v,H264,460p,23.98,4.28,01:39,Bitmap,TRANSCODE,NO,2021-06-17 14:00,"Secret Garden, The (2020)",The Secret Garden,2021-08-10,7.0,PG,The Secret Garden (2020).m4v,/media/daveg/Lib/Movies/The Secret Garden (2020).m4v
1821480,1,.m4v,H264,364p,23.98,4.27,02:02,Bitmap,TRANSCODE,NO,2020-09-24 13:41,Kahaani (2012),Kahaani,,8.5,Not Rated,Kahaani (2012).m4v,/media/daveg/Lib/Movies/Kahaani (2012).m4v
86979,1,.m4v,H264,472p,23.98,4.27,01:39,Text,DIRECT,NO,2020-09-03 06:16,Blood Simple (1984),Blood Simple,,8.0,R,Blood Simple (1984).m4v,/media/daveg/Lib/Movies/Blood Simple (1984).m4v
1094925,1,.m4v,H264,360p,23.98,4.26,-,Bitmap,TRANSCODE,NO,2020-09-28 13:50,"Lives of Others, The (2007)",The Lives of Others,,8.0,NR,The Lives of Others (2007).m4v,/media/daveg/Lib/Movies/The Lives of Others (2007).m4v
1259528,1,.m4v,H264,360p,23.98,4.26,02:20,Bitmap,TRANSCODE,NO,2020-09-12 08:02,Den of Thieves (2018),Den of Thieves,2018-08-30,8.0,TV-14::(DLV),Den of Thieves (2018).m4v,/media/daveg/Lib/Movies/Den of Thieves (2018).m4v
59578,1,.m4v,H264,276p,23.98,4.26,02:12,Text,DIRECT,NO,2020-09-17 06:44,For a Few Dollars More (1965),For a Few Dollars More,,8.0,R,For a Few Dollars More (1965).m4v,/media/daveg/Lib/Movies/For a Few Dollars More (1965).m4v
3007512,1,.m4v,H264,364p,23.98,4.26,01:51,Bitmap,TRANSCODE,NO,2020-10-14 12:19,"Water Diviner, The (2014)",The Water Diviner,2016-04-14,7.5,R,The Water Diviner (2014).m4v,/media/daveg/Lib/Movies/The Water Diviner (2014).m4v
340377,1,.m4v,H264,466p,120,4.26,01:29,Text,DIRECT,NO,2020-10-11 15:01,"Station Agent, The (2003)",The Station Agent,,8.0,R,The Station Agent (2003).m4v,/media/daveg/Lib/Movies/The Station Agent (2003).m4v
8335218,1,.m4v,H264,364p,23.98,4.26,00:45,Bitmap,TRANSCODE,NO,2021-08-16 14:36,No Man's Land (2020),No Man's Land,2021-08-24,8.0,PG-13,No Man's Land (2020).m4v,/media/daveg/Lib/Movies/No Man's Land (2020).m4v
2708254,1,.m4v,H264,480p,23.98,4.25,01:40,Bitmap,TRANSCODE,NO,2020-09-28 07:27,Life of a King (2013),Life of a King,,8.0,PG-13,Life of a King (2013).m4v,/media/daveg/Lib/Movies/Life of a King (2013).m4v
1397280,1,.m4v,H264,364p,23.98,4.25,01:32,Text,DIRECT,NO,2020-10-12 04:13,Taken 2 (2012),Taken 2,,7.0,PG-13,Taken 2 (2012).m4v,/media/daveg/Lib/Movies/Taken 2 (2012).m4v
121766,1,.m4v,H264,364p,23.98,4.24,02:20,Text,DIRECT,NO,2020-10-04 06:28,Star Wars: Episode III - Revenge of the Sith (2005),Star Wars: Episode III - Revenge of the Sith,,10.0,TV-14::(LV),Star Wars- Episode III - Revenge of the Sith (2005).m4v,/media/daveg/Lib/Movies/Star Wars- Episode III - Revenge of the Sith (2005).m4v
1100089,1,.m4v,H264,468p,23.98,4.24,02:14,Bitmap,TRANSCODE,NO,2020-09-17 15:20,Foxcatcher (2014),Foxcatcher,2015-05-01,7.5,R,Foxcatcher (2014).m4v,/media/daveg/Lib/Movies/Foxcatcher (2014).m4v
1270798,1,.m4v,H264,368p,23.98,4.23,02:11,Text,DIRECT,NO,2020-10-15 12:55,X-Men: First Class (2011),X-Men: First Class,2014-08-24,7.5,TV-14::(LSV),X-Men- First Class (2011).m4v,/media/daveg/Lib/Movies/X-Men- First Class (2011).m4v
1872181,1,.m4v,H264,360p,23.98,4.23,02:22,Bitmap,TRANSCODE,NO,2020-10-09 04:33,"Amazing Spider-Man 2, The (2014)",The Amazing Spider-Man 2,2020-08-06,7.5,TV-PG,The Amazing Spider-Man 2 (2014).m4v,/media/daveg/Lib/Movies/The Amazing Spider-Man 2 (2014).m4v
3882074,1,.m4v,H264,468p,23.98,4.23,01:27,Bitmap,TRANSCODE,NO,2020-09-13 08:45,"Eagle Huntress, The (2016)",The Eagle Huntress,2017-06-20,7.5,G,The Eagle Huntress (2016).m4v,/media/daveg/Lib/Movies/The Eagle Huntress (2016).m4v
2515030,1,.m4v,H264,368p,23.98,4.23,02:00,Bitmap,TRANSCODE,NO,2020-09-14 14:34,Escobar: Paradise Lost (2014),Escobar: Paradise Lost,2016-01-16,8.0,R,Escobar- Paradise Lost (2014).m4v,/media/daveg/Lib/Movies/Escobar- Paradise Lost (2014).m4v
405159,1,.m4v,H264,362p,47.95,4.23,02:12,Text,DIRECT,NO,2020-10-01 05:50,Million Dollar Baby (2004),Million Dollar Baby,,9.0,"TV-14::(L, V)",Million Dollar Baby (2004).m4v,/media/daveg/Lib/Movies/Million Dollar Baby (2004).m4v
1935179,1,.m4v,H264,364p,23.98,4.23,02:10,Text,DIRECT,NO,2020-10-02 17:13,Mud (2012),Mud,,7.5,PG-13,Mud (2012).m4v,/media/daveg/Lib/Movies/Mud (2012).m4v
113627,1,.m4v,H264,480p,23.98,4.22,01:51,Text,DIRECT,NO,2020-09-27 20:25,Leaving Las Vegas (1995),Leaving Las Vegas,,10.0,R,Leaving Las Vegas (1995).m4v,/media/daveg/Lib/Movies/Leaving Las Vegas (1995).m4v
352248,1,.m4v,H264,362p,120,4.22,02:24,Bitmap,TRANSCODE,NO,2020-09-10 06:07,Cinderella Man (2005),Cinderella Man,,8.0,PG-13,Cinderella Man (2005).m4v,/media/daveg/Lib/Movies/Cinderella Man (2005).m4v
1836808,1,.m4v,H264,368p,23.98,4.22,02:08,Text,DIRECT,NO,2020-09-19 09:30,Great Expectations (2012),Great Expectations,2015-01-31,9.0,PG-13,Great Expectations (2012).m4v,/media/daveg/Lib/Movies/Great Expectations (2012).m4v
473308,1,.m4v,H264,472p,23.98,4.22,01:48,Text,DIRECT,NO,2020-10-14 07:22,Waitress (2007),Waitress,,8.0,PG-13,Waitress (2007).m4v,/media/daveg/Lib/Movies/Waitress (2007).m4v
419279,1,.m4v,H264,480p,23.98,4.21,01:30,Bitmap,TRANSCODE,NO,2020-10-15 14:02,Yesterday (2004),Yesterday,,8.0,R,Yesterday (2004).m4v,/media/daveg/Lib/Movies/Yesterday (2004).m4v
427470,1,.m4v,H264,358p,29.97,4.21,01:39,Text,DIRECT,NO,2020-09-28 18:34,"Lookout, The (2007)",The Lookout,,8.0,R,The Lookout (2007).m4v,/media/daveg/Lib/Movies/The Lookout (2007).m4v
2557276,1,.m4v,H264,480p,23.92,4.21,01:40,Bitmap,TRANSCODE,NO,2020-08-29 05:32,Against the Sun (2014),Against the Sun,2015-08-30,7.5,PG,Against the Sun (2014).m4v,/media/daveg/Lib/Movies/Against the Sun (2014).m4v
3480822,1,.m4v,H264,360p,23.98,4.21,02:14,Text,DIRECT,NO,2021-12-15 12:31,Black Widow (2021),Black Widow,2021-12-20,7.5,PG-13::(certificate#52793),Black Widow (2021).m4v,/media/daveg/Lib/Movies/Black Widow (2021).m4v
5726616,1,.m4v,H264,472p,23.98,4.20,02:12,Bitmap,TRANSCODE,NO,2020-09-06 16:17,Call Me by Your Name (2017),Call Me by Your Name,,8.0,R,Call Me by Your Name (2017).m4v,/media/daveg/Lib/Movies/Call Me by Your Name (2017).m4v
68699,1,.m4v,H264,282p,47.95,4.20,01:45,Bitmap,TRANSCODE,NO,2020-09-20 13:41,High Plains Drifter (1973),High Plains Drifter,,8.0,"TV-14::(LSV, TV Rating.)",High Plains Drifter (1973).m4v,/media/daveg/Lib/Movies/High Plains Drifter (1973).m4v
9620288,1,.m4v,H264,356p,23.98,4.20,02:24,Bitmap,TRANSCODE,NO,2022-03-28 18:20,King Richard (2021),King Richard,2022-04-07,9.0,PG-13,King Richard (2021).m4v,/media/daveg/Lib/Movies/King Richard (2021).m4v
43972,1,.m4v,H264,478p,29.97,4.20,01:39,Bitmap,TRANSCODE,NO,2020-10-06 19:25,"River, The (1951)",The River,,8.0,Approved,The River (1951).m4v,/media/daveg/Lib/Movies/The River (1951).m4v
38787,1,.m4v,H264,480p,23.98,4.20,01:42,Text,DIRECT,NO,2020-10-03 20:20,Notorious (1946),Notorious,,10.0,Not Rated,Notorious (1946).m4v,/media/daveg/Lib/Movies/Notorious (1946).m4v
3501632,1,.m4v,H264,360p,23.98,4.19,02:10,Text,DIRECT,NO,2020-10-12 15:25,Thor: Ragnarok (2017),Thor: Ragnarok,2018-09-16,8.0,PG-13,Thor- Ragnarok (2017).m4v,/media/daveg/Lib/Movies/Thor- Ragnarok (2017).m4v
498380,1,.m4v,H264,362p,47.95,4.19,02:21,Bitmap,TRANSCODE,NO,2020-09-28 08:45,Letters from Iwo Jima (2006),Letters from Iwo Jima,2019-11-16,8.0,R,Letters from Iwo Jima (2006).m4v,/media/daveg/Lib/Movies/Letters from Iwo Jima (2006).m4v
1132620,1,.m4v,H264,368p,23.98,4.19,02:32,Bitmap,TRANSCODE,NO,2020-09-18 17:25,"Girl with the Dragon Tattoo, The (2009)",The Girl with the Dragon Tattoo,2014-8-24,9.0,R,The Girl with the Dragon Tattoo (2009).m4v,/media/daveg/Lib/Movies/The Girl with the Dragon Tattoo (2009).m4v
145681,1,.m4v,H264,364p,23.98,4.18,01:58,Bitmap,TRANSCODE,NO,2020-09-03 13:48,"Bone Collector, The (1999)",The Bone Collector,,8.0,TV-14::(DLV),The Bone Collector (1999).m4v,/media/daveg/Lib/Movies/The Bone Collector (1999).m4v
970179,1,.m4v,H264,478p,23.98,4.18,02:06,Text,DIRECT,NO,2020-09-21 10:03,Hugo (2011),Hugo,,8.0,PG,Hugo (2011).m4v,/media/daveg/Lib/Movies/Hugo (2011).m4v
97441,1,.m4v,H264,470p,120,4.18,02:02,Text,DIRECT,NO,2020-09-18 19:08,Glory (1989),Glory,,8.0,"TV-14::(LV, TV Rating.)",Glory (1989).m4v,/media/daveg/Lib/Movies/Glory (1989).m4v
6320628,1,.m4v,H264,360p,23.98,4.18,02:09,Bitmap,TRANSCODE,NO,2020-10-09 08:42,Spider-Man: Far from Home (2019),Spider-Man: Far from Home,2019-12-28,8.5,TV-14::(TV rating),Spider-Man- Far from Home (2019).m4v,/media/daveg/Lib/Movies/Spider-Man- Far from Home (2019).m4v
44706,1,.m4v,H264,480p,23.98,4.18,01:25,Text,DIRECT,NO,2020-09-20 16:43,High Noon (1952),High Noon,,8.0,Passed::(National Board of Review),High Noon (1952).m4v,/media/daveg/Lib/Movies/High Noon (1952).m4v
45883,1,.m4v,H264,480p,23.98,4.17,01:23,Text,DIRECT,NO,2020-09-20 22:37,Hondo (1953),Hondo,,8.0,Approved,Hondo (1953).m4v,/media/daveg/Lib/Movies/Hondo (1953).m4v
80684,1,.m4v,H264,364p,23.98,4.17,02:04,Text,DIRECT,NO,2020-10-04 08:06,Star Wars: Episode V - The Empire Strikes Back (1980),Star Wars: Episode V - The Empire Strikes Back,,10.0,"TV-PG::(LV, TV rating)",Star Wars- Episode V - The Empire Strikes Back (1980).m4v,/media/daveg/Lib/Movies/Star Wars- Episode V - The Empire Strikes Back (1980).m4v
9376612,1,.m4v,H264,360p,23.98,4.16,02:12,Text,DIRECT,NO,2022-08-05 17:37,Shang-Chi and the Legend of the Ten Rings (2021),Shang-Chi and the Legend of the Ten Rings,2022-10-31,7.5,PG-13,Shang-Chi and the Legend of the Ten Rings (2021).m4v,/media/daveg/Lib/Movies/Shang-Chi and the Legend of the Ten Rings (2021).m4v
2209418,1,.m4v,H264,472p,23.98,4.16,01:49,Bitmap,TRANSCODE,NO,2020-09-01 16:16,Before Midnight (2013),Before Midnight,,8.0,R,Before Midnight (2013).m4v,/media/daveg/Lib/Movies/Before Midnight (2013).m4v
1619029,1,.m4v,H264,480p,23.98,4.16,01:40,Text,DIRECT,NO,2020-09-23 07:54,Jackie (2016),Jackie,2017-04-17,6.9,R,Jackie (2016).m4v,/media/daveg/Lib/Movies/Jackie (2016).m4v
55257,1,.m4v,H264,478p,29.97,4.16,02:21,None,-,NO,2020-10-04 15:33,One-Eyed Jacks (1961),One-Eyed Jacks,2015-05-13,10.0,Not Rated,One-Eyed Jacks (1961).m4v,/media/daveg/Lib/Movies/One-Eyed Jacks (1961).m4v
453467,1,.m4v,H264,356p,120,4.16,02:06,Text,DIRECT,NO,2020-09-12 05:50,Deja Vu (2006),Deja Vu,,10.0,PG-13,Deja Vu (2006).m4v,/media/daveg/Lib/Movies/Deja Vu (2006).m4v
100802,1,.m4v,H264,472p,29.97,4.16,01:53,Text,DIRECT,NO,2020-10-12 23:00,Total Recall (1990),Total Recall,,8.0,"TV-14::(DLSV, TV Rating.)",Total Recall (1990).m4v,/media/daveg/Lib/Movies/Total Recall (1990).m4v
1386703,1,.m4v,H264,472p,29.97,4.16,01:58,Text,DIRECT,NO,2020-10-12 23:00,Total Recall (2012),Total Recall,,6.0,PG-13,Total Recall (1990).m4v,/media/daveg/Lib/Movies/Total Recall (1990).m4v
181536,1,.m4v,H264,366p,120,4.15,02:16,Text,DIRECT,NO,2020-09-17 20:07,Finding Forrester (2000),Finding Forrester,,10.0,PG-13,Finding Forrester (2000).m4v,/media/daveg/Lib/Movies/Finding Forrester (2000).m4v
385887,1,.m4v,H264,472p,48,4.15,02:24,Bitmap,TRANSCODE,NO,2020-09-28 19:23,Motherless Brooklyn (2019),Motherless Brooklyn,2020-09-28,8.0,TV-14::(DLSV),Motherless Brooklyn (2019).m4v,/media/daveg/Lib/Movies/Motherless Brooklyn (2019).m4v
6882604,1,.m4v,H264,380p,23.98,4.15,01:49,Text,DIRECT,NO,2021-05-17 11:46,Archive (2020),Archive,2021-06-15,8.5,TV-MA,Archive (2020).m4v,/media/daveg/Lib/Movies/Archive (2020).m4v
800369,1,.m4v,H264,368p,23.98,4.14,01:55,Text,DIRECT,NO,2020-10-12 16:43,Thor (2011),Thor,,7.0,TV-14::(LV),Thor (2011).m4v,/media/daveg/Lib/Movies/Thor (2011).m4v
265666,1,.m4v,H264,356p,120,4.14,01:50,Bitmap,TRANSCODE,NO,2020-10-07 05:57,"Royal Tenenbaums, The (2001)",The Royal Tenenbaums,,8.0,R,The Royal Tenenbaums (2001).m4v,/media/daveg/Lib/Movies/The Royal Tenenbaums (2001).m4v
390022,1,.m4v,H264,362p,120,4.14,01:58,Bitmap,TRANSCODE,NO,2020-09-17 21:58,Friday Night Lights (2004),Friday Night Lights,,8.0,PG-13,Friday Night Lights (2004).m4v,/media/daveg/Lib/Movies/Friday Night Lights (2004).m4v
112769,1,.m4v,H264,480p,47.95,4.14,01:51,Bitmap,TRANSCODE,NO,2021-10-05 20:56,"Cérémonie, La (1995)",La Cérémonie,,7.5,Not Rated,La Ceremonie (1995).m4v,/media/daveg/Lib/Movies/La Ceremonie (1995).m4v
4046784,1,.m4v,H264,360p,23.98,4.14,02:11,Text,DIRECT,NO,2020-09-30 13:48,Maze Runner: The Scorch Trials (2015),Maze Runner: The Scorch Trials,2016-07-15,6.4,PG-13,Maze Runner- The Scorch Trials (2015).m4v,/media/daveg/Lib/Movies/Maze Runner- The Scorch Trials (2015).m4v
45919,1,.m4v,H264,480p,47.95,4.14,01:49,Text,DIRECT,NO,2020-09-22 20:23,Island in the Sky (1953),Island in the Sky,2016-06-30,7.5,Approved,Island in the Sky (1953).m4v,/media/daveg/Lib/Movies/Island in the Sky (1953).m4v
40338,1,.m4v,H264,448p,120,4.14,01:35,Bitmap,TRANSCODE,NO,2020-09-15 05:50,"Fallen Idol, The (1948)",The Fallen Idol,,8.0,Approved,The Fallen Idol (1948).m4v,/media/daveg/Lib/Movies/The Fallen Idol (1948).m4v
437800,1,.m4v,H264,360p,29.97,4.13,01:52,Text,DIRECT,NO,2020-08-29 06:37,Akeelah and the Bee (2006),Akeelah and the Bee,,9.0,PG,Akeelah and the Bee (2006).m4v,/media/daveg/Lib/Movies/Akeelah and the Bee (2006).m4v
1385826,1,.m4v,H264,460p,23.98,4.13,01:46,Bitmap,TRANSCODE,NO,2020-08-28 20:35,"Adjustment Bureau, The (2011)",The Adjustment Bureau,2020-04-15,8.0,PG-13,The Adjustment Bureau (2011).m4v,/media/daveg/Lib/Movies/The Adjustment Bureau (2011).m4v
417741,1,.m4v,H264,360p,23.98,4.13,02:33,Bitmap,TRANSCODE,NO,2020-09-06 06:22,Harry Potter and the Half-Blood Prince (2009),Harry Potter and the Half-Blood Prince,,10.0,PG,Harry Potter and the Half-Blood Prince (2009).m4v,/media/daveg/Lib/Movies/Harry Potter/Harry Potter and the Half-Blood Prince (2009).m4v
3521164,1,.m4v,H264,364p,23.98,4.12,01:47,Text,DIRECT,NO,2020-10-01 23:08,Moana (2016),Moana,2017-09-03,8.0,TV-PG::(V),Moana (2016).m4v,/media/daveg/Lib/Movies/Moana (2016).m4v
120347,1,.m4v,H264,356p,23.98,4.12,01:59,Text,DIRECT,NO,2020-09-13 13:16,Tomorrow Never Dies (1997),Tomorrow Never Dies,,8.0,PG-13,Tomorrow Never Dies (1997).m4v,/media/daveg/Lib/Movies/James Bond 007/Tomorrow Never Dies (1997).m4v
49902,1,.m4v,H264,480p,29.97,4.11,01:41,None,-,NO,2021-10-14 21:37,"Man Escaped, A (1956)",A Man Escaped,,8.3,Not Rated,A Man Escaped (1956).m4v,/media/daveg/Lib/Movies/A Man Escaped (1956).m4v
2935510,1,.m4v,H264,360p,23.98,4.11,02:03,Text,DIRECT,NO,2020-08-28 19:22,Ad Astra (2019),Ad Astra,2024-06-09,7.5,PG-13,Ad Astra (2019).m4v,/media/daveg/Lib/Movies/Ad Astra (2019).m4v
9419884,1,.m4v,H264,360p,23.98,4.11,02:06,Text,DIRECT,NO,2022-10-22 15:25,Doctor Strange in the Multiverse of Madness (2022),Doctor Strange in the Multiverse of Madness,2022-11-19,7.5,PG-13,Doctor Strange in the Multiverse of Madness (2022).m4v,/media/daveg/Lib/Movies/Doctor Strange in the Multiverse of Madness (2022).m4v
368008,1,.m4v,H264,480p,23.98,4.11,02:09,Text,DIRECT,NO,2020-09-30 06:29,"Manchurian Candidate, The (2004)",The Manchurian Candidate,,9.0,R,The Manchurian Candidate (2004).m4v,/media/daveg/Lib/Movies/The Manchurian Candidate (2004).m4v
3659388,1,.m4v,H264,360p,23.98,4.11,02:24,Text,DIRECT,NO,2020-09-30 09:37,"Martian, The (2015)",The Martian,2024-06-06,10.0,TV-MA::(FX rating),The Martian (2015).m4v,/media/daveg/Lib/Movies/The Martian (2015).m4v
252444,1,.m4v,H264,362p,120,4.10,01:34,Text,DIRECT,NO,2020-10-06 04:39,Rabbit-Proof Fence (2002),Rabbit-Proof Fence,,10.0,TV-PG::(cable rating),Rabbit-Proof Fence (2002).m4v,/media/daveg/Lib/Movies/Rabbit-Proof Fence (2002).m4v
421715,1,.m4v,H264,356p,23.98,4.10,02:46,Text,DIRECT,NO,2020-09-11 12:19,"Curious Case of Benjamin Button, The (2008)",The Curious Case of Benjamin Button,,10.0,PG-13,The Curious Case of Benjamin Button (2008).m4v,/media/daveg/Lib/Movies/The Curious Case of Benjamin Button (2008).m4v
1680310,1,.m4v,H264,360p,23.98,4.10,-,Bitmap,TRANSCODE,NO,2020-08-29 21:25,Harry Potter and the Deathly Hallows: Part II (2011),Harry Potter and the Deathly Hallows: Part II,,10.0,E10+,Harry Potter and the Deathly Hallows (2010) Part Two.m4v,/media/daveg/Lib/Movies/Harry Potter/Harry Potter and the Deathly Hallows (2010) Part Two.m4v
5580036,1,.m4v,H264,358p,23.98,4.10,01:59,Bitmap,TRANSCODE,NO,2020-09-21 18:47,"I, Tonya (2017)","I, Tonya",2018-04-26,8.0,R,"I, Tonya (2017).m4v","/media/daveg/Lib/Movies/I, Tonya (2017).m4v"
60862,1,.m4v,H264,364p,120,4.10,01:57,Text,DIRECT,NO,2020-10-05 16:42,"Professionals, The (1966)",The Professionals,,9.0,PG-13,The Professionals (1966).m4v,/media/daveg/Lib/Movies/The Professionals (1966).m4v
1675434,1,.m4v,H264,464p,23.98,4.10,01:52,Bitmap,TRANSCODE,NO,2020-09-22 16:02,"Intouchables, The (2011)",The Intouchables,,9.0,TV-14,The Intouchables (2011).m4v,/media/daveg/Lib/Movies/The Intouchables (2011).m4v
1638355,1,.m4v,H264,360p,23.98,4.10,01:56,Bitmap,TRANSCODE,NO,2020-09-29 20:35,"Man from U.N.C.L.E., The (2015)",The Man from U.N.C.L.E.,2020-01-07,8.5,"TV-14::(DLSV, TV Rating.)",The Man from U.N.C.L.E. (2015).m4v,/media/daveg/Lib/Movies/The Man from U.N.C.L.E. (2015).m4v
44953,1,.m4v,H264,480p,23.98,4.09,01:31,Text,DIRECT,NO,2020-10-03 07:13,"Naked Spur, The (1953)",The Naked Spur,,8.0,Passed::(National Board of Review),The Naked Spur (1953).m4v,/media/daveg/Lib/Movies/The Naked Spur (1953).m4v
101765,1,.m4v,H264,478p,47.95,4.09,01:38,Bitmap,TRANSCODE,NO,2020-09-12 21:43,"Double Life of Véronique, The (1991)",The Double Life of Véronique,,8.0,R,The Double Life of Veronique (1991).m4v,/media/daveg/Lib/Movies/The Double Life of Veronique (1991).m4v
478134,1,.m4v,H264,360p,23.98,4.09,02:01,Bitmap,TRANSCODE,NO,2020-09-21 22:39,In the Valley of Elah (2007),In the Valley of Elah,,8.0,R,In the Valley of Elah (2007).m4v,/media/daveg/Lib/Movies/In the Valley of Elah (2007).m4v
870154,1,.m4v,H264,356p,23.98,4.09,02:07,Text,DIRECT,NO,2022-01-15 14:44,Jungle Cruise (2021),Jungle Cruise,,6.6,PG-13,Jungle Cruise (2021).m4v,/media/daveg/Lib/Movies/Jungle Cruise (2021).m4v
4212300,1,.m4v,H264,460p,23.98,4.09,00:34,Text,DIRECT,NO,2020-09-02 11:41,Birdman: Or (The Unexpected Virtue of Ignorance) (2014),Birdman: Or (The Unexpected Virtue of Ignorance),2015-03-18,9.0,NR,Birdman- Or (The Unexpected Virtue of Ignorance) (2014).m4v,/media/daveg/Lib/Movies/Birdman- Or (The Unexpected Virtue of Ignorance) (2014).m4v
70903,1,.m4v,H264,358p,120,4.08,01:58,Text,DIRECT,NO,2023-02-19 15:24,"Way We Were, The (1973)",The Way We Were,2023-03-21,7.5,TV-14::(TV rating),The Way We Were (1973).m4v,/media/daveg/Lib/Movies/The Way We Were (1973).m4v
806029,1,.m4v,H264,460p,23.98,4.08,01:53,None,-,NO,2020-09-15 10:41,Farewell (2009),Farewell,,8.0,Not Rated,Farewell (2009).m4v,/media/daveg/Lib/Movies/Farewell (2009).m4v
99810,1,.m4v,H264,368p,23.98,4.08,02:15,Text,DIRECT,NO,2020-09-21 10:45,"Hunt for Red October, The (1990)",The Hunt for Red October,2019-08-03,8.0,PG,The Hunt for Red October (1990).m4v,/media/daveg/Lib/Movies/The Hunt for Red October (1990).m4v
343818,1,.m4v,H264,368p,23.98,4.08,01:55,Text,DIRECT,NO,2020-09-21 17:37,"I, Robot (2004)","I, Robot",2019-12-08,6.0,TV-PG::(LV),"I, Robot (2004).m4v","/media/daveg/Lib/Movies/I, Robot (2004).m4v"
1517451,1,.m4v,H264,360p,23.98,4.08,02:16,Bitmap,TRANSCODE,NO,2020-10-09 12:45,"Star Is Born, A (2018)",A Star Is Born,2019-03-23,10.0,R,A Star Is Born (2018).m4v,/media/daveg/Lib/Movies/A Star Is Born (2018).m4v
1282140,1,.m4v,H264,464p,23.98,4.07,01:32,Bitmap,TRANSCODE,NO,2021-01-16 03:10,Easy A (2010),Easy A,2021-01-16,8.5,PG-13,Easy A (2010).m4v,/media/daveg/Lib/Movies/Easy A (2010).m4v
330829,1,.m4v,H264,480p,29.97,4.07,01:39,Text,DIRECT,NO,2020-10-06 21:24,Robin Williams Live on Broadway (2002),Robin Williams Live on Broadway,,9.0,TV-MA,Robin Williams Live on Broadway (2002).m4v,/media/daveg/Lib/Movies/Robin Williams Live on Broadway (2002).m4v
190332,1,.m4v,H264,366p,29.97,4.07,02:00,Bitmap,TRANSCODE,NO,2020-09-11 11:04,"Crouching Tiger, Hidden Dragon (2000)","Crouching Tiger, Hidden Dragon",,9.0,PG-13,"Crouching Tiger, Hidden Dragon (2000).m4v","/media/daveg/Lib/Movies/Crouching Tiger, Hidden Dragon (2000).m4v"
825232,1,.m4v,H264,480p,24,4.06,01:37,Bitmap,TRANSCODE,NO,2020-09-06 10:43,"Bucket List, The (2007)",The Bucket List,2020-04-22,8.0,"TV-14::(DL, TV Rating.)",The Bucket List (2007).m4v,/media/daveg/Lib/Movies/The Bucket List (2007).m4v
236493,1,.m4v,H264,368p,120,4.06,02:03,Text,DIRECT,NO,2020-09-30 20:40,"Mexican, The (2001)",The Mexican,,8.0,R,The Mexican (2001).m4v,/media/daveg/Lib/Movies/The Mexican (2001).m4v
2381249,1,.m4v,H264,360p,23.98,4.06,02:11,Text,DIRECT,NO,2020-10-01 13:51,Mission: Impossible - Rogue Nation (2015),Mission: Impossible - Rogue Nation,2021-03-11,9.0,PG-13,Mission- Impossible - Rogue Nation (2015).m4v,/media/daveg/Lib/Movies/Mission- Impossible - Rogue Nation (2015).m4v
2660888,1,.m4v,H264,360p,23.98,4.06,02:02,Text,DIRECT,NO,2020-10-11 11:49,Star Trek Beyond (2016),Star Trek Beyond,2016-12-11,7.5,PG-13,Star Trek Beyond (2016).m4v,/media/daveg/Lib/Movies/Star Trek Beyond (2016).m4v
2468638,1,.m4v,H264,480p,23.98,4.06,01:30,Bitmap,TRANSCODE,NO,2020-10-01 21:24,Beyond the Edge (2013),Beyond the Edge,2015-03-14,6.7,Unrated,Beyond the Edge (2013).m4v,/media/daveg/Lib/Movies/Beyond the Edge (2013).m4v
52357,1,.m4v,H264,346p,23.98,4.05,02:08,Bitmap,TRANSCODE,NO,2020-10-14 05:29,Vertigo (1958),Vertigo,,9.0,TV-PG::(TV rating),Vertigo (1958).m4v,/media/daveg/Lib/Movies/Vertigo (1958).m4v
5028340,1,.m4v,H264,360p,23.98,4.05,02:10,Text,DIRECT,NO,2020-09-30 09:56,Mary Poppins Returns (2018),Mary Poppins Returns,2019-05-13,8.0,PG,Mary Poppins Returns (2018).m4v,/media/daveg/Lib/Movies/Mary Poppins Returns (2018).m4v
2283362,1,.m4v,H264,360p,23.98,4.05,01:59,Bitmap,TRANSCODE,NO,2020-09-24 10:08,Jumanji: Welcome to the Jungle (2017),Jumanji: Welcome to the Jungle,2018-04-15,8.0,PG-13,Jumanji- Welcome to the Jungle (2017).m4v,/media/daveg/Lib/Movies/Jumanji- Welcome to the Jungle (2017).m4v
1086781,1,.m4v,H264,366p,29.97,4.05,01:30,Text,DIRECT,NO,2020-09-22 09:43,Inside the Living Body (2007),Inside the Living Body,2015-06-17,8.0,NR,Inside the Living Body (2007).m4v,/media/daveg/Lib/Movies/Inside the Living Body (2007).m4v
7713068,1,.m4v,H264,360p,23.98,4.05,01:49,Bitmap,TRANSCODE,NO,2021-01-22 17:41,Birds of Prey (2020),Birds of Prey,2021-01-30,8.0,R,Birds of Prey (2020).m4v,/media/daveg/Lib/Movies/Birds of Prey (2020).m4v
1478824,1,.m4v,H264,370p,23.92,4.05,02:10,Bitmap,TRANSCODE,NO,2020-10-14 05:21,"vie en rose, La (2007)",La vie en rose,,8.0,NR,La Vie en Rose (2007).m4v,/media/daveg/Lib/Movies/La Vie en Rose (2007).m4v
10872600,1,.m4v,H264,356p,23.98,4.05,02:28,Bitmap,TRANSCODE,NO,2022-04-14 15:26,Spider-Man: No Way Home (2021),Spider-Man: No Way Home,2022-05-19,9.0,PG-13,Spider-Man- No Way Home (2021).m4v,/media/daveg/Lib/Movies/Spider-Man- No Way Home (2021).m4v
6443346,1,.m4v,H264,356p,23.98,4.05,02:05,Bitmap,TRANSCODE,NO,2023-03-04 05:33,Black Adam (2022),Black Adam,,6.3,PG-13,Black Adam (2022).m4v,/media/daveg/Lib/Movies/Black Adam (2022).m4v
1515091,1,.m4v,H264,360p,23.98,4.04,02:09,Bitmap,TRANSCODE,NO,2020-10-08 09:55,Sherlock Holmes: A Game of Shadows (2011),Sherlock Holmes: A Game of Shadows,,9.0,PG-13,Sherlock Holmes- A Game of Shadows (2011).m4v,/media/daveg/Lib/Movies/Sherlock Holmes- A Game of Shadows (2011).m4v
1119646,1,.m4v,H264,360p,23.98,4.04,01:40,Bitmap,TRANSCODE,NO,2020-09-19 16:58,"Hangover, The (2009)",The Hangover,,8.0,"TV-14::(DLSV, TV rating)",The Hangover (2009).m4v,/media/daveg/Lib/Movies/The Hangover (2009).m4v
112857,1,.m4v,H264,462p,29.97,4.04,01:42,Text,DIRECT,NO,2020-09-12 10:43,Devil in a Blue Dress (1995),Devil in a Blue Dress,,8.0,TV-14::(LSV),Devil in a Blue Dress (1995).m4v,/media/daveg/Lib/Movies/Devil in a Blue Dress (1995).m4v
103772,1,.m4v,H264,366p,29.92,4.04,02:07,Text,DIRECT,NO,2020-09-01 05:32,Basic Instinct (1992),Basic Instinct,2020-10-24,8.0,TV-MA,Basic Instinct (1992).m4v,/media/daveg/Lib/Movies/Basic Instinct (1992).m4v
1542344,1,.m4v,H264,472p,23.98,4.03,01:34,Text,DIRECT,NO,2020-08-24 20:19,127 Hours (2010),127 Hours,2020-10-12,8.0,"TV-MA::(V, TV rating)",127 Hours (2010).m4v,/media/daveg/Lib/Movies/127 Hours (2010).m4v
2379713,1,.m4v,H264,364p,23.98,4.03,02:28,Text,DIRECT,NO,2020-10-09 04:27,Spectre (2015),Spectre,2020-02-17,8.0,PG-13,Spectre (2015).m4v,/media/daveg/Lib/Movies/James Bond 007/Spectre (2015).m4v
472399,1,.m4v,H264,356p,23.92,4.03,01:33,Bitmap,TRANSCODE,NO,2020-09-30 16:11,"Mechanic, The (2011)",The Mechanic,,8.0,TV-14::(DLSV),The Mechanic (2011).m4v,/media/daveg/Lib/Movies/The Mechanic (2011).m4v
119051,1,.m4v,H264,274p,23.98,4.03,01:57,Text,DIRECT,NO,2020-09-14 03:06,"Edge, The (1997)",The Edge,,8.0,"TV-14::(LV, TV Rating.)",The Edge (1997).m4v,/media/daveg/Lib/Movies/The Edge (1997).m4v
857191,1,.m4v,H264,468p,23.98,4.03,01:44,Bitmap,TRANSCODE,NO,2020-10-14 07:10,"Visitor, The (2007)",The Visitor,,8.0,PG-13,The Visitor (2007).m4v,/media/daveg/Lib/Movies/The Visitor (2007).m4v
1024648,1,.m4v,H264,360p,23.98,4.02,02:00,Bitmap,TRANSCODE,NO,2020-08-30 19:34,Argo (2012),Argo,2018-11-16,9.0,R,Argo (2012).m4v,/media/daveg/Lib/Movies/Argo (2012).m4v
70825,1,.m4v,H264,358p,23.98,4.02,01:32,Text,DIRECT,NO,2020-10-13 06:16,"Train Robbers, The (1973)",The Train Robbers,,9.0,Passed::(National Board of Review),The Train Robbers (1973).m4v,/media/daveg/Lib/Movies/The Train Robbers (1973).m4v
8075192,1,.m4v,H264,460p,23.98,4.02,02:01,None,-,NO,2020-11-30 14:19,Shoplifters (2018),Shoplifters,2020-11-30,8.5,R,Shoplifters (2018).m4v,/media/daveg/Lib/Movies/Shoplifters (2018).m4v
99785,1,.m4v,H264,364p,23.98,4.02,01:43,None,-,NO,2020-08-27 14:47,Home Alone (1990),Home Alone,2023-12-25,7.6,TV-PG::(DLV),Home Alone (1990).m4v,/media/daveg/Lib/Movies/Christmas/Home Alone (1990).m4v
47396,1,.m4v,H264,478p,120,4.01,01:52,Bitmap,TRANSCODE,NO,2020-10-06 08:03,Rear Window (1954),Rear Window,,10.0,TV-PG,Rear Window (1954).m4v,/media/daveg/Lib/Movies/Rear Window (1954).m4v
107048,1,.m4v,H264,470p,120,4.01,01:41,Text,DIRECT,NO,2021-09-16 22:11,Groundhog Day (1993),Groundhog Day,2021-10-08,8.0,TV-PG::(D),Groundhog Day (1993).m4v,/media/daveg/Lib/Movies/Groundhog Day (1993).m4v
3203606,1,.m4v,H264,464p,23.98,4.01,02:04,Bitmap,TRANSCODE,NO,2020-10-13 10:26,Trumbo (2015),Trumbo,2016-06-12,9.0,R,Trumbo (2015).m4v,/media/daveg/Lib/Movies/Trumbo (2015).m4v
1053810,1,.m4v,H264,364p,23.98,4.01,01:42,Text,DIRECT,NO,2020-09-02 08:49,"Big Year, The (2011)",The Big Year,2019-09-12,9.0,PG,The Big Year (2011).m4v,/media/daveg/Lib/Movies/The Big Year (2011).m4v
5461944,1,.m4v,H264,360p,23.98,4.01,02:03,Bitmap,TRANSCODE,NO,2020-09-21 05:44,Hotel Mumbai (2018),Hotel Mumbai,2020-01-30,8.0,R,Hotel Mumbai (2018).m4v,/media/daveg/Lib/Movies/Hotel Mumbai (2018).m4v
1410063,1,.m4v,H264,360p,23.98,4.01,02:26,Text,DIRECT,NO,2020-09-17 05:44,"Flowers of War, The (2011)",The Flowers of War,,8.0,R,The Flowers of War (2011).m4v,/media/daveg/Lib/Movies/The Flowers of War (2011).m4v
80889,1,.m4v,H264,368p,29.97,4.01,01:46,Bitmap,TRANSCODE,NO,2020-09-20 22:47,Hopscotch (1980),Hopscotch,2016-03-12,8.5,R,Hopscotch (1980).m4v,/media/daveg/Lib/Movies/Hopscotch (1980).m4v
76759,1,.m4v,H264,364p,23.98,4.00,02:01,Text,DIRECT,NO,2020-10-04 07:37,Star Wars: Episode IV - A New Hope (1977),Star Wars: Episode IV - A New Hope,,10.0,TV-PG::(LV),Star Wars- Episode IV - A New Hope (1977).m4v,/media/daveg/Lib/Movies/Star Wars- Episode IV - A New Hope (1977).m4v
2994190,1,.m4v,H264,358p,23.98,4.00,01:57,Bitmap,TRANSCODE,NO,2020-09-06 17:59,Camp X-Ray (2014),Camp X-Ray,2015-10-08,8.5,R,Camp X-Ray (2014).m4v,/media/daveg/Lib/Movies/Camp X-Ray (2014).m4v
440963,1,.m4v,H264,354p,23.98,4.00,01:55,Bitmap,TRANSCODE,NO,2020-09-03 20:35,"Bourne Ultimatum, The (2007)",The Bourne Ultimatum,2024-01-08,10.0,PG-13,The Bourne Ultimatum (2007).m4v,/media/daveg/Lib/Movies/Jason Bourne/The Bourne Ultimatum (2007).m4v
29992,1,.m4v,H264,480p,23.98,4.00,01:09,Text,DIRECT,NO,2020-09-09 13:08,"Christmas Carol, A (1938)",A Christmas Carol,,8.0,Passed::(National Board of Review),A Christmas Carol (1938).m4v,/media/daveg/Lib/Movies/Christmas/A Christmas Carol (1938).m4v
2652092,1,.m4v,H264,480p,23.98,3.99,01:50,Bitmap,TRANSCODE,NO,2020-09-18 22:03,"Good Lie, The (2014)",The Good Lie,2015-04-08,9.0,PG-13,The Good Lie (2014).m4v,/media/daveg/Lib/Movies/The Good Lie (2014).m4v
53125,1,.m4v,H264,480p,23.98,3.99,02:16,Text,DIRECT,NO,2020-10-03 18:49,North by Northwest (1959),North by Northwest,,10.0,Approved,North by Northwest (1959).m4v,/media/daveg/Lib/Movies/North by Northwest (1959).m4v
1605783,1,.m4v,H264,472p,23.98,3.99,01:34,Bitmap,TRANSCODE,NO,2020-10-01 18:50,Midnight in Paris (2011),Midnight in Paris,,9.0,PG-13,Midnight in Paris (2011).m4v,/media/daveg/Lib/Movies/Midnight in Paris (2011).m4v
467200,1,.m4v,H264,464p,23.98,3.98,01:55,Text,DIRECT,NO,2020-10-04 18:28,"Other Boleyn Girl, The (2008)",The Other Boleyn Girl,,7.0,PG-13,The Other Boleyn Girl (2008).m4v,/media/daveg/Lib/Movies/The Other Boleyn Girl (2008).m4v
58461,1,.m4v,H264,276p,24,3.98,01:39,Text,DIRECT,NO,2020-09-16 19:11,"Fistful of Dollars, A (1964)",A Fistful of Dollars,,8.0,M::(Approved No. 21386),A Fistful of Dollars (1964).m4v,/media/daveg/Lib/Movies/A Fistful of Dollars (1964).m4v
93565,1,.m4v,H264,464p,29.97,3.98,01:42,Text,DIRECT,NO,2020-10-02 10:38,Moonstruck (1987),Moonstruck,,10.0,PG::(#28740),Moonstruck (1987).m4v,/media/daveg/Lib/Movies/Moonstruck (1987).m4v
800080,1,.m4v,H264,362p,23.98,3.98,01:52,Bitmap,TRANSCODE,NO,2020-09-22 03:44,"Incredible Hulk, The (2008)",The Incredible Hulk,,6.0,TV-14::(LSV),The Incredible Hulk (2008).m4v,/media/daveg/Lib/Movies/The Incredible Hulk (2008).m4v
6914122,1,.m4v,H264,364p,23.98,3.98,02:00,Bitmap,TRANSCODE,NO,2021-02-10 20:11,Resistance (2020),Resistance,2021-02-16,7.5,R,Resistance (2020).m4v,/media/daveg/Lib/Movies/Resistance (2020).m4v
111507,1,.m4v,H264,460p,120,3.98,01:32,Bitmap,TRANSCODE,NO,2020-10-06 09:18,Three Colors: White (1994),Three Colors: White,,6.0,R,Three Colors- White (1994).m4v,/media/daveg/Lib/Movies/Three Colors- White (1994).m4v
7047254,1,.m4v,H264,356p,23.98,3.98,-,Bitmap,TRANSCODE,NO,2020-10-02 17:51,My All American (2015),My All American,2016-06-12,8.5,NR,My All American (2015).m4v,/media/daveg/Lib/Movies/My All American (2015).m4v
2545428,1,.m4v,H264,480p,23.98,3.97,01:30,Bitmap,TRANSCODE,NO,2020-09-30 20:17,Meru (2015),Meru,2016-02-04,8.5,R,Meru (2015).m4v,/media/daveg/Lib/Movies/Meru (2015).m4v
1837636,1,.m4v,H264,364p,23.98,3.97,02:08,Bitmap,TRANSCODE,NO,2020-10-05 22:07,Queen of the Desert (2015),Queen of the Desert,2019-01-21,8.0,PG-13,Queen of the Desert (2015).m4v,/media/daveg/Lib/Movies/Queen of the Desert (2015).m4v
2113681,1,.m4v,H264,356p,23.98,3.97,01:54,Bitmap,TRANSCODE,NO,2020-10-04 15:15,"100 Year-Old Man Who Climbed Out the Window and Disappeared, The (2013)",The 100 Year-Old Man Who Climbed Out the Window and Disappeared,2016-07-15,8.5,R,The 100 Year-Old Man Who Climbed Out the Window and Disappeared (2013).m4v,/media/daveg/Lib/Movies/The 100 Year-Old Man Who Climbed Out the Window and Disappeared (2013).m4v
62512,1,.m4v,H264,366p,23.98,3.97,01:57,Text,DIRECT,NO,2020-12-14 14:36,You Only Live Twice (1967),You Only Live Twice,2020-12-21,7.5,TV-PG,You Only Live Twice (1967).m4v,/media/daveg/Lib/Movies/You Only Live Twice (1967).m4v
95800,1,.m4v,H264,364p,23.98,3.96,01:36,Bitmap,TRANSCODE,NO,2020-10-01 18:21,"Bear, The (1988)",The Bear,2017-09-22,8.0,PG,The Bear (1988).m4v,/media/daveg/Lib/Movies/The Bear (1988).m4v
1781922,1,.m4v,H264,460p,23.98,3.96,01:43,Bitmap,TRANSCODE,NO,2020-10-03 14:55,No Escape (2015),No Escape,2016-04-29,8.5,R,No Escape (2015).m4v,/media/daveg/Lib/Movies/No Escape (2015).m4v
2250912,1,.m4v,H264,360p,23.98,3.96,02:13,Bitmap,TRANSCODE,NO,2020-10-09 07:17,Spider-Man: Homecoming (2017),Spider-Man: Homecoming,2022-02-06,7.5,TV-14::(L),Spider-Man- Homecoming (2017).m4v,/media/daveg/Lib/Movies/Spider-Man- Homecoming (2017).m4v
319061,1,.m4v,H264,472p,120,3.96,02:05,Text,DIRECT,NO,2020-09-02 05:32,Big Fish (2003),Big Fish,,8.0,TV-14,Big Fish (2003).m4v,/media/daveg/Lib/Movies/Big Fish (2003).m4v
1659337,1,.m4v,H264,480p,23.98,3.96,01:43,Text,DIRECT,NO,2020-10-05 09:08,"Perks of Being a Wallflower, The (2012)",The Perks of Being a Wallflower,,8.0,PG-13,The Perks of Being a Wallflower (2012).m4v,/media/daveg/Lib/Movies/The Perks of Being a Wallflower (2012).m4v
3316948,1,.m4v,H264,466p,23.98,3.96,01:36,Text,DIRECT,NO,2020-08-29 22:21,American Ultra (2015),American Ultra,2016-02-06,8.5,R,American Ultra (2015).m4v,/media/daveg/Lib/Movies/American Ultra (2015).m4v
3076658,1,.m4v,H264,360p,23.98,3.96,02:13,Bitmap,TRANSCODE,NO,2020-09-11 10:27,Creed (2015),Creed,2016-01-23,8.5,TV-PG,Creed (2015).m4v,/media/daveg/Lib/Movies/Creed (2015).m4v
822854,1,.m4v,H264,356p,23.98,3.96,02:04,Text,DIRECT,NO,2020-10-08 10:52,Shooter (2007),Shooter,2020-06-21,8.0,R,Shooter (2007).m4v,/media/daveg/Lib/Movies/Shooter (2007).m4v
1980929,1,.m4v,H264,462p,23.98,3.95,01:44,Bitmap,TRANSCODE,NO,2020-09-01 14:31,Begin Again (2013),Begin Again,,8.0,R,Begin Again (2013).m4v,/media/daveg/Lib/Movies/Begin Again (2013).m4v
1068646,1,.m4v,H264,368p,23.98,3.95,02:08,Bitmap,TRANSCODE,NO,2020-09-10 08:30,"Class, The (2008)",The Class,2019-02-08,7.5,PG-13,The Class (2008).m4v,/media/daveg/Lib/Movies/The Class (2008).m4v
3079380,1,.m4v,H264,360p,23.98,3.95,02:00,Text,DIRECT,NO,2020-10-09 12:11,Spy (2015),Spy,2015-12-04,8.0,"TV-14::(DLSV, TV Rating.)",Spy (2015).m4v,/media/daveg/Lib/Movies/Spy (2015).m4v
2140479,1,.m4v,H264,360p,23.98,3.95,02:08,Bitmap,TRANSCODE,NO,2020-08-28 13:22,"Accountant, The (2016)",The Accountant,2022-06-14,8.0,R,The Accountant (2016).m4v,/media/daveg/Lib/Movies/The Accountant (2016).m4v
4971344,1,.m4v,H264,360p,23.98,3.95,02:02,Text,DIRECT,NO,2020-10-08 15:31,"Sisters Brothers, The (2018)",The Sisters Brothers,2019-05-27,7.5,R,The Sisters Brothers (2018).m4v,/media/daveg/Lib/Movies/The Sisters Brothers (2018).m4v
246578,1,.m4v,H264,366p,23.98,3.95,01:53,Text,DIRECT,NO,2020-09-12 20:30,Donnie Darko (2001),Donnie Darko,,8.0,R,Donnie Darko (2001).m4v,/media/daveg/Lib/Movies/Donnie Darko (2001).m4v
1226273,1,.m4v,H264,360p,23.98,3.95,01:57,Bitmap,TRANSCODE,NO,2020-09-13 22:07,Edge of Darkness (2010),Edge of Darkness,2018-10-13,8.0,R,Edge of Darkness (2010).m4v,/media/daveg/Lib/Movies/Edge of Darkness (2010).m4v
1027718,1,.m4v,H264,368p,23.98,3.95,02:13,Text,DIRECT,NO,2020-10-14 09:25,Wall Street: Money Never Sleeps (2010),Wall Street: Money Never Sleeps,,8.0,"TV-14::(DL, TV Rating.)",Wall Street- Money Never Sleeps (2010).m4v,/media/daveg/Lib/Movies/Wall Street- Money Never Sleeps (2010).m4v
2446042,1,.m4v,H264,360p,23.98,3.95,01:48,Text,DIRECT,NO,2020-10-12 04:08,Taken 3 (2014),Taken 3,2015-08-13,7.0,"TV-14::(LV, TV Rating.)",Taken 3 (2015).m4v,/media/daveg/Lib/Movies/Taken 3 (2015).m4v
490215,1,.m4v,H264,362p,23.98,3.94,02:41,Text,DIRECT,NO,2020-10-08 13:55,Silence (2016),Silence,2017-10-29,7.5,R,Silence (2016).m4v,/media/daveg/Lib/Movies/Silence (2016).m4v
316654,1,.m4v,H264,360p,120,3.94,02:07,Text,DIRECT,NO,2020-10-09 07:14,Spider-Man 2 (2004),Spider-Man 2,,8.5,TV-14::(LV),Spider-Man 2 (2004).m4v,/media/daveg/Lib/Movies/Spider-Man 2 (2004).m4v
52151,1,.m4v,H264,384p,47.95,3.94,01:33,Text,DIRECT,NO,2020-10-07 08:21,Run Silent Run Deep (1958),Run Silent Run Deep,,7.3,Approved,Run Silent Run Deep (1958).m4v,/media/daveg/Lib/Movies/Run Silent Run Deep (1958).m4v
3741860,1,.m4v,H264,480p,29.97,3.94,01:27,Text,DIRECT,NO,2020-08-31 16:31,Awake: The Life of Yogananda (2014),Awake: The Life of Yogananda,2015-12-30,7.5,PG,Awake- The Life of Yogananda (2014).m4v,/media/daveg/Lib/Movies/Awake- The Life of Yogananda (2014).m4v
2555736,1,.m4v,H264,360p,23.98,3.94,02:02,Text,DIRECT,NO,2020-10-07 19:57,"Second Best Exotic Marigold Hotel, The (2015)",The Second Best Exotic Marigold Hotel,2015-08-21,7.5,PG,The Second Best Exotic Marigold Hotel (2015).m4v,/media/daveg/Lib/Movies/The Second Best Exotic Marigold Hotel (2015).m4v
3315342,1,.m4v,H264,364p,23.98,3.94,02:17,Text,DIRECT,NO,2020-09-28 15:07,Logan (2017),Logan,2017-08-07,8.0,TV-MA::(LV),Logan (2017).m4v,/media/daveg/Lib/Movies/Logan (2017).m4v
113497,1,.m4v,H264,464p,23.98,3.93,01:44,Bitmap,TRANSCODE,NO,2020-09-24 08:54,Jumanji (1995),Jumanji,2018-07-04,7.5,TV-PG::(TV rating),Jumanji (1995).m4v,/media/daveg/Lib/Movies/Jumanji (1995).m4v
335266,1,.m4v,H264,460p,23.98,3.93,01:42,Bitmap,TRANSCODE,NO,2021-10-28 20:05,Lost in Translation (2003),Lost in Translation,2021-11-01,8.5,R,Lost in Translation (2003).m4v,/media/daveg/Lib/Movies/Lost in Translation (2003).m4v
1465487,1,.m4v,H264,370p,29.97,3.93,01:45,Bitmap,TRANSCODE,NO,2020-09-19 19:07,Heartbreaker (2010),Heartbreaker,,8.0,Not Rated,Heartbreaker (2010).m4v,/media/daveg/Lib/Movies/Heartbreaker (2010).m4v
7975244,1,.m4v,H264,360p,23.98,3.93,02:03,Bitmap,TRANSCODE,NO,2020-09-24 10:00,Jumanji: The Next Level (2019),Jumanji: The Next Level,2020-08-27,7.5,PG-13,Jumanji- The Next Level (2019).m4v,/media/daveg/Lib/Movies/Jumanji- The Next Level (2019).m4v
1798243,1,.m4v,H264,480p,23.98,3.92,01:45,Text,DIRECT,NO,2020-10-07 07:12,Rudderless (2014),Rudderless,2015-06-09,9.0,R,Rudderless (2014).m4v,/media/daveg/Lib/Movies/Rudderless (2014).m4v
816442,1,.m4v,H264,360p,23.98,3.92,02:11,Text,DIRECT,NO,2020-09-03 15:38,"Book Thief, The (2013)",The Book Thief,,9.0,PG-13,The Book Thief (2013).m4v,/media/daveg/Lib/Movies/The Book Thief (2013).m4v
437086,1,.m4v,H264,360p,23.98,3.92,02:02,Text,DIRECT,NO,2020-08-29 08:02,Alita: Battle Angel (2019),Alita: Battle Angel,2020-03-19,8.0,PG-13,Alita- Battle Angel (2019).m4v,/media/daveg/Lib/Movies/Alita- Battle Angel (2019).m4v
2513074,1,.m4v,H264,472p,23.98,3.92,01:53,Bitmap,TRANSCODE,NO,2020-09-02 11:23,Billy Lynn's Long Halftime Walk (2016),Billy Lynn's Long Halftime Walk,2017-08-20,7.5,R,Billy Lynn's Long Halftime Walk (2016).m4v,/media/daveg/Lib/Movies/Billy Lynn's Long Halftime Walk (2016).m4v
6294822,1,.m4v,H264,472p,23.98,3.91,01:56,Text,DIRECT,NO,2020-10-05 14:05,"Post, The (2017)",The Post,2018-04-30,8.5,PG-13,The Post (2017).m4v,/media/daveg/Lib/Movies/The Post (2017).m4v
1549572,1,.m4v,H264,472p,23.98,3.91,01:32,Text,DIRECT,NO,2020-08-30 07:42,Another Earth (2011),Another Earth,,8.0,PG-13,Another Earth (2011).m4v,/media/daveg/Lib/Movies/Another Earth (2011).m4v
119174,1,.m4v,H264,272p,23.98,3.90,02:09,Text,DIRECT,NO,2020-09-18 11:31,"Game, The (1997)",The Game,,10.0,TV-14,The Game (1997).m4v,/media/daveg/Lib/Movies/The Game (1997).m4v
848542,1,.m4v,H264,480p,29.97,3.90,01:30,Text,DIRECT,NO,2020-08-30 21:40,Arranged (2007),Arranged,,9.0,Not Rated,Arranged (2007).m4v,/media/daveg/Lib/Movies/Arranged (2007).m4v
830515,1,.m4v,H264,358p,23.98,3.90,01:46,Text,DIRECT,NO,2020-10-05 19:42,Quantum of Solace (2008),Quantum of Solace,,8.0,PG-13,Quantum of Solace (2008).m4v,/media/daveg/Lib/Movies/James Bond 007/Quantum of Solace (2008).m4v
5093026,1,.m4v,H264,356p,23.98,3.90,02:13,Bitmap,TRANSCODE,NO,2020-10-04 20:54,Papillon (2017),Papillon,2019-03-09,8.0,R,Papillon (2017).m4v,/media/daveg/Lib/Movies/Papillon (2017).m4v
1630029,4,.mkv,H264,720p,60,3.90,03:12,None,-,YES,2023-06-10 09:05,Avatar: The Way of Water (2022),Avatar: The Way of Water,2023-07-05,8.0,PG-13::(certificate#54081),Avatar- The Way of Water (2022).mkv,/media/daveg/Lib/Movies/Avatar- The Way of Water (2022).mkv
1345836,1,.m4v,H264,360p,23.98,3.90,02:44,Bitmap,TRANSCODE,NO,2020-09-11 18:18,"Dark Knight Rises, The (2012)",The Dark Knight Rises,,9.0,TV-14::(LV),The Dark Knight Rises (2012).m4v,/media/daveg/Lib/Movies/The Dark Knight Rises (2012).m4v
1130884,1,.m4v,H264,362p,120,3.90,02:18,Text,DIRECT,NO,2020-09-16 22:20,Shutter Island (2010),Shutter Island,2025-09-26,9.0,R,Shutter Island (2010).m4v,/media/daveg/Lib/Movies/Shutter Island (2010).m4v
1441953,1,.m4v,H264,362p,23.98,3.90,02:09,Bitmap,TRANSCODE,NO,2020-10-12 10:20,Testament of Youth (2014),Testament of Youth,2015-12-10,9.0,PG-13,Testament of Youth (2014).m4v,/media/daveg/Lib/Movies/Testament of Youth (2014).m4v
445990,1,.m4v,H264,364p,120,3.89,01:45,Text,DIRECT,NO,2020-09-22 16:07,Invincible (2006),Invincible,,8.0,PG,Invincible (2006).m4v,/media/daveg/Lib/Movies/Invincible (2006).m4v
111495,1,.m4v,H264,464p,120,3.89,01:39,Bitmap,TRANSCODE,NO,2020-10-06 10:33,Three Colors: Red (1994),Three Colors: Red,,6.0,R,Three Colors- Red (1994).m4v,/media/daveg/Lib/Movies/Three Colors- Red (1994).m4v
283509,1,.m4v,H264,366p,120,3.89,01:38,Text,DIRECT,NO,2020-10-03 15:12,No Man's Land (2001),No Man's Land,,8.0,R,No Man's Land (2001).m4v,/media/daveg/Lib/Movies/No Man's Land (2001).m4v
120915,1,.m4v,H264,368p,23.98,3.89,02:16,Text,DIRECT,NO,2020-10-03 22:42,Star Wars: Episode I - The Phantom Menace (1999),Star Wars: Episode I - The Phantom Menace,,10.0,"TV-PG::(V, TV rating)",Star Wars- Episode I - The Phantom Menace (1999).m4v,/media/daveg/Lib/Movies/Star Wars- Episode I - The Phantom Menace (1999).m4v
1181614,1,.m4v,H264,462p,23.98,3.89,02:09,Bitmap,TRANSCODE,NO,2020-10-15 11:22,Wuthering Heights (2011),Wuthering Heights,,8.0,Not Rated,Wuthering Heights (2011).m4v,/media/daveg/Lib/Movies/Wuthering Heights (2011).m4v
478970,1,.m4v,H264,472p,23.98,3.89,01:57,Text,DIRECT,NO,2020-08-30 11:30,Ant-Man (2015),Ant-Man,2019-02-22,9.5,"TV-PG::(DLSV, TV rating)",Ant-Man (2015).m4v,/media/daveg/Lib/Movies/Ant-Man (2015).m4v
2883434,1,.m4v,H264,360p,23.98,3.89,02:01,Text,DIRECT,NO,2020-09-02 18:58,Black or White (2014),Black or White,2015-12-21,8.0,PG-13,Black or White (2014).m4v,/media/daveg/Lib/Movies/Black or White (2014).m4v
274558,1,.m4v,H264,480p,23.98,3.88,01:50,Text,DIRECT,NO,2020-09-21 07:18,"Hours, The (2002)",The Hours,2019-12-28,9.0,PG-13,The Hours (2002).m4v,/media/daveg/Lib/Movies/The Hours (2002).m4v
2179116,1,.m4v,H264,364p,23.98,3.88,01:35,Bitmap,TRANSCODE,NO,2020-09-24 19:43,"Kings of Summer, The (2013)",The Kings of Summer,,8.0,R,The Kings of Summer (2013).m4v,/media/daveg/Lib/Movies/The Kings of Summer (2013).m4v
149624,1,.m4v,H264,370p,29.97,3.88,01:56,None,-,NO,2020-08-29 12:54,All the Pretty Horses (2000),All the Pretty Horses,2020-10-12,7.5,PG-13,All the Pretty Horses (2000).m4v,/media/daveg/Lib/Movies/All the Pretty Horses (2000).m4v
948535,1,.m4v,H264,356p,29.97,3.88,02:00,Bitmap,TRANSCODE,NO,2020-10-04 22:27,Paris 36 (2008),Paris 36,,8.0,PG-13,Paris 36 (2008).m4v,/media/daveg/Lib/Movies/Paris 36 (2008).m4v
11271038,4,.m4v,H264,356p,23.98,3.87,02:13,Bitmap,TRANSCODE,NO,2022-06-27 12:15,Licorice Pizza (2021),Licorice Pizza,2024-01-23,8.0,R,Licorice Pizza (2021).m4v,/media/daveg/Lib/Movies/Licorice Pizza (2021).m4v
1748122,1,.m4v,H264,464p,23.98,3.87,01:34,Bitmap,TRANSCODE,NO,2020-10-02 08:09,Moonrise Kingdom (2012),Moonrise Kingdom,,8.0,PG-13,Moonrise Kingdom (2012).m4v,/media/daveg/Lib/Movies/Moonrise Kingdom (2012).m4v
7349662,1,.m4v,H264,356p,23.98,3.87,02:15,Bitmap,TRANSCODE,NO,2020-09-02 23:04,BlacKkKlansman (2018),BlacKkKlansman,2018-12-08,8.0,R,BlacKkKlansman (2018).m4v,/media/daveg/Lib/Movies/BlacKkKlansman (2018).m4v
770806,1,.m4v,H264,464p,23.98,3.87,01:45,Text,DIRECT,NO,2020-09-10 21:48,"Contractor, The (2007)",The Contractor,,8.0,R,The Contractor (2007).m4v,/media/daveg/Lib/Movies/The Contractor (2007).m4v
10323676,1,.m4v,H264,464p,23.98,3.87,01:43,Text,DIRECT,NO,2020-09-10 21:48,"Contractor, The (2022)",The Contractor,2023-02-13,7.0,R,The Contractor (2007).m4v,/media/daveg/Lib/Movies/The Contractor (2007).m4v
1877832,1,.m4v,H264,360p,23.98,3.87,02:12,Text,DIRECT,NO,2020-10-15 12:04,X-Men: Days of Future Past (2014),X-Men: Days of Future Past,2015-02-01,8.5,PG-13,X-Men- Days of Future Past (2014).m4v,/media/daveg/Lib/Movies/X-Men- Days of Future Past (2014).m4v
4191702,1,.m4v,H264,468p,23.98,3.87,01:58,Bitmap,TRANSCODE,NO,2020-10-03 18:51,Norman (2016),Norman,2017-08-05,8.0,R,Norman (2016).m4v,/media/daveg/Lib/Movies/Norman (2016).m4v
594963,1,.m4v,H264,362p,23.98,3.87,-,Text,DIRECT,NO,2020-10-15 13:23,X2: X-Men United (2003),X2: X-Men United,2014-08-24,8.0,NR,X2- X-Men United (2003).m4v,/media/daveg/Lib/Movies/X2- X-Men United (2003).m4v
59885,1,.m4v,H264,366p,23.98,3.87,01:57,Text,DIRECT,NO,2022-01-27 23:40,Von Ryan's Express (1965),Von Ryan's Express,,7.1,Approved,Von Ryan's Express (1965).m4v,/media/daveg/Lib/Movies/Von Ryan's Express (1965).m4v
5606664,1,.m4v,H264,466p,23.98,3.87,02:32,Bitmap,TRANSCODE,NO,2020-09-12 17:26,Doctor Sleep (2019),Doctor Sleep,2020-08-01,7.5,R,Doctor Sleep (2019).m4v,/media/daveg/Lib/Movies/Doctor Sleep (2019).m4v
379865,1,.m4v,H264,460p,120,3.87,01:54,Bitmap,TRANSCODE,NO,2020-09-27 20:17,Leatherheads (2008),Leatherheads,,8.0,PG-13,Leatherheads (2008).m4v,/media/daveg/Lib/Movies/Leatherheads (2008).m4v
2980648,1,.m4v,H264,356p,23.98,3.87,02:02,Text,DIRECT,NO,2020-09-21 10:00,"Hundred-Foot Journey, The (2014)",The Hundred-Foot Journey,2015-03-21,9.0,PG,The Hundred-Foot Journey (2014).m4v,/media/daveg/Lib/Movies/The Hundred-Foot Journey (2014).m4v
1638002,1,.m4v,H264,368p,23.98,3.86,01:42,Text,DIRECT,NO,2020-09-29 06:43,"Love, Rosie (2014)","Love, Rosie",2015-08-24,7.5,R,"Love, Rosie (2014).m4v","/media/daveg/Lib/Movies/Love, Rosie (2014).m4v"
3577624,1,.m4v,H264,356p,23.98,3.86,01:46,Bitmap,TRANSCODE,NO,2020-10-05 08:24,"Perfect Day, A (2015)",A Perfect Day,2017-01-01,8.0,R,A Perfect Day (2015).m4v,/media/daveg/Lib/Movies/A Perfect Day (2015).m4v
4123430,1,.m4v,H264,360p,23.98,3.86,02:14,Bitmap,TRANSCODE,NO,2020-09-15 07:49,Fantastic Beasts: The Crimes of Grindelwald (2018),Fantastic Beasts: The Crimes of Grindelwald,2019-05-13,8.0,PG-13,Fantastic Beasts- The Crimes of Grindelwald (2018).m4v,/media/daveg/Lib/Movies/Fantastic Beasts- The Crimes of Grindelwald (2018).m4v
1375666,1,.m4v,H264,356p,29.97,3.86,02:28,Bitmap,TRANSCODE,NO,2020-09-22 03:52,Inception (2010),Inception,2020-01-20,10.0,"TV-14::(DLV, TV Rating.)",Inception (2010).m4v,/media/daveg/Lib/Movies/Inception (2010).m4v
3680410,1,.m4v,H264,356p,23.98,3.85,02:03,Bitmap,TRANSCODE,NO,2020-09-27 14:08,Last Cab to Darwin (2015),Last Cab to Darwin,2018-09-19,8.0,Not Rated,Last Cab to Darwin (2015).m4v,/media/daveg/Lib/Movies/Last Cab to Darwin (2015).m4v
1327194,1,.m4v,H264,360p,23.98,3.85,01:41,Bitmap,TRANSCODE,NO,2020-09-29 08:25,"Lucky One, The (2012)",The Lucky One,,8.0,PG-13,The Lucky One (2012).m4v,/media/daveg/Lib/Movies/The Lucky One (2012).m4v
372183,1,.m4v,H264,362p,29.97,3.85,01:48,Bitmap,TRANSCODE,NO,2020-09-03 20:41,"Bourne Supremacy, The (2004)",The Bourne Supremacy,2024-01-08,10.0,PG-13,The Bourne Supremacy (2004).m4v,/media/daveg/Lib/Movies/Jason Bourne/The Bourne Supremacy (2004).m4v
7347846,1,.m4v,H264,468p,23.98,3.85,01:48,Bitmap,TRANSCODE,NO,2020-09-28 14:51,"Lodge, The (2019)",The Lodge,2020-07-06,7.5,R,The Lodge (2019).m4v,/media/daveg/Lib/Movies/The Lodge (2019).m4v
1626146,1,.m4v,H264,360p,23.98,3.84,02:00,None,-,NO,2020-08-27 07:50,Hector and the Search for Happiness (2014),Hector and the Search for Happiness,2019-11-22,9.0,R,Hector and the Search for Happiness (2014).m4v,/media/daveg/Lib/Movies/Hector and the Search for Happiness (2014).m4v
899106,1,.m4v,H264,460p,23.98,3.84,01:49,Bitmap,TRANSCODE,NO,2020-09-29 06:48,Love Happens (2009),Love Happens,,8.0,PG-13,Love Happens (2009).m4v,/media/daveg/Lib/Movies/Love Happens (2009).m4v
3321300,1,.m4v,H264,356p,23.98,3.84,01:44,Bitmap,TRANSCODE,NO,2020-10-01 14:03,MI-5 (2015),MI-5,2016-04-11,7.5,R,MI-5 (2015).m4v,/media/daveg/Lib/Movies/MI-5 (2015).m4v
103074,1,.m4v,H264,370p,23.98,3.84,02:10,Text,DIRECT,NO,2020-10-12 11:04,Thelma & Louise (1991),Thelma & Louise,2019-11-15,10.0,"TV-14::(DLSV, TV Rating.)",Thelma & Louise (1991).m4v,/media/daveg/Lib/Movies/Thelma & Louise (1991).m4v
77928,1,.m4v,H264,464p,23.98,3.84,02:01,Text,DIRECT,NO,2020-09-30 21:56,Midnight Express (1978),Midnight Express,,8.0,TV-MA::(LSV),Midnight Express (1978).m4v,/media/daveg/Lib/Movies/Midnight Express (1978).m4v
3416744,1,.m4v,H264,356p,23.98,3.84,01:46,Bitmap,TRANSCODE,NO,2020-09-14 08:20,"End of the Tour, The (2015)",The End of the Tour,2016-02-20,8.0,R,The End of the Tour (2015).m4v,/media/daveg/Lib/Movies/The End of the Tour (2015).m4v
1905041,1,.m4v,H264,364p,23.98,3.84,02:10,Bitmap,TRANSCODE,NO,2020-09-18 06:51,Fast & Furious 6 (2013),Fast & Furious 6,2015-05-09,8.0,PG-13,Fast & Furious 6 (2013).m4v,/media/daveg/Lib/Movies/Fast & Furious 6 (2013).m4v
145660,1,.m4v,H264,370p,29.97,3.84,01:35,Text,DIRECT,NO,2020-08-31 09:28,Austin Powers: The Spy Who Shagged Me (1999),Austin Powers: The Spy Who Shagged Me,,7.5,TV-14::(DLSV),Austin Powers- The Spy Who Shagged Me (1999).m4v,/media/daveg/Lib/Movies/Austin Powers- The Spy Who Shagged Me (1999).m4v
4669788,1,.m4v,H264,460p,23.98,3.83,02:00,None,-,NO,2020-08-27 18:41,On the Basis of Sex (2018),On the Basis of Sex,2020-01-30,8.0,PG-13,On the Basis of Sex (2018).m4v,/media/daveg/Lib/Movies/On the Basis of Sex (2018).m4v
365737,1,.m4v,H264,360p,23.98,3.83,02:08,Text,DIRECT,NO,2020-10-11 22:10,Syriana (2005),Syriana,,8.0,R,Syriana (2005).m4v,/media/daveg/Lib/Movies/Syriana (2005).m4v
4341582,1,.m4v,H264,362p,23.98,3.83,02:04,Text,DIRECT,NO,2020-10-05 21:40,Queen of Katwe (2016),Queen of Katwe,2017-07-04,7.5,PG,Queen of Katwe (2016).m4v,/media/daveg/Lib/Movies/Queen of Katwe (2016).m4v
1193138,1,.m4v,H264,460p,29.97,3.83,01:49,Text,DIRECT,NO,2020-10-13 21:56,Up in the Air (2009),Up in the Air,2020-04-12,7.5,TV-14,Up in the Air (2009).m4v,/media/daveg/Lib/Movies/Up in the Air (2009).m4v
64115,1,.m4v,H264,364p,23.98,3.82,01:50,Text,DIRECT,NO,2020-09-06 13:53,Butch Cassidy and the Sundance Kid (1969),Butch Cassidy and the Sundance Kid,,10.0,PG,Butch Cassidy and the Sundance Kid (1969).m4v,/media/daveg/Lib/Movies/Butch Cassidy and the Sundance Kid (1969).m4v
3498820,1,.m4v,H264,364p,23.98,3.82,02:27,Text,DIRECT,NO,2020-09-07 06:44,Captain America: Civil War (2016),Captain America: Civil War,2017-01-09,8.0,TV-14::(LV),Captain America- Civil War (2016).m4v,/media/daveg/Lib/Movies/Captain America- Civil War (2016).m4v
5083738,1,.m4v,H264,468p,23.98,3.81,01:59,Text,DIRECT,NO,2020-09-15 13:26,"Favourite, The (2018)",The Favourite,2019-04-09,8.0,R,The Favourite (2018).m4v,/media/daveg/Lib/Movies/The Favourite (2018).m4v
1389137,1,.m4v,H264,472p,23.98,3.81,02:04,Text,DIRECT,NO,2020-10-14 14:20,We Bought a Zoo (2011),We Bought a Zoo,,9.0,TV-PG::(L),We Bought a Zoo (2011).m4v,/media/daveg/Lib/Movies/We Bought a Zoo (2011).m4v
6710474,1,.m4v,H264,454p,23.98,3.81,02:19,Bitmap,TRANSCODE,NO,2022-11-20 04:54,Everything Everywhere All at Once (2022),Everything Everywhere All at Once,2022-12-08,7.5,R,Everything Everywhere All at Once (2022).m4v,/media/daveg/Lib/Movies/Everything Everywhere All at Once (2022).m4v
1178665,1,.m4v,H264,356p,23.98,3.81,01:44,Bitmap,TRANSCODE,NO,2020-10-14 08:30,"Walk in the Woods, A (2015)",A Walk in the Woods,2020-08-23,8.0,R,A Walk in the Woods (2015).m4v,/media/daveg/Lib/Movies/A Walk in the Woods (2015).m4v
1605803,1,.m4v,H264,478p,29.97,3.81,01:42,Text,DIRECT,NO,2020-09-27 15:58,"Last Ride, The (2012)",The Last Ride,,8.0,PG-13,The Last Ride (2012).m4v,/media/daveg/Lib/Movies/The Last Ride (2012).m4v
1423894,1,.m4v,H264,368p,23.98,3.81,02:14,Bitmap,TRANSCODE,NO,2020-09-01 06:34,Barney's Version (2010),Barney's Version,,8.0,R,Barney's Version (2010).m4v,/media/daveg/Lib/Movies/Barney's Version (2010).m4v
13569424,1,.m4v,H264,478p,29.97,3.81,00:49,None,-,NO,2020-09-09 14:23,"Christmas Carol, A (1959)",A Christmas Carol,,8.0,NR,A Christmas Carol (1959).m4v,/media/daveg/Lib/Movies/Christmas/A Christmas Carol (1959).m4v
1365519,1,.m4v,H264,360p,23.98,3.80,01:59,Bitmap,TRANSCODE,NO,2020-10-12 20:06,Tomb Raider (2018),Tomb Raider,2018-08-27,7.5,PG-13,Tomb Raider (2018).m4v,/media/daveg/Lib/Movies/Tomb Raider (2018).m4v
1810683,1,.m4v,H264,356p,23.98,3.80,01:46,Bitmap,TRANSCODE,NO,2020-09-27 13:50,Little Boy (2015),Little Boy,2017-02-11,7.5,PG-13,Little Boy (2015).m4v,/media/daveg/Lib/Movies/Little Boy (2015).m4v
4642192,1,.m4v,H264,358p,23.98,3.79,02:00,Bitmap,TRANSCODE,NO,2021-04-02 17:18,"Keeper, The (2018)",The Keeper,2021-04-12,8.0,NR,The Keeper (2018).m4v,/media/daveg/Lib/Movies/The Keeper (2018).m4v
2381111,1,.m4v,H264,472p,23.98,3.79,01:57,Text,DIRECT,NO,2020-09-06 09:20,Brooklyn (2015),Brooklyn,2016-04-30,8.5,PG-13,Brooklyn (2015).m4v,/media/daveg/Lib/Movies/Brooklyn (2015).m4v
3829920,1,.m4v,H264,364p,23.98,3.79,02:14,Bitmap,TRANSCODE,NO,2020-10-04 17:22,Only the Brave (2017),Only the Brave,2022-06-08,8.0,PG-13,Only the Brave (2017).m4v,/media/daveg/Lib/Movies/Only the Brave (2017).m4v
1979320,1,.m4v,H264,356p,23.98,3.79,02:03,Bitmap,TRANSCODE,NO,2020-10-07 10:48,Rush (2013),Rush,,9.0,R,Rush (2013).m4v,/media/daveg/Lib/Movies/Rush (2013).m4v
4916630,1,.m4v,H264,472p,23.98,3.79,02:17,Bitmap,TRANSCODE,NO,2020-11-16 14:19,Just Mercy (2019),Just Mercy,2020-11-17,8.0,PG-13,Just Mercy (2019).m4v,/media/daveg/Lib/Movies/Just Mercy (2019).m4v
962774,1,.m4v,H264,462p,29.97,3.78,01:30,Bitmap,TRANSCODE,NO,2020-10-04 10:07,O'Horten (2007),O'Horten,,8.0,PG-13,O'Horten (2007).m4v,/media/daveg/Lib/Movies/O'Horten (2007).m4v
2582846,1,.m4v,H264,460p,23.98,3.78,02:06,Text,DIRECT,NO,2020-09-15 13:22,"Fault in Our Stars, The (2014)",The Fault in Our Stars,,8.0,TV-PG::(Some airings),The Fault in Our Stars (2014).m4v,/media/daveg/Lib/Movies/The Fault in Our Stars (2014).m4v
3544112,1,.m4v,H264,356p,23.98,3.78,01:46,Bitmap,TRANSCODE,NO,2020-10-08 15:20,Sing Street (2016),Sing Street,2016-10-09,8.5,PG-13,Sing Street (2016).m4v,/media/daveg/Lib/Movies/Sing Street (2016).m4v
1547234,1,.m4v,H264,360p,23.98,3.78,01:31,Bitmap,TRANSCODE,NO,2020-10-05 15:13,Premium Rush (2012),Premium Rush,,8.0,PG-13,Premium Rush (2012).m4v,/media/daveg/Lib/Movies/Premium Rush (2012).m4v
120834,1,.m4v,H264,364p,23.98,3.77,02:07,Bitmap,TRANSCODE,NO,2020-10-08 18:30,Snow Falling on Cedars (1999),Snow Falling on Cedars,,8.0,PG-13,Snow Falling on Cedars (1999).m4v,/media/daveg/Lib/Movies/Snow Falling on Cedars (1999).m4v
5144174,1,.m4v,H264,362p,23.98,3.77,01:57,Bitmap,TRANSCODE,NO,2022-05-31 13:00,"Dry, The (2020)",The Dry,,6.9,R,The Dry (2020).m4v,/media/daveg/Lib/Movies/The Dry (2020).m4v
45646,1,.m4v,H264,478p,29.97,3.77,01:18,None,-,NO,2020-10-02 10:26,"Conquest of Everest, The (1953)",The Conquest of Everest,,7.0,Not Rated,The Conquest of Everest (1953).m4v,/media/daveg/Lib/Movies/The Conquest of Everest (1953).m4v
257756,1,.m4v,H264,368p,23.98,3.76,01:55,Text,DIRECT,NO,2020-09-20 18:36,High Crimes (2002),High Crimes,,10.0,PG-13,High Crimes (2002).m4v,/media/daveg/Lib/Movies/High Crimes (2002).m4v
4776998,1,.m4v,H264,356p,23.98,3.76,02:13,Bitmap,TRANSCODE,NO,2020-10-05 18:29,"Promise, The (2016)",The Promise,2018-03-15,8.0,PG-13,The Promise (2016).m4v,/media/daveg/Lib/Movies/The Promise (2016).m4v
2179136,1,.m4v,H264,360p,23.98,3.76,02:13,Bitmap,TRANSCODE,NO,2020-08-29 22:16,American Sniper (2014),American Sniper,2015-08-08,8.5,TV-14::(DLSV),American Sniper (2014).m4v,/media/daveg/Lib/Movies/American Sniper (2014).m4v
1483324,1,.m4v,H264,480p,23.98,3.76,01:39,Bitmap,TRANSCODE,NO,2020-08-31 05:39,At Middleton (2013),At Middleton,,8.0,R,At Middleton (2013).m4v,/media/daveg/Lib/Movies/At Middleton (2013).m4v
473705,1,.m4v,H264,362p,23.98,3.76,02:07,Bitmap,TRANSCODE,NO,2020-10-11 12:39,State of Play (2009),State of Play,,8.0,"TV-14::(DLV, TV Rating.)",State of Play (2009).m4v,/media/daveg/Lib/Movies/State of Play (2009).m4v
132477,1,.m4v,H264,364p,120,3.76,01:48,Bitmap,TRANSCODE,NO,2020-10-04 09:09,October Sky (1999),October Sky,,10.0,PG,October Sky (1999).m4v,/media/daveg/Lib/Movies/October Sky (1999).m4v
3281548,1,.m4v,H264,468p,23.98,3.75,02:15,Bitmap,TRANSCODE,NO,2020-09-28 13:28,Little Women (2019),Little Women,2020-04-12,8.0,PG,Little Women (2019).m4v,/media/daveg/Lib/Movies/Little Women (2019).m4v
7286456,1,.m4v,H264,472p,23.98,3.75,02:02,Bitmap,TRANSCODE,NO,2020-09-23 22:08,Joker (2019),Joker,2020-04-12,8.5,R,Joker (2019).m4v,/media/daveg/Lib/Movies/Joker (2019).m4v
40746,1,.m4v,H264,478p,120,3.75,01:20,Bitmap,TRANSCODE,NO,2020-10-07 04:43,Rope (1948),Rope,,8.0,TV-G::(TV rating),Rope (1948).m4v,/media/daveg/Lib/Movies/Rope (1948).m4v
1381404,1,.m4v,H264,360p,23.98,3.75,02:05,Bitmap,TRANSCODE,NO,2020-09-10 17:42,"Company You Keep, The (2012)",The Company You Keep,2021-02-05,8.0,R,The Company You Keep (2012).m4v,/media/daveg/Lib/Movies/The Company You Keep (2012).m4v
29895189,1,.m4v,H264,360p,23.98,3.75,-,Text,DIRECT,NO,2020-10-04 17:25,Rogue One: A Star Wars Story (2016),Rogue One: A Star Wars Story,2017-05-07,8.0,NR,Rogue One- A Star Wars Story (2016).m4v,/media/daveg/Lib/Movies/Rogue One- A Star Wars Story (2016).m4v
93822,1,.m4v,H264,348p,23.98,3.75,01:34,Text,DIRECT,NO,2020-10-23 14:47,Raising Arizona (1987),Raising Arizona,,8.0,PG-13,Raising Arizona (1987).m4v,/media/daveg/Lib/Movies/Raising Arizona (1987).m4v
410297,1,.m4v,H264,360p,23.98,3.74,01:39,Text,DIRECT,NO,2020-09-22 12:20,"Lake House, The (2006)",The Lake House,2020-10-12,6.8,PG,The Lake House (2006).m4v,/media/daveg/Lib/Movies/The Lake House (2006).m4v
443518,1,.m4v,H264,480p,23.98,3.74,01:34,Text,DIRECT,NO,2020-09-18 15:57,"Girl in the Café, The (2005)",The Girl in the Café,,8.0,TV-14,The Girl in the Cafe (2005).m4v,/media/daveg/Lib/Movies/The Girl in the Cafe (2005).m4v
1478839,1,.m4v,H264,472p,23.98,3.74,01:49,Text,DIRECT,NO,2020-08-30 22:28,"Art of Racing in the Rain, The (2019)",The Art of Racing in the Rain,2020-03-19,7.5,PG,The Art of Racing in the Rain (2019).m4v,/media/daveg/Lib/Movies/The Art of Racing in the Rain (2019).m4v
5580390,1,.m4v,H264,468p,23.98,3.74,02:03,Bitmap,TRANSCODE,NO,2020-10-08 08:06,"Shape of Water, The (2017)",The Shape of Water,2019-11-14,9.0,"TV-MA::(LSV, TV rating)",The Shape of Water (2017).m4v,/media/daveg/Lib/Movies/The Shape of Water (2017).m4v
241303,1,.m4v,H264,472p,23.98,3.74,02:01,Text,DIRECT,NO,2020-09-09 11:00,Chocolat (2000),Chocolat,,9.0,PG-13,Chocolat (2000).m4v,/media/daveg/Lib/Movies/Chocolat (2000).m4v
3499096,1,.m4v,H264,364p,23.98,3.73,02:14,Bitmap,TRANSCODE,NO,2020-10-06 04:50,Race (2016),Race,2016-09-26,8.0,PG-13,Race (2016).m4v,/media/daveg/Lib/Movies/Race (2016).m4v
119723,1,.m4v,H264,480p,120,3.73,01:37,None,-,NO,2020-10-02 17:02,Mrs Dalloway (1997),Mrs Dalloway,,8.0,PG-13,Mrs Dalloway (1997).m4v,/media/daveg/Lib/Movies/Mrs Dalloway (1997).m4v
181852,1,.m4v,H264,354p,29.92,3.73,01:49,Text,DIRECT,NO,2020-10-12 09:51,Terminator 3: Rise of the Machines (2003),Terminator 3: Rise of the Machines,2021-12-23,8.0,TV-14,Terminator 3- Rise of the Machines (2003).m4v,/media/daveg/Lib/Movies/Terminator 3- Rise of the Machines (2003).m4v
482463,1,.m4v,H264,480p,23.98,3.73,01:31,Text,DIRECT,NO,2020-09-01 19:28,Bella (2006),Bella,,8.0,PG-13,Bella (2006).m4v,/media/daveg/Lib/Movies/Bella (2006).m4v
1596345,1,.m4v,H264,356p,23.98,3.73,01:55,Bitmap,TRANSCODE,NO,2020-10-05 06:48,Pawn Sacrifice (2014),Pawn Sacrifice,2020-05-03,9.0,PG-13,Pawn Sacrifice (2014).m4v,/media/daveg/Lib/Movies/Pawn Sacrifice (2014).m4v
821642,1,.m4v,H264,358p,120,3.73,01:57,Text,DIRECT,NO,2020-10-08 19:40,"Soloist, The (2009)",The Soloist,2020-04-24,10.0,PG-13,The Soloist (2009).m4v,/media/daveg/Lib/Movies/The Soloist (2009).m4v
2305051,1,.m4v,H264,360p,23.98,3.73,01:55,Text,DIRECT,NO,2020-10-14 23:05,Wild (2014),Wild,2020-08-20,8.0,R,Wild (2014).m4v,/media/daveg/Lib/Movies/Wild (2014).m4v
959337,1,.m4v,H264,360p,23.98,3.73,01:59,Text,DIRECT,NO,2020-10-06 14:16,Revolutionary Road (2008),Revolutionary Road,,8.0,R,Revolutionary Road (2008).m4v,/media/daveg/Lib/Movies/Revolutionary Road (2008).m4v
120863,1,.m4v,H264,404p,29.97,3.73,02:50,None,-,NO,2020-10-12 14:14,"Thin Red Line, The (1998)",The Thin Red Line,2018-09-19,8.5,TV-MA::(cable rating),The Thin Red Line (1998).m4v,/media/daveg/Lib/Movies/The Thin Red Line (1998).m4v
454921,1,.m4v,H264,354p,23.98,3.72,01:57,Text,DIRECT,NO,2020-10-05 19:52,"Pursuit of Happyness, The (2006)",The Pursuit of Happyness,2020-04-22,10.0,TV-14::(L),The Pursuit of Happyness (2006).m4v,/media/daveg/Lib/Movies/The Pursuit of Happyness (2006).m4v
167404,1,.m4v,H264,472p,23.98,3.72,01:47,Text,DIRECT,NO,2020-10-08 17:21,"Sixth Sense, The (1999)",The Sixth Sense,2020-10-12,8.0,PG-13::(No. 36763),The Sixth Sense (1999).m4v,/media/daveg/Lib/Movies/The Sixth Sense (1999).m4v
2584384,1,.m4v,H264,468p,23.98,3.72,01:48,Text,DIRECT,NO,2020-09-23 21:59,Jojo Rabbit (2019),Jojo Rabbit,2020-05-31,8.0,PG-13,Jojo Rabbit (2019).m4v,/media/daveg/Lib/Movies/Jojo Rabbit (2019).m4v
8093700,1,.m4v,H264,356p,23.98,3.72,02:15,Bitmap,TRANSCODE,NO,2023-01-01 18:31,"Woman King, The (2022)",The Woman King,2023-01-01,8.5,PG-13,The Woman King (2022).m4v,/media/daveg/Lib/Movies/The Woman King (2022).m4v
48789,1,.m4v,H264,336p,120,3.72,01:36,Text,DIRECT,NO,2020-10-14 05:42,"Violent Men, The (1955)",The Violent Men,,8.0,TV-PG::(TV Rating),The Violent Men (1955).m4v,/media/daveg/Lib/Movies/The Violent Men (1955).m4v
61722,1,.m4v,H264,274p,23.98,3.72,01:46,Text,DIRECT,NO,2020-09-19 06:37,"Graduate, The (1967)",The Graduate,,10.0,TV-MA::(TV rating),The Graduate (1967).m4v,/media/daveg/Lib/Movies/The Graduate (1967).m4v
1646971,1,.m4v,H264,368p,23.98,3.72,01:42,Text,DIRECT,NO,2020-09-21 08:30,How to Train Your Dragon 2 (2014),How to Train Your Dragon 2,2015-04-14,8.0,PG,How to Train Your Dragon 2 (2014).m4v,/media/daveg/Lib/Movies/How to Train Your Dragon 2 (2014).m4v
200465,1,.m4v,H264,368p,23.98,3.72,01:51,Text,DIRECT,NO,2020-08-31 21:55,"Bank Job, The (2008)",The Bank Job,,8.0,R,The Bank Job (2008).m4v,/media/daveg/Lib/Movies/The Bank Job (2008).m4v
1981107,1,.m4v,H264,356p,23.98,3.72,01:45,Bitmap,TRANSCODE,NO,2020-10-15 15:14,"Young and Prodigious T.S. Spivet, The (2013)",The Young and Prodigious T.S. Spivet,2019-05-13,8.5,PG,The Young and Prodigious T.S. Spivet (2013).m4v,/media/daveg/Lib/Movies/The Young and Prodigious T.S. Spivet (2013).m4v
424205,1,.m4v,H264,364p,23.98,3.72,01:56,Bitmap,TRANSCODE,NO,2020-10-01 07:52,Merry Christmas (2005),Merry Christmas,2019-09-15,8.0,PG-13,Merry Christmas (2005).m4v,/media/daveg/Lib/Movies/Merry Christmas (2005).m4v
9071322,1,.m4v,H264,356p,23.98,3.71,02:06,Bitmap,TRANSCODE,NO,2020-09-11 20:39,Dark Waters (2019),Dark Waters,2020-08-12,9.5,PG-13,Dark Waters (2019).m4v,/media/daveg/Lib/Movies/Dark Waters (2019).m4v
3691740,1,.m4v,H264,360p,23.98,3.71,01:57,Text,DIRECT,NO,2020-09-02 05:08,"BFG, The (2016)",The BFG,2020-10-21,8.0,PG,The BFG (2016).m4v,/media/daveg/Lib/Movies/The BFG (2016).m4v
918940,1,.m4v,H264,360p,23.98,3.71,01:50,Bitmap,TRANSCODE,NO,2020-09-23 07:18,"Legend of Tarzan, The (2016)",The Legend of Tarzan,2017-03-25,6.3,PG-13,The Legend of Tarzan (2016).m4v,/media/daveg/Lib/Movies/The Legend of Tarzan (2016).m4v
21749,1,.m4v,H264,480p,29.97,3.70,01:27,None,-,NO,2020-09-10 08:27,City Lights (1931),City Lights,2019-02-08,8.5,G,City Lights (1931).m4v,/media/daveg/Lib/Movies/City Lights (1931).m4v
317705,1,.m4v,H264,358p,23.98,3.70,01:55,Text,DIRECT,NO,2020-09-24 19:17,"Incredibles, The (2004)",The Incredibles,,8.0,"TV-PG::(LV, FX Network)",The Incredibles (2004).m4v,/media/daveg/Lib/Movies/The Incredibles (2004).m4v
9608818,1,.m4v,H264,460p,23.98,3.70,02:04,Bitmap,TRANSCODE,NO,2021-04-12 18:43,Our Friend (2019),Our Friend,2021-04-24,8.5,R,Our Friend (2019).m4v,/media/daveg/Lib/Movies/Our Friend (2019).m4v
50083,1,.m4v,H264,392p,23.98,3.70,01:36,Text,DIRECT,NO,2020-10-13 14:07,12 Angry Men (1957),12 Angry Men,,10.0,Approved,12 Angry Men (1957).m4v,/media/daveg/Lib/Movies/12 Angry Men (1957).m4v
5727282,1,.m4v,H264,360p,23.98,3.70,01:47,Text,DIRECT,NO,2020-09-03 16:55,Borg vs. McEnroe (2017),Borg vs. McEnroe,2019-01-29,7.5,R,Borg vs. McEnroe (2017).m4v,/media/daveg/Lib/Movies/Borg vs. McEnroe (2017).m4v
3488710,1,.m4v,H264,360p,23.98,3.70,02:03,Bitmap,TRANSCODE,NO,2020-10-14 08:34,"Walk, The (2015)",The Walk,2016-07-10,8.5,TV-MA::(L),The Walk (2015).m4v,/media/daveg/Lib/Movies/The Walk (2015).m4v
100157,1,.m4v,H264,462p,23.98,3.70,01:47,Text,DIRECT,NO,2021-11-05 16:07,Misery (1990),Misery,2022-01-10,9.0,"TV-14::(L, V)",Misery (1990).m4v,/media/daveg/Lib/Movies/Misery (1990).m4v
1091191,1,.m4v,H264,356p,23.98,3.70,02:01,Bitmap,TRANSCODE,NO,2020-09-28 16:13,Lone Survivor (2013),Lone Survivor,,9.0,R,Lone Survivor (2013).m4v,/media/daveg/Lib/Movies/Lone Survivor (2013).m4v
2713180,1,.m4v,H264,360p,23.98,3.70,02:14,Bitmap,TRANSCODE,NO,2020-09-18 07:48,Fury (2014),Fury,2024-01-08,9.0,R,Fury (2014).m4v,/media/daveg/Lib/Movies/Fury (2014).m4v
55728,1,.m4v,H264,366p,23.98,3.70,02:19,Text,DIRECT,NO,2020-08-28 21:38,Advise & Consent (1962),Advise & Consent,,9.0,Not Rated::(DVD rating),Advise & Consent (1962).m4v,/media/daveg/Lib/Movies/Advise & Consent (1962).m4v
55852,1,.m4v,H264,480p,120,3.69,01:30,Bitmap,TRANSCODE,NO,2021-10-05 20:46,Cléo from 5 to 7 (1962),Cléo from 5 to 7,,7.9,Not Rated,Cleo from 5 to 7 (1962).m4v,/media/daveg/Lib/Movies/Cleo from 5 to 7 (1962).m4v
2345759,1,.m4v,H264,354p,23.98,3.69,01:51,Bitmap,TRANSCODE,NO,2020-10-02 17:11,"Mummy, The (2017)",The Mummy,2019-12-08,7.5,TV-14,The Mummy (2017).m4v,/media/daveg/Lib/Movies/The Mummy (2017).m4v
1781840,1,.m4v,H264,368p,23.98,3.69,02:02,Bitmap,TRANSCODE,NO,2020-09-23 12:55,Jayne Mansfield's Car (2012),Jayne Mansfield's Car,,7.5,R,Jayne Mansfield's Car (2012).m4v,/media/daveg/Lib/Movies/Jayne Mansfield's Car (2012).m4v
1631867,1,.m4v,H264,360p,23.98,3.69,01:53,Bitmap,TRANSCODE,NO,2020-09-13 22:56,Edge of Tomorrow (2014),Edge of Tomorrow,2018-02-08,8.0,PG-13,Edge of Tomorrow (2014).m4v,/media/daveg/Lib/Movies/Edge of Tomorrow (2014).m4v
53604,1,.m4v,H264,368p,23.98,3.69,02:05,Text,DIRECT,NO,2020-08-30 12:49,"Apartment, The (1960)",The Apartment,,10.0,Approved,The Apartment (1960).m4v,/media/daveg/Lib/Movies/The Apartment (1960).m4v
2671706,1,.m4v,H264,360p,23.98,3.68,02:19,Text,DIRECT,NO,2020-09-15 13:52,Fences (2016),Fences,2017-10-10,8.0,PG-13,Fences (2016).m4v,/media/daveg/Lib/Movies/Fences (2016).m4v
1213641,1,.m4v,H264,356p,23.98,3.68,02:21,Bitmap,TRANSCODE,NO,2020-09-16 16:06,First Man (2018),First Man,2019-10-18,9.5,PG-13,First Man (2018).m4v,/media/daveg/Lib/Movies/First Man (2018).m4v
373926,1,.m4v,H264,362p,120,3.68,02:08,Bitmap,TRANSCODE,NO,2020-09-22 12:18,"Interpreter, The (2005)",The Interpreter,,8.0,TV-14::(LSV),The Interpreter (2005).m4v,/media/daveg/Lib/Movies/The Interpreter (2005).m4v
36775,1,.m4v,H264,480p,23.98,3.68,01:47,Bitmap,TRANSCODE,NO,2020-09-12 20:38,Double Indemnity (1944),Double Indemnity,,9.0,Passed::(National Board of Review),Double Indemnity (1944).m4v,/media/daveg/Lib/Movies/Double Indemnity (1944).m4v
13427,1,.m4v,H264,454p,29.97,3.67,01:18,None,-,NO,2020-10-03 07:25,Nanook of the North (1922),Nanook of the North,,10.0,Passed::(National Board of Review),Nanook of the North (1922).m4v,/media/daveg/Lib/Movies/Nanook of the North (1922).m4v
3682448,1,.m4v,H264,360p,23.98,3.67,02:22,Text,DIRECT,NO,2020-09-04 08:00,Bridge of Spies (2015),Bridge of Spies,2016-03-03,9.0,PG-13,Bridge of Spies (2015).m4v,/media/daveg/Lib/Movies/Bridge of Spies (2015).m4v
266987,1,.m4v,H264,362p,120,3.67,02:06,Bitmap,TRANSCODE,NO,2020-10-09 09:36,Spy Game (2001),Spy Game,2020-10-11,9.0,"TV-14::(LV, TV Rating.)",Spy Game (2001).m4v,/media/daveg/Lib/Movies/Spy Game (2001).m4v
3170832,1,.m4v,H264,360p,23.98,3.66,01:58,Bitmap,TRANSCODE,NO,2020-10-07 04:47,Room (2015),Room,2016-04-01,8.0,R,Room (2015).m4v,/media/daveg/Lib/Movies/Room (2015).m4v
104257,1,.m4v,H264,358p,120,3.66,02:18,Text,DIRECT,NO,2020-09-15 15:23,"Few Good Men, A (1992)",A Few Good Men,2020-06-21,8.0,"TV-14::(L, TV Rating.)",A Few Good Men (1992).m4v,/media/daveg/Lib/Movies/A Few Good Men (1992).m4v
6966692,1,.m4v,H264,432p,23.98,3.66,02:10,Bitmap,TRANSCODE,NO,2020-09-19 11:48,Green Book (2018),Green Book,2019-03-22,9.5,TV-14::(TV Rating),Green Book (2018).m4v,/media/daveg/Lib/Movies/Green Book (2018).m4v
2398231,1,.m4v,H264,356p,30,3.66,02:02,Text,DIRECT,NO,2020-09-20 21:35,"Homesman, The (2014)",The Homesman,2015-07-27,10.0,R,The Homesman (2014).m4v,/media/daveg/Lib/Movies/The Homesman (2014).m4v
1019454,1,.m4v,H264,480p,23.98,3.66,01:17,Text,DIRECT,NO,2020-10-28 19:13,Taking Chance (2009),Taking Chance,,8.0,TV-PG,Taking Chance (2009).m4v,/media/daveg/Lib/Movies/Taking Chance (2009).m4v
3631112,1,.m4v,H264,468p,23.98,3.66,01:52,Bitmap,TRANSCODE,NO,2020-09-18 15:56,"Girl on the Train, The (2016)",The Girl on the Train,2021-11-09,7.5,R,The Girl on the Train (2016).m4v,/media/daveg/Lib/Movies/The Girl on the Train (2016).m4v
4052882,1,.m4v,H264,360p,23.98,3.65,01:26,Bitmap,TRANSCODE,NO,2020-10-08 07:54,"Shallows, The (2016)",The Shallows,2016-12-11,7.5,TV-14::(TV rating),The Shallows (2016).m4v,/media/daveg/Lib/Movies/The Shallows (2016).m4v
2802144,1,.m4v,H264,360p,23.98,3.65,02:09,Text,DIRECT,NO,2020-09-24 20:52,Kingsman: The Secret Service (2014),Kingsman: The Secret Service,2019-12-12,8.0,"TV-14::(DLV, TV Rating.)",Kingsman- The Secret Service (2014).m4v,/media/daveg/Lib/Movies/Kingsman- The Secret Service (2014).m4v
8760684,1,.m4v,H264,392p,23.98,3.65,01:33,None,-,NO,2020-08-27 05:57,Apollo 11 (2019),Apollo 11,2021-09-15,9.0,G,Apollo 11 (2019).m4v,/media/daveg/Lib/Movies/Apollo 11 (2019).m4v
168786,1,.m4v,H264,368p,23.98,3.65,02:00,Text,DIRECT,NO,2020-08-30 12:45,Antwone Fisher (2002),Antwone Fisher,2011-11-17,7.5,PG-13,Antwone Fisher (2002).m4v,/media/daveg/Lib/Movies/Antwone Fisher (2002).m4v
361748,1,.m4v,H264,356p,23.98,3.65,02:33,Bitmap,TRANSCODE,NO,2020-09-22 08:58,Inglourious Basterds (2009),Inglourious Basterds,,8.0,R,Inglourious Basterds (2009).m4v,/media/daveg/Lib/Movies/Inglourious Basterds (2009).m4v
49406,1,.m4v,H264,480p,23.98,3.64,01:24,Bitmap,TRANSCODE,NO,2020-09-24 19:22,"Killing, The (1956)",The Killing,2016-02-20,8.0,Approved,The Killing (1956).m4v,/media/daveg/Lib/Movies/The Killing (1956).m4v
1504320,1,.m4v,H264,478p,23.98,3.64,01:58,Bitmap,TRANSCODE,NO,2020-09-24 20:33,"King's Speech, The (2010)",The King's Speech,,10.0,TV-14::(TV rating),The King's Speech (2010).m4v,/media/daveg/Lib/Movies/The King's Speech (2010).m4v
2170593,1,.m4v,H264,460p,23.98,3.64,01:42,Bitmap,TRANSCODE,NO,2020-10-09 09:46,St. Vincent (2014),St. Vincent,2015-03-03,9.0,PG-13,St. Vincent (2014).m4v,/media/daveg/Lib/Movies/St. Vincent (2014).m4v
1911644,1,.m4v,H264,472p,23.98,3.64,01:36,Bitmap,TRANSCODE,NO,2020-09-06 16:20,"Call, The (2013)",The Call,,8.0,R,The Call (2013).m4v,/media/daveg/Lib/Movies/The Call (2013).m4v
1972779,1,.m4v,H264,360p,23.98,3.64,01:58,Text,DIRECT,NO,2020-09-02 04:07,"Best of Me, The (2014)",The Best of Me,2015-08-12,7.5,PG-13,The Best of Me (2014).m4v,/media/daveg/Lib/Movies/The Best of Me (2014).m4v
8579674,1,.m4v,H264,356p,23.98,3.63,01:59,Bitmap,TRANSCODE,NO,2020-08-21 21:32,1917 (2019),1917,2024-01-08,8.5,TV-MA,1917 (2019).m4v,/media/daveg/Lib/Movies/1917 (2019).m4v
4244994,1,.m4v,H264,356p,23.98,3.63,02:32,Text,DIRECT,NO,2022-02-19 14:58,"Last Duel, The (2021)",The Last Duel,2022-04-01,7.5,TV-MA::(TV rating),The Last Duel (2021).m4v,/media/daveg/Lib/Movies/The Last Duel (2021).m4v
114814,1,.m4v,H264,480p,120,3.63,01:46,Text,DIRECT,NO,2020-10-13 23:07,"Usual Suspects, The (1995)",The Usual Suspects,2019-12-08,10.0,R,The Usual Suspects (1995).m4v,/media/daveg/Lib/Movies/The Usual Suspects (1995).m4v
2726560,1,.m4v,H264,360p,23.98,3.63,02:03,Text,DIRECT,NO,2020-09-28 18:43,"Longest Ride, The (2015)",The Longest Ride,2015-12-22,8.5,PG-13,The Longest Ride (2015).m4v,/media/daveg/Lib/Movies/The Longest Ride (2015).m4v
3704050,1,.m4v,H264,480p,23.98,3.62,01:34,Bitmap,TRANSCODE,NO,2020-10-06 12:45,Remember (2015),Remember,2016-09-26,8.0,R,Remember (2015).m4v,/media/daveg/Lib/Movies/Remember (2015).m4v
414387,1,.m4v,H264,362p,120,3.62,02:09,Bitmap,TRANSCODE,NO,2020-10-05 15:15,Pride & Prejudice (2005),Pride & Prejudice,,8.0,PG,Pride & Prejudice (2005).m4v,/media/daveg/Lib/Movies/Pride & Prejudice (2005).m4v
1431181,1,.m4v,H264,364p,23.98,3.62,02:09,Bitmap,TRANSCODE,NO,2020-08-30 08:55,Another Year (2010),Another Year,2011-11-14,8.0,PG-13,Another Year (2010).m4v,/media/daveg/Lib/Movies/Another Year (2010).m4v
3203616,1,.m4v,H264,462p,23.98,3.62,01:39,Bitmap,TRANSCODE,NO,2020-09-10 11:27,"Cobbler, The (2014)",The Cobbler,2015-12-10,7.5,PG-13,The Cobbler (2014).m4v,/media/daveg/Lib/Movies/The Cobbler (2014).m4v
2083383,1,.m4v,H264,360p,47.95,3.61,01:51,Bitmap,TRANSCODE,NO,2020-10-13 08:41,Trouble with the Curve (2012),Trouble with the Curve,,8.0,"TV-14::(D, L, V)",Trouble with the Curve (2012).m4v,/media/daveg/Lib/Movies/Trouble with the Curve (2012).m4v
317740,1,.m4v,H264,364p,23.98,3.61,01:51,Text,DIRECT,NO,2020-09-22 22:00,"Italian Job, The (2003)",The Italian Job,,10.0,PG-13,The Italian Job (2003).m4v,/media/daveg/Lib/Movies/The Italian Job (2003).m4v
2614684,1,.m4v,H264,360p,23.98,3.61,01:39,Text,DIRECT,NO,2020-10-08 06:18,'71 (2014),'71,2015-09-27,8.5,R,'71 (2014).m4v,/media/daveg/Lib/Movies/'71 (2014).m4v
7693316,1,.m4v,H264,386p,23.98,3.61,02:19,Text,DIRECT,NO,2023-04-14 16:37,Devotion (2022),Devotion,2023-04-17,7.0,PG-13,Devotion (2022).m4v,/media/daveg/Lib/Movies/Devotion (2022).m4v
1172233,1,.m4v,H264,356p,23.98,3.61,01:51,Text,DIRECT,NO,2020-10-14 20:20,Whip It (2009),Whip It,,8.0,PG-13,Whip It (2009).m4v,/media/daveg/Lib/Movies/Whip It (2009).m4v
3233418,1,.m4v,H264,364p,23.98,3.60,01:54,Text,DIRECT,NO,2020-10-09 02:46,Spare Parts (2015),Spare Parts,2015-06-09,8.0,PG-13,Spare Parts (2015).m4v,/media/daveg/Lib/Movies/Spare Parts (2015).m4v
3890160,1,.m4v,H264,360p,23.98,3.60,01:53,Bitmap,TRANSCODE,NO,2020-08-31 18:08,Baby Driver (2017),Baby Driver,2021-12-26,8.0,TV-MA,Baby Driver (2017).m4v,/media/daveg/Lib/Movies/Baby Driver (2017).m4v
1478338,1,.m4v,H264,356p,23.98,3.60,02:05,Bitmap,TRANSCODE,NO,2020-09-21 17:31,Bridesmaids (2011),Bridesmaids,,7.0,"TV-14::(D, L, S)",Bridesmaids (2011).m4v,/media/daveg/Lib/Movies/Bridesmaids (2011).m4v
376994,1,.m4v,H264,362p,120,3.60,01:44,Text,DIRECT,NO,2020-10-15 12:54,X-Men: The Last Stand (2006),X-Men: The Last Stand,2014-08-24,8.0,TV-G::(TV rating),X-Men- The Last Stand (2006).m4v,/media/daveg/Lib/Movies/X-Men- The Last Stand (2006).m4v
914798,1,.m4v,H264,462p,23.98,3.59,01:34,Text,DIRECT,NO,2020-09-03 22:44,"Boy in the Striped Pajamas, The (2008)",The Boy in the Striped Pajamas,,8.0,PG-13,The Boy in the Striped Pajamas (2008).m4v,/media/daveg/Lib/Movies/The Boy in the Striped Pajamas (2008).m4v
3393786,1,.m4v,H264,360p,23.98,3.59,01:58,Text,DIRECT,NO,2020-09-23 06:49,Jack Reacher: Never Go Back (2016),Jack Reacher: Never Go Back,2020-10-18,7.0,PG-13,Jack Reacher- Never Go Back (2016).m4v,/media/daveg/Lib/Movies/Jack Reacher- Never Go Back (2016).m4v
3721954,1,.m4v,H264,468p,23.98,3.59,01:55,Bitmap,TRANSCODE,NO,2020-09-30 12:24,Maudie (2016),Maudie,2018-11-08,8.5,PG-13,Maudie (2016).m4v,/media/daveg/Lib/Movies/Maudie (2016).m4v
1135487,1,.m4v,H264,354p,23.98,3.59,02:05,Bitmap,TRANSCODE,NO,2020-09-13 07:41,Duplicity (2009),Duplicity,,8.0,PG-13,Duplicity (2009).m4v,/media/daveg/Lib/Movies/Duplicity (2009).m4v
279778,1,.m4v,H264,370p,23.98,3.58,01:56,Text,DIRECT,NO,2020-09-23 08:14,Divine Secrets of the Ya-Ya Sisterhood (2002),Divine Secrets of the Ya-Ya Sisterhood,,6.1,PG-13,Divine Secrets of the Ya-Ya Sisterhood (2002).m4v,/media/daveg/Lib/Movies/Divine Secrets of the Ya-Ya Sisterhood (2002).m4v
372824,1,.m4v,H264,358p,120,3.58,01:37,Bitmap,TRANSCODE,NO,2020-09-09 10:21,"Chorus, The (2004)",The Chorus,2019-01-23,9.5,PG-13,The Chorus (2004).m4v,/media/daveg/Lib/Movies/The Chorus (2004).m4v
130827,1,.m4v,H264,464p,120,3.57,01:21,Bitmap,TRANSCODE,NO,2020-10-07 08:14,Run Lola Run (1998),Run Lola Run,,8.0,R,Run Lola Run (1998).m4v,/media/daveg/Lib/Movies/Run Lola Run (1998).m4v
327597,1,.m4v,H264,460p,120,3.57,01:40,Bitmap,TRANSCODE,NO,2020-09-11 04:34,Coraline (2009),Coraline,,8.0,TV-14::(ABC Family),Coraline (2009).m4v,/media/daveg/Lib/Movies/Coraline (2009).m4v
66999,1,.m4v,H264,366p,47.95,3.57,01:42,Text,DIRECT,NO,2020-09-12 13:34,Dirty Harry (1971),Dirty Harry,,10.0,R,Dirty Harry (1971).m4v,/media/daveg/Lib/Movies/Dirty Harry (1971).m4v
2286990,1,.m4v,H264,354p,23.98,3.57,01:37,Bitmap,TRANSCODE,NO,2020-10-06 16:34,"Right Kind of Wrong, The (2013)",The Right Kind of Wrong,2015-04-29,8.0,R,The Right Kind of Wrong (2013).m4v,/media/daveg/Lib/Movies/The Right Kind of Wrong (2013).m4v
1229238,1,.m4v,H264,360p,23.98,3.57,02:12,Text,DIRECT,NO,2020-10-01 14:07,Mission: Impossible - Ghost Protocol (2011),Mission: Impossible - Ghost Protocol,2021-03-11,10.0,PG-13,Mission- Impossible - Ghost Protocol (2011).m4v,/media/daveg/Lib/Movies/Mission- Impossible - Ghost Protocol (2011).m4v
427152,1,.m4v,H264,480p,120,3.57,01:54,Text,DIRECT,NO,2020-09-12 13:02,Dinner for Schmucks (2010),Dinner for Schmucks,,8.0,PG-13,Dinner for Schmucks (2010).m4v,/media/daveg/Lib/Movies/Dinner for Schmucks (2010).m4v
2005151,1,.m4v,H264,360p,23.98,3.57,01:54,Bitmap,TRANSCODE,NO,2020-10-14 10:35,War Dogs (2016),War Dogs,2017-06-22,7.5,R,War Dogs (2016).m4v,/media/daveg/Lib/Movies/War Dogs (2016).m4v
4986134,1,.m4v,H264,476p,23.98,3.57,01:46,Bitmap,TRANSCODE,NO,2020-10-06 09:33,Rebel in the Rye (2017),Rebel in the Rye,2018-06-26,7.5,PG-13,Rebel in the Rye (2017).m4v,/media/daveg/Lib/Movies/Rebel in the Rye (2017).m4v
377107,1,.m4v,H264,368p,120,3.56,01:40,Text,DIRECT,NO,2020-10-05 18:29,Proof (2005),Proof,,8.0,PG-13,Proof (2005).m4v,/media/daveg/Lib/Movies/Proof (2005).m4v
5029608,1,.m4v,H264,356p,23.98,3.56,01:53,Bitmap,TRANSCODE,NO,2020-09-17 17:20,Frantz (2016),Frantz,2019-02-11,8.5,PG-13,Frantz (2016).m4v,/media/daveg/Lib/Movies/Frantz (2016).m4v
47849,1,.m4v,H264,346p,47.95,3.56,01:21,Text,DIRECT,NO,2020-08-31 20:10,Bad Day at Black Rock (1955),Bad Day at Black Rock,2020-10-12,9.0,Passed::(National Board of Review),Bad Day at Black Rock (1955).m4v,/media/daveg/Lib/Movies/Bad Day at Black Rock (1955).m4v
1067583,1,.m4v,H264,368p,23.98,3.56,02:02,Text,DIRECT,NO,2020-10-14 12:20,Water for Elephants (2011),Water for Elephants,,9.0,PG-13,Water for Elephants (2011).m4v,/media/daveg/Lib/Movies/Water for Elephants (2011).m4v
6264654,1,.m4v,H264,360p,23.98,3.56,01:55,Text,DIRECT,NO,2022-06-06 12:41,Free Guy (2021),Free Guy,2022-07-18,8.5,PG-13,Free Guy (2021).m4v,/media/daveg/Lib/Movies/Free Guy (2021).m4v
124315,1,.m4v,H264,368p,29.97,3.55,02:06,Text,DIRECT,NO,2020-09-10 06:09,"Cider House Rules, The (1999)",The Cider House Rules,,8.0,TV-PG::(TV rating),The Cider House Rules (1999).m4v,/media/daveg/Lib/Movies/The Cider House Rules (1999).m4v
9411972,1,.m4v,H264,356p,23.98,3.55,02:05,Bitmap,TRANSCODE,NO,2022-11-07 16:31,Where the Crawdads Sing (2022),Where the Crawdads Sing,2022-12-08,8.0,PG-13,Where the Crawdads Sing (2022).m4v,/media/daveg/Lib/Movies/Where the Crawdads Sing (2022).m4v
5434972,1,.m4v,H264,480p,23.98,3.55,01:27,Text,DIRECT,NO,2020-09-15 12:27,Fastball (2016),Fastball,2016-12-05,7.5,Not Rated,Fastball (2016).m4v,/media/daveg/Lib/Movies/Fastball (2016).m4v
8613070,1,.m4v,H264,460p,23.98,3.55,02:02,Bitmap,TRANSCODE,NO,2020-10-05 13:46,Portrait of a Lady on Fire (2019),Portrait of a Lady on Fire,2020-08-12,8.0,R,Portrait of a Lady on Fire (2019).m4v,/media/daveg/Lib/Movies/Portrait of a Lady on Fire (2019).m4v
4540710,1,.m4v,H264,360p,23.98,3.54,02:12,Text,DIRECT,NO,2020-10-01 09:39,Miss Sloane (2016),Miss Sloane,2017-05-07,7.5,R,Miss Sloane (2016).m4v,/media/daveg/Lib/Movies/Miss Sloane (2016).m4v
6450804,1,.m4v,H264,356p,23.98,3.54,02:08,Text,DIRECT,NO,2020-10-12 07:16,Terminator: Dark Fate (2019),Terminator: Dark Fate,2020-07-31,7.0,R,Terminator- Dark Fate (2019).m4v,/media/daveg/Lib/Movies/Terminator- Dark Fate (2019).m4v
1654523,1,.m4v,H264,480p,23.98,3.54,01:51,Text,DIRECT,NO,2020-10-03 12:39,Night Train to Lisbon (2013),Night Train to Lisbon,,9.0,R,Night Train to Lisbon (2013).m4v,/media/daveg/Lib/Movies/Night Train to Lisbon (2013).m4v
1126590,1,.m4v,H264,480p,23.98,3.54,01:46,Bitmap,TRANSCODE,NO,2020-09-02 04:51,Big Eyes (2014),Big Eyes,2015-06-22,7.5,PG-13,Big Eyes (2014).m4v,/media/daveg/Lib/Movies/Big Eyes (2014).m4v
209144,1,.m4v,H264,366p,120,3.54,01:53,Text,DIRECT,NO,2020-09-30 20:21,Memento (2000),Memento,,8.0,R,Memento (2000).m4v,/media/daveg/Lib/Movies/Memento (2000).m4v
397313,1,.m4v,H264,354p,120,3.54,02:00,Text,DIRECT,NO,2020-09-14 04:06,Eight Below (2006),Eight Below,,8.0,PG,Eight Below (2006).m4v,/media/daveg/Lib/Movies/Eight Below (2006).m4v
2093995,1,.m4v,H264,466p,23.98,3.53,01:56,Text,DIRECT,NO,2020-09-17 13:40,Fort Bliss (2014),Fort Bliss,2015-04-22,8.5,TV-14,Fort Bliss (2014).m4v,/media/daveg/Lib/Movies/Fort Bliss (2014).m4v
10370710,1,.m4v,H264,460p,23.98,3.53,02:08,Bitmap,TRANSCODE,NO,2023-01-23 12:55,"Worst Person in the World, The (2021)",The Worst Person in the World,2023-02-19,8.5,R,The Worst Person in the World (2021).m4v,/media/daveg/Lib/Movies/The Worst Person in the World (2021).m4v
2404311,1,.m4v,H264,364p,23.98,3.53,01:51,Text,DIRECT,NO,2020-09-15 06:51,"Family, The (2013)",The Family,,9.0,R,The Family (2013).m4v,/media/daveg/Lib/Movies/The Family (2013).m4v
2357129,1,.m4v,H264,364p,23.98,3.53,02:08,Bitmap,TRANSCODE,NO,2020-09-23 20:43,Jobs (2013),Jobs,,8.0,TV-PG,Jobs (2013).m4v,/media/daveg/Lib/Movies/Jobs (2013).m4v
4630444,1,.m4v,H264,472p,23.98,3.53,01:37,Bitmap,TRANSCODE,NO,2020-09-01 19:19,Being Charlie (2015),Being Charlie,2017-03-19,7.5,R,Being Charlie (2015).m4v,/media/daveg/Lib/Movies/Being Charlie (2015).m4v
332452,1,.m4v,H264,404p,29.97,3.53,02:43,None,-,NO,2020-10-13 07:39,Troy (2004),Troy,,8.0,R,Troy (2004).m4v,/media/daveg/Lib/Movies/Troy (2004).m4v
217505,1,.m4v,H264,362p,120,3.52,02:47,Text,DIRECT,NO,2021-09-16 20:49,Gangs of New York (2002),Gangs of New York,2021-10-10,7.5,R,Gangs of New York (2002) Disc 1.m4v,/media/daveg/Lib/Movies/Gangs of New York (2002) Disc 1.m4v
1483013,1,.m4v,H264,356p,23.98,3.52,02:04,Bitmap,TRANSCODE,NO,2020-10-03 22:40,Oblivion (2013),Oblivion,2019-08-01,8.0,PG-13,Oblivion (2013).m4v,/media/daveg/Lib/Movies/Oblivion (2013).m4v
1839492,1,.m4v,H264,462p,23.98,3.52,01:44,Text,DIRECT,NO,2020-10-07 06:00,Ruby Sparks (2012),Ruby Sparks,,8.0,R,Ruby Sparks (2012).m4v,/media/daveg/Lib/Movies/Ruby Sparks (2012).m4v
1591479,1,.m4v,H264,360p,23.98,3.52,01:50,Text,DIRECT,NO,2020-08-28 18:45,Act of Valor (2012),Act of Valor,,8.0,R,Act of Valor (2012).m4v,/media/daveg/Lib/Movies/Act of Valor (2012).m4v
8338076,0,.m4v,H264,460p,23.98,3.51,01:40,Bitmap,TRANSCODE,NO,2021-11-22 22:29,Queen Bees (2021),Queen Bees,2024-01-24,6.3,PG-13,Queen Bees (2021).m4v,/media/daveg/Lib/Movies/Queen Bees (2021).m4v
6751668,1,.m4v,H264,360p,23.98,3.51,02:12,Bitmap,TRANSCODE,NO,2020-10-04 21:53,Parasite (2019),Parasite,2020-05-31,9.0,R,Parasite (2019).m4v,/media/daveg/Lib/Movies/Parasite (2019).m4v
5294550,1,.m4v,H264,360p,23.98,3.51,02:12,Bitmap,TRANSCODE,NO,2020-08-29 16:03,All the Money in the World (2017),All the Money in the World,2018-04-15,8.0,R,All the Money in the World (2017).m4v,/media/daveg/Lib/Movies/All the Money in the World (2017).m4v
7959026,1,.m4v,H264,360p,23.98,3.51,01:56,Bitmap,TRANSCODE,NO,2020-10-02 14:54,"Mule, The (2018)",The Mule,2023-11-14,8.5,"TV-14::(DLSV, TV Rating.)",The Mule (2018).m4v,/media/daveg/Lib/Movies/The Mule (2018).m4v
3149038,1,.m4v,H264,360p,23.98,3.51,01:51,Bitmap,TRANSCODE,NO,2020-09-06 06:26,"Brilliant Young Mind, A (2014)",A Brilliant Young Mind,2016-02-04,7.5,PG-13,A Brilliant Young Mind (2014).m4v,/media/daveg/Lib/Movies/A Brilliant Young Mind (2014).m4v
1648186,1,.m4v,H264,356p,23.98,3.51,01:52,Bitmap,TRANSCODE,NO,2021-05-30 14:04,Fisherman's Friends (2019),Fisherman's Friends,2021-08-24,8.0,PG-13,Fisherman's Friends (2019).m4v,/media/daveg/Lib/Movies/Fisherman's Friends (2019).m4v
3127022,1,.m4v,H264,480p,23.98,3.50,01:53,Bitmap,TRANSCODE,NO,2020-09-03 17:04,"Bookshop, The (2017)",The Bookshop,2019-03-09,9.5,PG,The Bookshop (2017).m4v,/media/daveg/Lib/Movies/The Bookshop (2017).m4v
420223,1,.m4v,H264,462p,120,3.50,01:53,Text,DIRECT,NO,2020-10-11 16:42,Stranger Than Fiction (2006),Stranger Than Fiction,,9.0,PG-13,Stranger Than Fiction (2006).m4v,/media/daveg/Lib/Movies/Stranger Than Fiction (2006).m4v
4136456,1,.m4v,H264,356p,23.98,3.50,01:50,Bitmap,TRANSCODE,NO,2021-06-01 11:57,"Virtuoso, The (2021)",The Virtuoso,,4.9,R,The Virtuoso (2021).m4v,/media/daveg/Lib/Movies/The Virtuoso (2021).m4v
1014759,1,.m4v,H264,480p,120,3.50,01:48,Text,DIRECT,NO,2020-08-29 08:08,Alice in Wonderland (2010),Alice in Wonderland,,8.0,TV-PG,Alice In Wonderland (2010).m4v,/media/daveg/Lib/Movies/Alice In Wonderland (2010).m4v
7048622,1,.m4v,H264,356p,23.98,3.50,01:53,Bitmap,TRANSCODE,NO,2020-09-22 11:00,"Insult, The (2017)",The Insult,2019-01-04,8.0,R,The Insult (2017).m4v,/media/daveg/Lib/Movies/The Insult (2017).m4v
1742336,1,.m4v,H264,480p,29.97,3.49,01:30,Bitmap,TRANSCODE,NO,2020-10-15 16:04,Your Sister's Sister (2011),Your Sister's Sister,2016-04-29,7.5,R,Your Sister's Sister (2011).m4v,/media/daveg/Lib/Movies/Your Sister's Sister (2011).m4v
2884206,1,.m4v,H264,360p,23.98,3.49,01:46,Text,DIRECT,NO,2020-09-21 17:53,I Origins (2014),I Origins,2015-06-29,8.5,R,I Origins (2014).m4v,/media/daveg/Lib/Movies/I Origins (2014).m4v
1028532,1,.m4v,H264,464p,23.98,3.49,01:33,Bitmap,TRANSCODE,NO,2020-09-19 14:20,Hachi: A Dog's Tale (2009),Hachi: A Dog's Tale,,8.0,TV-G,Hachi- A Dog's Tale (2009).m4v,/media/daveg/Lib/Movies/Hachi- A Dog's Tale (2009).m4v
1403865,1,.m4v,H264,362p,23.98,3.49,01:50,Text,DIRECT,NO,2020-10-13 09:39,True Grit (2010),True Grit,2019-12-08,10.0,PG-13,True Grit (2010).m4v,/media/daveg/Lib/Movies/True Grit (2010).m4v
918927,1,.m4v,H264,472p,120,3.49,01:44,Text,DIRECT,NO,2020-09-13 04:46,Doubt (2008),Doubt,,8.0,PG-13,Doubt (2008).m4v,/media/daveg/Lib/Movies/Doubt (2008).m4v
6155172,1,.m4v,H264,356p,23.98,3.49,02:15,Bitmap,TRANSCODE,NO,2020-10-06 22:29,Roma (2018),Roma,2020-02-18,9.0,R,Roma (2018).m4v,/media/daveg/Lib/Movies/Roma (2018).m4v
10633456,1,.m4v,H264,356p,23.98,3.48,01:55,Bitmap,TRANSCODE,NO,2021-08-09 21:10,Minari (2020),Minari,2021-08-13,8.0,PG-13,Minari (2020).m4v,/media/daveg/Lib/Movies/Minari (2020).m4v
3825638,1,.m4v,H264,368p,23.98,3.48,02:04,Bitmap,TRANSCODE,NO,2020-09-27 10:36,Labyrinth of Lies (2014),Labyrinth of Lies,2016-05-23,7.5,R,Labyrinth of Lies (2014).m4v,/media/daveg/Lib/Movies/Labyrinth of Lies (2014).m4v
1219827,1,.m4v,H264,480p,23.98,3.48,01:47,Text,DIRECT,NO,2020-09-18 13:10,Ghost in the Shell (2017),Ghost in the Shell,2017-10-29,8.0,PG-13,Ghost in the Shell (2017).m4v,/media/daveg/Lib/Movies/Ghost in the Shell (2017).m4v
1131729,1,.m4v,H264,362p,23.98,3.48,02:15,Bitmap,TRANSCODE,NO,2020-10-05 10:51,"Boat That Rocked, The (2009)",The Boat That Rocked,2014-8-24,9.0,R,The Boat that Rocked (2009).m4v,/media/daveg/Lib/Movies/The Boat that Rocked (2009).m4v
2095649,1,.m4v,H264,362p,23.98,3.48,01:43,Bitmap,TRANSCODE,NO,2020-09-19 06:40,Grace of Monaco (2014),Grace of Monaco,2020-01-30,9.0,Not Rated,Grace of Monaco (2014).m4v,/media/daveg/Lib/Movies/Grace of Monaco (2014).m4v
2674426,1,.m4v,H264,364p,23.98,3.48,01:50,Bitmap,TRANSCODE,NO,2020-09-30 14:56,Me Before You (2016),Me Before You,2017-01-31,7.5,PG-13,Me Before You (2016).m4v,/media/daveg/Lib/Movies/Me Before You (2016).m4v
2396566,1,.m4v,H264,478p,23.98,3.47,01:31,Bitmap,TRANSCODE,NO,2020-10-13 16:51,20 Feet from Stardom (2013),20 Feet from Stardom,,8.0,PG-13,20 Feet from Stardom (2013).m4v,/media/daveg/Lib/Movies/20 Feet from Stardom (2013).m4v
2639254,1,.m4v,H264,356p,23.98,3.47,01:57,Bitmap,TRANSCODE,NO,2020-09-28 11:05,"Little Chaos, A (2014)",A Little Chaos,2020-05-09,9.0,R,A Little Chaos (2014).m4v,/media/daveg/Lib/Movies/A Little Chaos (2014).m4v
1197624,1,.m4v,H264,360p,29.97,3.47,01:49,Bitmap,TRANSCODE,NO,2020-09-27 17:58,Law Abiding Citizen (2009),Law Abiding Citizen,2019-10-21,7.5,TV-14::(LV),Law Abiding Citizen (2009).m4v,/media/daveg/Lib/Movies/Law Abiding Citizen (2009).m4v
2852400,1,.m4v,H264,358p,23.98,3.46,02:10,Bitmap,TRANSCODE,NO,2020-12-02 14:03,"Touch of Sin, A (2013)",A Touch of Sin,,7.1,Not Rated,A Touch of Sin (2013).m4v,/media/daveg/Lib/Movies/A Touch of Sin (2013).m4v
876563,1,.m4v,H264,466p,120,3.45,01:41,Text,DIRECT,NO,2020-10-05 13:38,Ponyo (2008),Ponyo,,8.0,G,Ponyo (2008).m4v,/media/daveg/Lib/Movies/Ponyo (2008).m4v
27752,1,.m4v,H264,446p,120,3.45,01:27,Bitmap,TRANSCODE,NO,2021-11-04 18:22,"Only Son, The (1936)",The Only Son,,7.8,Not Rated,The Only Son (1936).m4v,/media/daveg/Lib/Movies/The Only Son (1936).m4v
3460252,1,.m4v,H264,310p,23.98,3.45,02:48,Bitmap,TRANSCODE,YES,2020-09-19 19:10,"Hateful Eight, The (2015)",The Hateful Eight,2016-04-17,8.0,R,The Hateful Eight (2015).m4v,/media/daveg/Lib/Movies/The Hateful Eight (2015).m4v
1856101,1,.m4v,H264,360p,23.98,3.45,02:44,Bitmap,TRANSCODE,NO,2020-09-03 04:01,Blade Runner 2049 (2017),Blade Runner 2049,2018-01-05,9.0,TV-MA::(LSV),Blade Runner 2049 (2017).m4v,/media/daveg/Lib/Movies/Blade Runner 2049 (2017).m4v
151804,1,.m4v,H264,480p,23.98,3.45,01:29,Text,DIRECT,NO,2020-10-04 10:12,Office Space (1999),Office Space,,8.0,R::(Approved No. 36485),Office Space (1999).m4v,/media/daveg/Lib/Movies/Office Space (1999).m4v
936501,1,.m4v,H264,368p,23.98,3.44,01:30,Text,DIRECT,NO,2020-10-12 04:10,Taken (2008),Taken,,8.0,TV-MA::(DLSV),Taken (2008).m4v,/media/daveg/Lib/Movies/Taken (2008).m4v
1263670,1,.m4v,H264,362p,23.98,3.44,01:52,Text,DIRECT,NO,2020-09-11 07:04,Crazy Heart (2009),Crazy Heart,2014-08-24,8.0,R,Crazy Heart (2009).m4v,/media/daveg/Lib/Movies/Crazy Heart (2009).m4v
477348,1,.m4v,H264,364p,120,3.44,02:02,Text,DIRECT,NO,2020-10-03 10:18,No Country for Old Men (2007),No Country for Old Men,2024-04-01,10.0,R,No Country for Old Men (2007).m4v,/media/daveg/Lib/Movies/No Country for Old Men (2007).m4v
1571403,1,.m4v,H264,360p,29.97,3.44,-,Bitmap,TRANSCODE,NO,2020-09-06 06:29,Harry Potter and the Deathly Hallows: Part I (2010),Harry Potter and the Deathly Hallows: Part I,,10.0,T,Harry Potter and the Deathly Hallows- Part I (2010).m4v,/media/daveg/Lib/Movies/Harry Potter/Harry Potter and the Deathly Hallows- Part I (2010).m4v
4572792,1,.m4v,H264,428p,23.98,3.44,01:45,Bitmap,TRANSCODE,NO,2020-09-03 15:37,"Book of Henry, The (2017)",The Book of Henry,2018-05-12,7.5,PG-13,The Book of Henry (2017).m4v,/media/daveg/Lib/Movies/The Book of Henry (2017).m4v
1843866,1,.m4v,H264,360p,23.98,3.43,02:16,Text,DIRECT,NO,2020-09-07 07:35,Captain America: The Winter Soldier (2014),Captain America: The Winter Soldier,,9.0,PG-13,Captain America- The Winter Soldier (2014).m4v,/media/daveg/Lib/Movies/Captain America- The Winter Soldier (2014).m4v
1226753,1,.m4v,H264,356p,23.98,3.43,01:53,Bitmap,TRANSCODE,NO,2020-09-12 04:27,"Debt, The (2010)",The Debt,,9.0,R,The Debt (2010).m4v,/media/daveg/Lib/Movies/The Debt (2010).m4v
1727824,1,.m4v,H264,360p,23.98,3.42,02:14,Text,DIRECT,NO,2020-09-03 12:34,Bohemian Rhapsody (2018),Bohemian Rhapsody,2019-02-28,10.0,PG-13,Bohemian Rhapsody (2018).m4v,/media/daveg/Lib/Movies/Bohemian Rhapsody (2018).m4v
83944,1,.m4v,H264,368p,120,3.42,01:33,Text,DIRECT,NO,2020-10-06 05:02,First Blood (1982),First Blood,,7.7,TV-MA::(IFC rating),First Blood (1982).m4v,/media/daveg/Lib/Movies/First Blood (1982).m4v
2340650,1,.m4v,H264,480p,23.98,3.42,01:46,Bitmap,TRANSCODE,NO,2020-09-13 08:58,East Side Sushi (2014),East Side Sushi,2016-09-15,8.0,PG,East Side Sushi (2014).m4v,/media/daveg/Lib/Movies/East Side Sushi (2014).m4v
1454468,1,.m4v,H264,360p,23.98,3.42,01:31,Bitmap,TRANSCODE,NO,2020-09-19 08:23,Gravity (2013),Gravity,2020-11-02,10.0,PG-13,Gravity (2013).m4v,/media/daveg/Lib/Movies/Gravity (2013).m4v
2267998,1,.m4v,H264,360p,23.98,3.41,02:29,Text,DIRECT,NO,2020-09-18 21:08,Gone Girl (2014),Gone Girl,2022-06-14,8.0,R,Gone Girl (2014).m4v,/media/daveg/Lib/Movies/Gone Girl (2014).m4v
2406566,1,.m4v,H264,360p,23.98,3.41,01:55,Bitmap,TRANSCODE,NO,2020-08-31 05:36,Atomic Blonde (2017),Atomic Blonde,2018-03-15,8.0,"TV-14::(L, S, V)",Atomic Blonde (2017).m4v,/media/daveg/Lib/Movies/Atomic Blonde (2017).m4v
1921149,1,.m4v,H264,364p,23.98,3.41,01:54,Bitmap,TRANSCODE,NO,2020-10-13 07:24,Trash (2014),Trash,2016-11-30,8.5,R,Trash (2014).m4v,/media/daveg/Lib/Movies/Trash (2014).m4v
2401097,1,.m4v,H264,360p,23.98,3.41,01:34,Text,DIRECT,NO,2020-10-13 05:14,Tracers (2015),Tracers,2015-10-19,8.5,PG-13,Tracers (2015).m4v,/media/daveg/Lib/Movies/Tracers (2015).m4v
7401588,1,.m4v,H264,356p,23.98,3.41,01:58,Text,DIRECT,NO,2020-09-22 11:34,Instant Family (2018),Instant Family,2019-07-22,8.0,TV-MA::(LV),Instant Family (2018).m4v,/media/daveg/Lib/Movies/Instant Family (2018).m4v
1974420,1,.m4v,H264,472p,23.98,3.40,02:07,Text,DIRECT,NO,2020-10-07 07:24,Rules Don't Apply (2016),Rules Don't Apply,2017-10-29,8.0,PG-13,Rules Don't Apply (2016).m4v,/media/daveg/Lib/Movies/Rules Don't Apply (2016).m4v
1340138,1,.m4v,H264,360p,23.98,3.40,02:06,Text,DIRECT,NO,2020-10-12 09:50,Terminator Genisys (2015),Terminator Genisys,2016-02-01,8.0,TV-14,Terminator Genisys (2015).m4v,/media/daveg/Lib/Movies/Terminator Genisys (2015).m4v
3316960,1,.m4v,H264,468p,23.98,3.40,01:41,Bitmap,TRANSCODE,NO,2020-10-11 14:42,Still Alice (2014),Still Alice,2015-06-02,9.0,PG-13,Still Alice (2014).m4v,/media/daveg/Lib/Movies/Still Alice (2014).m4v
118799,1,.m4v,H264,350p,23.98,3.40,01:56,Bitmap,TRANSCODE,NO,2020-09-28 06:56,Life Is Beautiful (1997),Life Is Beautiful,,10.0,PG-13,Life is Beautiful (1997).m4v,/media/daveg/Lib/Movies/Life is Beautiful (1997).m4v
790724,1,.m4v,H264,368p,23.98,3.40,02:10,Text,DIRECT,NO,2020-09-23 06:53,Jack Reacher (2012),Jack Reacher,2020-10-18,9.0,PG-13,Jack Reacher (2012).m4v,/media/daveg/Lib/Movies/Jack Reacher (2012).m4v
100150,1,.m4v,H264,462p,23.98,3.40,01:55,Text,DIRECT,NO,2020-10-01 05:05,Miller's Crossing (1990),Miller's Crossing,,8.0,TV-MA::(cable rating),Miller's Crossing (1990).m4v,/media/daveg/Lib/Movies/Miller's Crossing (1990).m4v
3312830,1,.m4v,H264,362p,24,3.40,02:04,Text,DIRECT,NO,2020-10-15 16:17,Youth (2015),Youth,2016-06-30,7.5,R,Youth (2015).m4v,/media/daveg/Lib/Movies/Youth (2015).m4v
5362988,1,.m4v,H264,356p,23.98,3.40,01:47,Bitmap,TRANSCODE,NO,2020-10-15 05:03,Wind River (2017),Wind River,2018-01-06,9.0,R,Wind River (2017).m4v,/media/daveg/Lib/Movies/Wind River (2017).m4v
37008,1,.m4v,H264,480p,23.98,3.39,01:28,Text,DIRECT,NO,2023-04-20 03:27,Laura (1944),Laura,2023-05-08,9.5,Passed::(National Board of Review),Laura (1944).m4v,/media/daveg/Lib/Movies/Laura (1944).m4v
2215151,1,.m4v,H264,480p,23.98,3.39,01:29,Bitmap,TRANSCODE,NO,2020-09-22 07:07,Inequality for All (2013),Inequality for All,,8.0,PG,Inequality for All (2013).m4v,/media/daveg/Lib/Movies/Inequality for All (2013).m4v
1335975,1,.m4v,H264,356p,23.98,3.39,02:08,Bitmap,TRANSCODE,NO,2020-09-17 14:30,47 Ronin (2013),47 Ronin,,7.5,PG-13,47 Ronin (2013).m4v,/media/daveg/Lib/Movies/47 Ronin (2013).m4v
887745,1,.m4v,H264,370p,29.97,3.39,01:27,None,-,NO,2020-09-21 08:27,How About You (2007),How About You,,8.0,Not Rated,How About You (2007).m4v,/media/daveg/Lib/Movies/How About You (2007).m4v
4622512,1,.m4v,H264,360p,23.98,3.39,02:01,Text,DIRECT,NO,2020-09-01 08:12,Battle of the Sexes (2017),Battle of the Sexes,2018-03-15,8.0,PG-13,Battle of the Sexes (2017).m4v,/media/daveg/Lib/Movies/Battle of the Sexes (2017).m4v
319343,1,.m4v,H264,480p,120,3.39,01:37,Text,DIRECT,NO,2020-09-10 09:11,Elf (2003),Elf,2019-12-06,7.0,TV-PG::(L),ELF (2003).m4v,/media/daveg/Lib/Movies/Christmas/ELF (2003).m4v
258463,1,.m4v,H264,362p,120,3.39,01:59,Bitmap,TRANSCODE,NO,2020-09-03 17:50,"Bourne Identity, The (2002)",The Bourne Identity,2024-01-08,8.0,TV-14::(V),The Bourne Identity (2002).m4v,/media/daveg/Lib/Movies/Jason Bourne/The Bourne Identity (2002).m4v
50379,1,.m4v,H264,364p,23.98,3.38,02:32,Text,DIRECT,NO,2022-08-05 03:54,"Farewell to Arms, A (1957)",A Farewell to Arms,,5.8,Approved,A Farewell to Arms (1957).m4v,/media/daveg/Lib/Movies/A Farewell to Arms (1957).m4v
3799694,1,.m4v,H264,360p,23.98,3.38,01:56,Bitmap,TRANSCODE,NO,2020-10-03 11:35,"Nice Guys, The (2016)",The Nice Guys,2016-10-31,7.5,R,The Nice Guys (2016).m4v,/media/daveg/Lib/Movies/The Nice Guys (2016).m4v
3100274,1,.m4v,H264,360p,120,3.38,01:53,Text,DIRECT,NO,2020-09-30 06:24,Manhattan Night (2016),Manhattan Night,2017-03-19,8.5,R,Manhattan Night (2016).m4v,/media/daveg/Lib/Movies/Manhattan Night (2016).m4v
10518758,1,.m4v,H264,360p,23.98,3.38,-,Text,DIRECT,NO,2020-10-15 11:50,X-Men: Dark Phoenix (2019),X-Men: Dark Phoenix,2020-03-19,7.5,NR,X-Men- Dark Phoenix (2019).m4v,/media/daveg/Lib/Movies/X-Men- Dark Phoenix (2019).m4v
1764183,1,.m4v,H264,480p,23.98,3.38,01:47,Text,DIRECT,NO,2020-08-30 17:01,Arbitrage (2012),Arbitrage,,8.0,R,Arbitrage (2012).m4v,/media/daveg/Lib/Movies/Arbitrage (2012).m4v
1037705,1,.m4v,H264,360p,23.98,3.37,01:58,Bitmap,TRANSCODE,NO,2020-09-03 14:16,"Book of Eli, The (2010)",The Book of Eli,2024-01-08,8.0,"TV-14::(LSV, TV Rating.)",The Book of Eli (2010).m4v,/media/daveg/Lib/Movies/The Book of Eli (2010).m4v
1305806,1,.m4v,H264,368p,23.98,3.37,02:09,Bitmap,TRANSCODE,NO,2020-10-07 21:10,"Secret in Their Eyes, The (2009)",The Secret in Their Eyes,,8.0,R,The Secret in Their Eyes (2009).m4v,/media/daveg/Lib/Movies/The Secret in Their Eyes (2009).m4v
330373,1,.m4v,H264,480p,29.97,3.36,02:37,None,-,NO,2020-09-16 18:13,Harry Potter and the Goblet of Fire (2005),Harry Potter and the Goblet of Fire,,10.0,PG-13,Harry Potter and the Goblet of Fire (2005).m4v,/media/daveg/Lib/Movies/Harry Potter/Harry Potter and the Goblet of Fire (2005).m4v
1839654,1,.m4v,H264,460p,23.98,3.36,01:49,Text,DIRECT,NO,2020-09-29 12:51,"Magic of Belle Isle, The (2012)",The Magic of Belle Isle,,8.0,PG,The Magic of Belle Isle (2012).m4v,/media/daveg/Lib/Movies/The Magic of Belle Isle (2012).m4v
477302,1,.m4v,H264,360p,23.98,3.36,02:09,Bitmap,TRANSCODE,NO,2020-09-14 20:07,Extremely Loud & Incredibly Close (2011),Extremely Loud & Incredibly Close,,9.0,PG-13,Extremely Loud & Incredibly Close (2011).m4v,/media/daveg/Lib/Movies/Extremely Loud & Incredibly Close (2011).m4v
1306980,1,.m4v,H264,478p,23.98,3.36,01:40,Bitmap,TRANSCODE,NO,2020-09-15 15:32,50/50 (2011),50/50,2012-02-13,8.0,R,50-50 (2011).m4v,/media/daveg/Lib/Movies/50-50 (2011).m4v
907657,1,.m4v,H264,472p,23.98,3.36,01:26,Text,DIRECT,NO,2020-10-04 13:01,Once (2006),Once,,8.0,R,Once (2006).m4v,/media/daveg/Lib/Movies/Once (2006).m4v
2199571,1,.m4v,H264,360p,23.98,3.36,01:54,Bitmap,TRANSCODE,NO,2020-10-07 07:17,Run All Night (2015),Run All Night,2015-09-25,8.5,R,Run All Night (2015).m4v,/media/daveg/Lib/Movies/Run All Night (2015).m4v
4298958,1,.m4v,H264,356p,23.98,3.35,01:53,Bitmap,TRANSCODE,NO,2020-10-11 20:53,Sweet Bean (2015),Sweet Bean,2016-10-30,8.0,Not Rated,Sweet Bean (2015).m4v,/media/daveg/Lib/Movies/Sweet Bean (2015).m4v
4432912,1,.m4v,H264,478p,23.98,3.35,01:22,Text,DIRECT,NO,2020-10-08 21:30,Song of Lahore (2015),Song of Lahore,2017-01-01,7.5,PG,Song of Lahore (2015).m4v,/media/daveg/Lib/Movies/Song of Lahore (2015).m4v
3011894,1,.m4v,H264,364p,23.98,3.34,02:02,Bitmap,TRANSCODE,NO,2020-10-14 22:39,Wild Tales (2014),Wild Tales,2015-08-24,9.0,R,Wild Tales (2014).m4v,/media/daveg/Lib/Movies/Wild Tales (2014).m4v
443272,1,.m4v,H264,360p,23.98,3.34,02:30,Text,DIRECT,NO,2020-09-28 11:14,Lincoln (2012),Lincoln,,9.0,TV-14::(DLV),Lincoln (2012).m4v,/media/daveg/Lib/Movies/Lincoln (2012).m4v
1568338,1,.m4v,H264,360p,23.98,3.34,01:42,Bitmap,TRANSCODE,NO,2020-09-29 21:42,Man on a Ledge (2012),Man on a Ledge,,8.0,PG-13,Man on a Ledge (2012).m4v,/media/daveg/Lib/Movies/Man on a Ledge (2012).m4v
1212428,1,.m4v,H264,360p,23.98,3.34,02:21,Bitmap,TRANSCODE,NO,2020-09-28 20:18,"Lost City of Z, The (2016)",The Lost City of Z,2021-09-07,8.5,PG-13::(edited for rerate after appeal),The Lost City of Z (2016).m4v,/media/daveg/Lib/Movies/The Lost City of Z (2016).m4v
4698684,1,.m4v,H264,368p,23.98,3.34,01:41,Bitmap,TRANSCODE,NO,2020-09-21 11:30,Hunt for the Wilderpeople (2016),Hunt for the Wilderpeople,2016-12-11,8.5,PG-13,Hunt for the Wilderpeople (2016).m4v,/media/daveg/Lib/Movies/Hunt for the Wilderpeople (2016).m4v
4899370,1,.m4v,H264,360p,23.98,3.34,01:56,Bitmap,TRANSCODE,NO,2020-09-30 16:13,Megan Leavey (2017),Megan Leavey,2018-01-17,8.0,PG-13,Megan Leavey (2017).m4v,/media/daveg/Lib/Movies/Megan Leavey (2017).m4v
11198810,0,.m4v,H264,462p,23.98,3.34,02:09,Bitmap,TRANSCODE,NO,2023-04-01 12:08,She Said (2022),She Said,2024-01-24,7.3,R,She Said (2022).m4v,/media/daveg/Lib/Movies/She Said (2022).m4v
1315981,1,.m4v,H264,356p,23.98,3.34,01:39,Bitmap,TRANSCODE,NO,2021-01-26 17:38,"Single Man, A (2009)",A Single Man,2021-01-30,8.0,R,A Single Man (2009).m4v,/media/daveg/Lib/Movies/A Single Man (2009).m4v
104348,1,.m4v,H264,362p,120,3.34,01:40,Text,DIRECT,NO,2020-09-18 18:34,Glengarry Glen Ross (1992),Glengarry Glen Ross,,8.0,R,Glengarry Glen Ross (1992).m4v,/media/daveg/Lib/Movies/Glengarry Glen Ross (1992).m4v
3077214,1,.m4v,H264,356p,23.98,3.33,01:46,Bitmap,TRANSCODE,NO,2020-10-11 18:28,Suffragette (2015),Suffragette,2016-06-16,8.0,PG-13,Suffragette (2015).m4v,/media/daveg/Lib/Movies/Suffragette (2015).m4v
4566758,1,.m4v,H264,360p,23.98,3.33,01:55,Text,DIRECT,NO,2021-02-10 19:35,Mulan (2020),Mulan,2021-02-16,8.0,TV-PG::(TV rating),Mulan (2020).m4v,/media/daveg/Lib/Movies/Mulan (2020).m4v
5580266,1,.m4v,H264,360p,23.98,3.33,02:13,Text,DIRECT,NO,2020-09-19 17:44,"Hate U Give, The (2018)",The Hate U Give,2019-08-30,8.0,TV-MA::(FX rating),The Hate U Give (2018).m4v,/media/daveg/Lib/Movies/The Hate U Give (2018).m4v
5942864,1,.m4v,H264,460p,23.98,3.33,01:34,Bitmap,TRANSCODE,NO,2020-12-11 16:11,Styx (2018),Styx,2020-12-16,8.0,Not Rated,Styx (2018).m4v,/media/daveg/Lib/Movies/Styx (2018).m4v
55614,1,.m4v,H264,480p,29.97,3.33,02:33,None,-,NO,2020-10-14 12:19,West Side Story (1961),West Side Story,,9.0,TV-PG::(DLV),West Side Story (1961).m4v,/media/daveg/Lib/Movies/West Side Story (1961).m4v
2015381,1,.m4v,H264,360p,23.98,3.32,02:01,Text,DIRECT,NO,2020-09-19 13:47,Guardians of the Galaxy (2014),Guardians of the Galaxy,2019-06-25,8.0,TV-14::(LV),Guardians of the Galaxy (2014) Vol 1.m4v,/media/daveg/Lib/Movies/Guardians of the Galaxy (2014) Vol 1.m4v
3104988,1,.m4v,H264,360p,23.98,3.32,02:00,Bitmap,TRANSCODE,NO,2020-09-11 07:56,Crazy Rich Asians (2018),Crazy Rich Asians,2019-01-29,8.5,TV-14::(DLSV),Crazy Rich Asians (2018).m4v,/media/daveg/Lib/Movies/Crazy Rich Asians (2018).m4v
95159,1,.m4v,H264,344p,47.95,3.32,01:48,Text,DIRECT,NO,2020-09-16 17:56,"Fish Called Wanda, A (1988)",A Fish Called Wanda,,10.0,R,A Fish Called Wanda (1988).m4v,/media/daveg/Lib/Movies/A Fish Called Wanda (1988).m4v
1745960,1,.m4v,H264,356p,23.98,3.32,02:10,Text,DIRECT,NO,2022-11-12 12:30,Top Gun: Maverick (2022),Top Gun: Maverick,,9.5,PG-13,Top Gun- Maverick (2022).m4v,/media/daveg/Lib/Movies/Top Gun- Maverick (2022).m4v
2276480,1,.m4v,H264,480p,23.98,3.31,01:32,Text,DIRECT,NO,2020-09-28 11:55,"Little Game, A (2014)",A Little Game,2015-06-29,7.5,PG,A Little Game (2014).m4v,/media/daveg/Lib/Movies/A Little Game (2014).m4v
948470,1,.m4v,H264,360p,23.98,3.31,02:16,Bitmap,TRANSCODE,NO,2020-10-09 05:28,"Amazing Spider-Man, The (2012)",The Amazing Spider-Man,2020-08-05,7.5,TV-PG,The Amazing Spider-Man (2012).m4v,/media/daveg/Lib/Movies/The Amazing Spider-Man (2012).m4v
1270797,1,.m4v,H264,360p,23.98,3.31,01:52,Bitmap,TRANSCODE,NO,2020-10-14 04:18,Venom (2018),Venom,2019-03-29,7.5,TV-MA::(LV),Venom (2018).m4v,/media/daveg/Lib/Movies/Venom (2018).m4v
5918982,1,.m4v,H264,480p,29.97,3.31,01:43,Bitmap,TRANSCODE,NO,2021-03-30 19:56,Possessor (2020),Possessor,,6.5,R,Possessor (2020).m4v,/media/daveg/Lib/Movies/Possessor (2020).m4v
1655441,1,.m4v,H264,356p,23.98,3.31,01:52,Text,DIRECT,NO,2020-08-29 06:43,"Age of Adaline, The (2015)",The Age of Adaline,2019-12-13,8.5,PG-13,The Age of Adaline (2015).m4v,/media/daveg/Lib/Movies/The Age of Adaline (2015).m4v
787524,1,.m4v,H264,360p,23.98,3.30,01:48,Text,DIRECT,NO,2020-09-29 21:48,"Man Who Knew Infinity, The (2015)",The Man Who Knew Infinity,2016-12-05,7.5,PG-13,The Man Who Knew Infinity (2015).m4v,/media/daveg/Lib/Movies/The Man Who Knew Infinity (2015).m4v
1979376,1,.m4v,H264,360p,23.98,3.30,01:40,None,-,NO,2020-08-27 20:05,Toy Story 4 (2019),Toy Story 4,2020-01-30,8.0,TV-PG::(ABC),Toy Story 4 (2019).m4v,/media/daveg/Lib/Movies/Toy Story 4 (2019).m4v
2837574,1,.m4v,H264,360p,23.98,3.30,01:33,Text,DIRECT,NO,2020-10-04 11:44,"Old Man & the Gun, The (2018)",The Old Man & the Gun,2019-02-24,8.0,PG-13,The Old Man & the Gun (2018).m4v,/media/daveg/Lib/Movies/The Old Man & the Gun (2018).m4v
2568862,1,.m4v,H264,360p,23.98,3.29,01:36,Bitmap,TRANSCODE,NO,2020-09-18 20:20,Going in Style (2017),Going in Style,2017-10-04,8.0,PG-13,Going in Style (2017).m4v,/media/daveg/Lib/Movies/Going in Style (2017).m4v
9243946,1,.m4v,H264,358p,23.98,3.29,02:02,Bitmap,TRANSCODE,NO,2021-02-11 14:55,"Camino: A Breaking Bad Movie, El (2019)",El Camino: A Breaking Bad Movie,2021-02-27,9.0,TV-MA::(LV),El Camino- A Breaking Bad Movie (2019).m4v,/media/daveg/Lib/Movies/El Camino- A Breaking Bad Movie (2019).m4v
2980516,1,.m4v,H264,356p,23.98,3.29,02:03,Bitmap,TRANSCODE,NO,2020-10-12 10:57,"Theory of Everything, The (2014)",The Theory of Everything,2015-03-24,8.5,PG-13,The Theory of Everything (2014).m4v,/media/daveg/Lib/Movies/The Theory of Everything (2014).m4v
272152,1,.m4v,H264,362p,23.98,3.29,02:00,Bitmap,TRANSCODE,NO,2020-09-24 21:44,K-PAX (2001),K-PAX,,8.0,"TV-14::(LV, TV Rating.)",K-PAX (2001).m4v,/media/daveg/Lib/Movies/K-PAX (2001).m4v
2113075,1,.m4v,H264,360p,23.98,3.28,01:48,Text,DIRECT,NO,2020-09-22 07:04,"Inevitable Defeat of Mister & Pete, The (2013)",The Inevitable Defeat of Mister & Pete,2015-01-31,7.5,R,The Inevitable Defeat of Mister & Pete (2013).m4v,/media/daveg/Lib/Movies/The Inevitable Defeat of Mister & Pete (2013).m4v
1276419,1,.m4v,H264,372p,23.98,3.28,02:17,Bitmap,TRANSCODE,NO,2020-10-07 05:43,"Royal Affair, A (2012)",A Royal Affair,,8.0,R,A Royal Affair (2012).m4v,/media/daveg/Lib/Movies/A Royal Affair (2012).m4v
1231583,1,.m4v,H264,360p,23.98,3.28,01:35,Bitmap,TRANSCODE,NO,2020-09-13 06:07,Due Date (2010),Due Date,,8.0,TV-14::(DL),Due Date (2010).m4v,/media/daveg/Lib/Movies/Due Date (2010).m4v
2872718,1,.m4v,H264,356p,23.98,3.28,01:57,Bitmap,TRANSCODE,NO,2020-10-03 12:42,Nightcrawler (2014),Nightcrawler,2015-03-27,8.0,R,Nightcrawler (2014).m4v,/media/daveg/Lib/Movies/Nightcrawler (2014).m4v
4104022,1,.m4v,H264,462p,23.98,3.28,01:25,Bitmap,TRANSCODE,NO,2020-10-05 07:44,People Places Things (2015),People Places Things,2015-11-11,8.0,R,People Places Things (2015).m4v,/media/daveg/Lib/Movies/People Places Things (2015).m4v
3766394,1,.m4v,H264,472p,23.98,3.28,01:30,Bitmap,TRANSCODE,NO,2020-09-19 22:17,"Hello, My Name Is Doris (2015)","Hello, My Name Is Doris",2016-07-31,7.5,R,"Hello, My Name Is Doris (2015).m4v","/media/daveg/Lib/Movies/Hello, My Name Is Doris (2015).m4v"
1907668,1,.m4v,H264,360p,23.98,3.26,02:18,Text,DIRECT,NO,2020-09-17 05:31,Flight (2012),Flight,,8.0,TV-MA::(LS),Flight (2012).m4v,/media/daveg/Lib/Movies/Flight (2012).m4v
2024469,1,.m4v,H264,356p,23.98,3.26,01:46,Bitmap,TRANSCODE,NO,2020-10-03 18:41,Non-Stop (2014),Non-Stop,,8.0,PG-13,Non-Stop (2014).m4v,/media/daveg/Lib/Movies/Non-Stop (2014).m4v
3766354,1,.m4v,H264,360p,23.98,3.26,02:01,Bitmap,TRANSCODE,NO,2020-09-14 12:01,"Equalizer 2, The (2018)",The Equalizer 2,2018-12-17,7.5,R,The Equalizer 2 (2018).m4v,/media/daveg/Lib/Movies/The Equalizer 2 (2018).m4v
2172934,0,.m4v,H264,364p,23.98,3.26,01:57,Text,DIRECT,NO,2020-10-12 16:50,3 Days to Kill (2014),3 Days to Kill,2024-01-23,7.5,PG-13,3 Days to Kill (2014).m4v,/media/daveg/Lib/Movies/3 Days to Kill (2014).m4v
12889404,0,.m4v,H264,356p,23.98,3.26,02:03,Bitmap,TRANSCODE,NO,2022-08-01 10:30,Cyrano (2021),Cyrano,2024-01-24,6.4,PG-13,Cyrano (2021).m4v,/media/daveg/Lib/Movies/Cyrano (2021).m4v
1981115,1,.m4v,H264,360p,23.98,3.25,01:52,Text,DIRECT,NO,2020-10-12 15:17,Thor: The Dark World (2013),Thor: The Dark World,,6.9,TV-14::(LV),Thor- The Dark World (2013).m4v,/media/daveg/Lib/Movies/Thor- The Dark World (2013).m4v
4881806,1,.m4v,H264,356p,23.98,3.25,02:08,Bitmap,TRANSCODE,NO,2020-09-24 12:39,Jurassic World: Fallen Kingdom (2018),Jurassic World: Fallen Kingdom,2019-07-18,6.2,PG-13,Jurassic World- Fallen Kingdom (2018).m4v,/media/daveg/Lib/Movies/Jurassic World- Fallen Kingdom (2018).m4v
2234003,1,.m4v,H264,368p,23.98,3.25,01:42,Text,DIRECT,NO,2020-09-06 18:01,Calvary (2014),Calvary,2015-02-14,8.0,R,Calvary (2014).m4v,/media/daveg/Lib/Movies/Calvary (2014).m4v
2935476,1,.m4v,H264,360p,23.98,3.25,01:59,Text,DIRECT,NO,2020-09-15 09:48,Far from the Madding Crowd (2015),Far from the Madding Crowd,2015-11-28,8.0,PG-13,Far from the Madding Crowd (2015).m4v,/media/daveg/Lib/Movies/Far from the Madding Crowd (2015).m4v
5952594,1,.m4v,H264,480p,23.98,3.25,01:36,Bitmap,TRANSCODE,NO,2021-06-09 14:43,"Mustang, The (2019)",The Mustang,2021-06-15,8.0,R,The Mustang (2019).m4v,/media/daveg/Lib/Movies/The Mustang (2019).m4v
8266310,1,.m4v,H264,360p,23.98,3.25,01:58,Bitmap,TRANSCODE,NO,2020-09-03 03:53,Blinded by the Light (2019),Blinded by the Light,2020-06-08,7.5,PG-13,Blinded by the Light (2019).m4v,/media/daveg/Lib/Movies/Blinded by the Light (2019).m4v
2205697,1,.m4v,H264,480p,29.97,3.24,01:37,Bitmap,TRANSCODE,NO,2020-10-11 18:03,Stuck in Love. (2012),Stuck in Love.,,8.0,R,Stuck in Love. (2012).m4v,/media/daveg/Lib/Movies/Stuck in Love. (2012).m4v
56327,1,.m4v,H264,368p,120,3.24,01:36,Bitmap,TRANSCODE,NO,2021-10-21 21:42,Pale Flower (1964),Pale Flower,,7.7,Not Rated,Pale Flower (1964).m4v,/media/daveg/Lib/Movies/Pale Flower (1964).m4v
26029,1,.m4v,H264,480p,120,3.24,01:26,Bitmap,TRANSCODE,NO,2020-10-12 13:24,"39 Steps, The (1935)",The 39 Steps,,8.0,Approved,The 39 Steps (1935).m4v,/media/daveg/Lib/Movies/The 39 Steps (1935).m4v
53354,1,.m4v,H264,480p,120,3.24,01:33,Bitmap,TRANSCODE,NO,2020-10-12 13:24,"39 Steps, The (1959)",The 39 Steps,2016-04-14,6.6,Approved,The 39 Steps (1935).m4v,/media/daveg/Lib/Movies/The 39 Steps (1935).m4v
4595882,1,.m4v,H264,360p,23.98,3.24,01:46,Text,DIRECT,NO,2020-09-06 17:10,Can You Ever Forgive Me? (2018),Can You Ever Forgive Me?,2022-04-17,9.5,TV-MA::(DL),Can You Ever Forgive Me (2018).m4v,/media/daveg/Lib/Movies/Can You Ever Forgive Me (2018).m4v
816711,1,.m4v,H264,360p,23.98,3.24,01:56,Text,DIRECT,NO,2020-10-15 10:55,World War Z (2013),World War Z,,8.0,PG-13,World War Z (2013).m4v,/media/daveg/Lib/Movies/World War Z (2013).m4v
3553976,1,.m4v,H264,360p,23.98,3.24,01:58,Bitmap,TRANSCODE,NO,2020-09-07 09:06,Captain Fantastic (2016),Captain Fantastic,2017-11-09,8.0,R,Captain Fantastic (2016).m4v,/media/daveg/Lib/Movies/Captain Fantastic (2016).m4v
4513678,1,.m4v,H264,356p,23.98,3.24,02:04,Bitmap,TRANSCODE,NO,2022-02-03 11:23,Ghostbusters: Afterlife (2021),Ghostbusters: Afterlife,2022-04-01,8.0,PG-13,Ghostbusters- Afterlife (2021).m4v,/media/daveg/Lib/Movies/Ghostbusters- Afterlife (2021).m4v
8332922,4,.m4v,H264,356p,23.98,3.24,01:37,Text,DIRECT,NO,2021-11-12 17:48,"Quiet Place Part II, A (2020)",A Quiet Place Part II,2024-03-01,9.0,PG-13,A Quiet Place Part II (2020).m4v,/media/daveg/Lib/Movies/A Quiet Place Part II (2020).m4v
6878306,1,.m4v,H264,356p,23.98,3.23,01:58,Bitmap,TRANSCODE,NO,2021-05-10 12:22,News of the World (2020),News of the World,2021-05-30,9.5,PG-13,News of the World (2020).m4v,/media/daveg/Lib/Movies/News of the World (2020).m4v
90756,1,.m4v,H264,366p,120,3.23,02:00,Text,DIRECT,NO,2020-09-03 11:01,Blue Velvet (1986),Blue Velvet,,8.0,TV-14::(LVS),Blue Velvet (1986).m4v,/media/daveg/Lib/Movies/Blue Velvet (1986).m4v
2066051,1,.m4v,H264,356p,23.98,3.23,02:01,Text,DIRECT,NO,2020-10-06 22:33,Rocketman (2019),Rocketman,2019-10-18,8.5,R,Rocketman (2019).m4v,/media/daveg/Lib/Movies/Rocketman (2019).m4v
804497,1,.m4v,H264,460p,23.98,3.23,01:41,Bitmap,TRANSCODE,NO,2020-09-22 22:09,It's Kind of a Funny Story (2010),It's Kind of a Funny Story,,8.0,PG-13,It's Kind of a Funny Story (2010).m4v,/media/daveg/Lib/Movies/It's Kind of a Funny Story (2010).m4v
1276104,1,.m4v,H264,368p,23.98,3.23,01:59,Bitmap,TRANSCODE,NO,2020-09-28 19:06,Looper (2012),Looper,,8.0,R,Looper (2012).m4v,/media/daveg/Lib/Movies/Looper (2012).m4v
416212,1,.m4v,H264,362p,23.98,3.22,01:54,Text,DIRECT,NO,2020-10-07 21:33,"Secret Life of Bees, The (2008)",The Secret Life of Bees,,8.0,PG-13,The Secret Life of Bees (2008).m4v,/media/daveg/Lib/Movies/The Secret Life of Bees (2008).m4v
2431286,1,.m4v,H264,480p,23.98,3.22,01:38,Bitmap,TRANSCODE,NO,2020-10-02 13:22,Philomena (2013),Philomena,,8.0,PG-13,Philomena (2013).m4v,/media/daveg/Lib/Movies/Philomena (2013).m4v
1078588,1,.m4v,H264,480p,23.98,3.22,01:49,Bitmap,TRANSCODE,NO,2020-10-02 20:44,My Sister's Keeper (2009),My Sister's Keeper,,8.0,PG-13,My Sister's Keeper (2009).m4v,/media/daveg/Lib/Movies/My Sister's Keeper (2009).m4v
2192016,1,.m4v,H264,364p,23.98,3.22,02:04,Bitmap,TRANSCODE,NO,2020-09-11 16:57,"Dark Horse, The (2014)",The Dark Horse,2016-12-23,8.0,R,The Dark Horse (2014).m4v,/media/daveg/Lib/Movies/The Dark Horse (2014).m4v
1205537,1,.m4v,H264,360p,23.98,3.21,01:45,Text,DIRECT,NO,2020-09-23 08:30,Jack Ryan: Shadow Recruit (2014),Jack Ryan: Shadow Recruit,,8.0,PG-13,Jack Ryan- Shadow Recruit (2014).m4v,/media/daveg/Lib/Movies/Jack Ryan- Shadow Recruit (2014).m4v
6217608,1,.m4v,H264,360p,23.98,3.20,01:44,Bitmap,TRANSCODE,NO,2020-10-06 15:34,"Rider, The (2017)",The Rider,2018-11-22,7.5,R,The Rider (2017).m4v,/media/daveg/Lib/Movies/The Rider (2017).m4v
1646980,1,.m4v,H264,366p,23.98,3.20,01:38,Bitmap,TRANSCODE,NO,2020-09-12 21:48,"Double, The (2011)",The Double,2016-05-21,8.0,PG-13,The Double (2011).m4v,/media/daveg/Lib/Movies/The Double (2011).m4v
1661820,1,.m4v,H264,356p,23.98,3.20,01:33,Text,DIRECT,NO,2020-09-11 12:01,Cut Bank (2014),Cut Bank,2016-01-06,9.0,R,Cut Bank (2014).m4v,/media/daveg/Lib/Movies/Cut Bank (2014).m4v
14109724,1,.m4v,H264,356p,23.98,3.20,01:44,Bitmap,TRANSCODE,NO,2023-03-21 06:43,Ticket to Paradise (2022),Ticket to Paradise,,6.2,PG-13,Ticket to Paradise (2022).m4v,/media/daveg/Lib/Movies/Ticket to Paradise (2022).m4v
108394,1,.m4v,H264,460p,120,3.20,01:34,Bitmap,TRANSCODE,NO,2020-09-03 11:13,Three Colors: Blue (1993),Three Colors: Blue,,7.0,R,Three Colors- Blue (1993).m4v,/media/daveg/Lib/Movies/Three Colors- Blue (1993).m4v
2364841,1,.m4v,H264,360p,23.98,3.19,01:28,Text,DIRECT,NO,2020-10-07 08:26,Runner Runner (2013),Runner Runner,,8.0,R,Runner Runner (2013).m4v,/media/daveg/Lib/Movies/Runner Runner (2013).m4v
208092,1,.m4v,H264,480p,120,3.19,01:44,Text,DIRECT,NO,2020-10-08 17:38,Snatch (2000),Snatch,,10.0,R,Snatch (2000).m4v,/media/daveg/Lib/Movies/Snatch (2000).m4v
1219289,1,.m4v,H264,360p,23.98,3.19,01:45,Text,DIRECT,NO,2020-09-28 09:57,Limitless (2011),Limitless,2024-12-28,8.5,PG-13,Limitless (2011).m4v,/media/daveg/Lib/Movies/Limitless (2011).m4v
1951264,1,.m4v,H264,404p,29.97,3.19,02:26,None,-,NO,2020-09-21 12:36,"Hunger Games: Catching Fire, The (2013)",The Hunger Games: Catching Fire,2023-11-14,8.0,TV-14::(TV rating),The Hunger Games- Catching Fire (2013).m4v,/media/daveg/Lib/Movies/The Hunger Games- Catching Fire (2013).m4v
279064,1,.m4v,H264,364p,29.97,3.19,01:29,None,-,NO,2020-09-14 06:22,Elling (2001),Elling,,9.5,R,Elling (2001).m4v,/media/daveg/Lib/Movies/Elling (2001).m4v
9051908,1,.m4v,H264,480p,23.98,3.18,01:42,Bitmap,TRANSCODE,NO,2023-04-25 13:39,Living (2022),Living,2024-01-23,7.2,PG-13,Living (2022).m4v,/media/daveg/Lib/Movies/Living (2022).m4v
146309,1,.m4v,H264,404p,29.97,3.18,02:25,None,-,NO,2020-10-12 13:42,Thirteen Days (2000),Thirteen Days,,8.0,PG-13,Thirteen Days (2000).m4v,/media/daveg/Lib/Movies/Thirteen Days (2000).m4v
1877830,1,.m4v,H264,354p,23.98,3.18,02:56,Bitmap,TRANSCODE,YES,2022-06-16 11:33,"Batman, The (2022)",The Batman,,8.0,PG-13,The Batman (2022).m4v,/media/daveg/Lib/Movies/The Batman (2022).m4v
3297330,1,.m4v,H264,362p,23.98,3.18,01:42,Text,DIRECT,NO,2020-09-18 21:59,Good Kill (2014),Good Kill,2015-10-09,7.5,R,Good Kill (2014).m4v,/media/daveg/Lib/Movies/Good Kill (2014).m4v
970468,1,.m4v,H264,362p,29.97,3.18,01:32,Bitmap,TRANSCODE,NO,2020-10-01 09:15,Miss Pettigrew Lives for a Day (2008),Miss Pettigrew Lives for a Day,,8.0,PG-13,Miss Pettigrew Lives for a Day (2008).m4v,/media/daveg/Lib/Movies/Miss Pettigrew Lives for a Day (2008).m4v
332280,1,.m4v,H264,362p,120,3.18,02:03,Text,DIRECT,NO,2020-10-03 20:00,"Notebook, The (2004)",The Notebook,,10.0,PG-13,The Notebook (2004).m4v,/media/daveg/Lib/Movies/The Notebook (2004).m4v
892769,1,.m4v,H264,368p,23.98,3.17,01:38,Text,DIRECT,NO,2020-09-21 08:29,How to Train Your Dragon (2010),How to Train Your Dragon,2019-07-17,8.0,TV-Y7-FV::(Fox Movie Channel),How to Train Your Dragon (2010).m4v,/media/daveg/Lib/Movies/How to Train Your Dragon (2010).m4v
3688342,1,.m4v,H264,360p,23.98,3.17,01:37,Text,DIRECT,NO,2020-10-15 17:13,Zoo (2017),Zoo,2018-12-22,7.5,PG,Zoo (2017).m4v,/media/daveg/Lib/Movies/Zoo (2017).m4v
1187041,1,.m4v,H264,480p,29.97,3.17,01:37,Text,DIRECT,NO,2020-08-30 08:50,"Answer Man, The (2009)",The Answer Man,,8.0,R,The Answer Man (2009).m4v,/media/daveg/Lib/Movies/The Answer Man (2009).m4v
3841424,1,.m4v,H264,364p,23.98,3.16,01:40,Bitmap,TRANSCODE,NO,2020-09-27 12:38,Land of Mine (2015),Land of Mine,2018-10-13,7.5,R,Land of Mine (2015).m4v,/media/daveg/Lib/Movies/Land of Mine (2015).m4v
4555426,1,.m4v,H264,460p,23.98,3.16,02:05,Bitmap,TRANSCODE,NO,2020-09-11 20:57,Darkest Hour (2017),Darkest Hour,2018-04-10,7.5,PG-13,Darkest Hour (2017).m4v,/media/daveg/Lib/Movies/Darkest Hour (2017).m4v
1790864,1,.m4v,H264,356p,23.98,3.16,01:53,Text,DIRECT,NO,2020-09-30 13:40,"Maze Runner, The (2014)",The Maze Runner,2015-05-05,8.5,PG-13,The Maze Runner (2014).m4v,/media/daveg/Lib/Movies/The Maze Runner (2014).m4v
2536846,1,.m4v,H264,480p,23.98,3.16,01:25,Bitmap,TRANSCODE,NO,2020-09-06 17:05,Call Me Crazy: A Five Film (2013),Call Me Crazy: A Five Film,2015-02-07,7.5,Not Rated,Call Me Crazy- A Five Film (2013).m4v,/media/daveg/Lib/Movies/Call Me Crazy- A Five Film (2013).m4v
841925,1,.m4v,H264,360p,29.97,3.16,02:25,Bitmap,TRANSCODE,NO,2020-10-08 13:50,Silent Light (2007),Silent Light,,8.0,Not Rated,Silent Light (2007).m4v,/media/daveg/Lib/Movies/Silent Light (2007).m4v
1211837,1,.m4v,H264,360p,23.98,3.16,01:55,Text,DIRECT,NO,2020-09-12 18:26,Doctor Strange (2016),Doctor Strange,2017-09-03,8.0,TV-14::(LV),Doctor Strange (2016).m4v,/media/daveg/Lib/Movies/Doctor Strange (2016).m4v
910970,1,.m4v,H264,360p,120,3.15,01:38,Text,DIRECT,NO,2020-10-14 09:21,WALL·E (2008),WALL·E,,10.0,TV-G,WALL-E (2008).m4v,/media/daveg/Lib/Movies/WALL-E (2008).m4v
12731980,1,.mp4,H264,328p,23.98,3.14,01:39,Bitmap,TRANSCODE,NO,2022-09-02 23:59,Old Henry (2021),Old Henry,2022-11-07,7.5,Not Rated,Old Henry (2021).mp4,/media/daveg/Lib/Movies/Old Henry (2021).mp4
1045658,1,.m4v,H264,354p,23.98,3.14,02:02,Bitmap,TRANSCODE,NO,2020-10-08 14:07,Silver Linings Playbook (2012),Silver Linings Playbook,2023-10-30,9.0,"TV-14::(DLSV, TV Rating.)",Silver Linings Playbook (2012).m4v,/media/daveg/Lib/Movies/Silver Linings Playbook (2012).m4v
5797184,1,.m4v,H264,362p,23.98,3.13,01:46,Bitmap,TRANSCODE,NO,2020-10-29 14:14,Escape from Pretoria (2020),Escape from Pretoria,2020-11-11,7.5,PG-13,Escape from Pretoria (2020).m4v,/media/daveg/Lib/Movies/Escape from Pretoria (2020).m4v
10648342,1,.m4v,H264,356p,23.98,3.13,01:58,Text,DIRECT,NO,2023-01-18 16:08,Thor: Love and Thunder (2022),Thor: Love and Thunder,2023-02-13,7.5,PG-13,Thor- Love and Thunder (2022).m4v,/media/daveg/Lib/Movies/Thor- Love and Thunder (2022).m4v
2649554,1,.m4v,H264,360p,23.98,3.13,01:52,Bitmap,TRANSCODE,NO,2020-09-30 22:35,Midnight Special (2016),Midnight Special,2016-12-03,7.5,PG-13,Midnight Special (2016).m4v,/media/daveg/Lib/Movies/Midnight Special (2016).m4v
5912454,1,.m4v,H264,462p,23.98,3.12,01:20,Text,DIRECT,NO,2020-09-03 10:09,Blue Jay (2016),Blue Jay,2017-02-21,7.5,Unrated,Blue Jay (2016).m4v,/media/daveg/Lib/Movies/Blue Jay (2016).m4v
8688634,1,.m4v,H264,356p,23.98,3.12,01:39,Bitmap,TRANSCODE,NO,2020-10-29 13:57,21 Bridges (2019),21 Bridges,2020-11-11,7.5,R,21 Bridges (2019).m4v,/media/daveg/Lib/Movies/21 Bridges (2019).m4v
1615147,1,.m4v,H264,480p,23.98,3.11,01:47,Text,DIRECT,NO,2020-09-30 06:57,Margin Call (2011),Margin Call,,8.0,R,Margin Call (2011).m4v,/media/daveg/Lib/Movies/Margin Call (2011).m4v
3322364,1,.m4v,H264,362p,23.98,3.11,02:03,Bitmap,TRANSCODE,NO,2020-09-10 18:18,Concussion (2015),Concussion,2019-11-15,9.0,PG-13,Concussion (2015).m4v,/media/daveg/Lib/Movies/Concussion (2015).m4v
2106476,1,.m4v,H264,364p,23.98,3.11,01:55,Bitmap,TRANSCODE,NO,2020-09-21 11:24,"Hunt, The (2012)",The Hunt,2016-04-23,8.5,R,The Hunt (2012).m4v,/media/daveg/Lib/Movies/The Hunt (2012).m4v
376899,1,.m4v,H264,478p,120,3.11,02:45,None,-,YES,2020-10-09 12:28,Stalingrad (2003),Stalingrad,2020-04-12,8.0,NR,Stalingrad (2003).m4v,/media/daveg/Lib/Movies/Stalingrad (2003).m4v
2382396,1,.m4v,H264,368p,23.98,3.11,01:57,Text,DIRECT,NO,2020-09-23 21:10,Joe (2013),Joe,2015-06-02,7.5,R,Joe (2013).m4v,/media/daveg/Lib/Movies/Joe (2013).m4v
121765,1,.m4v,H264,404p,29.97,3.11,02:22,None,-,NO,2020-10-04 06:34,Star Wars: Episode II - Attack of the Clones (2002),Star Wars: Episode II - Attack of the Clones,,10.0,"TV-PG::(DLV, TV rating)",Star Wars- Episode II - Attack of the Clones (2002).m4v,/media/daveg/Lib/Movies/Star Wars- Episode II - Attack of the Clones (2002).m4v
2073086,1,.m4v,H264,472p,23.98,3.11,01:42,Text,DIRECT,NO,2020-10-11 15:30,Still Mine (2012),Still Mine,,8.0,PG-13,Still Mine (2012).m4v,/media/daveg/Lib/Movies/Still Mine (2012).m4v
1049413,1,.m4v,H264,480p,120,3.11,01:36,Text,DIRECT,NO,2020-10-13 21:35,Up (2009),Up,,8.0,TV-G::(TV rating),Up (2009).m4v,/media/daveg/Lib/Movies/Up (2009).m4v
57831,1,.m4v,H264,404p,29.97,3.11,02:22,None,-,NO,2020-10-15 16:45,Zorba the Greek (1964),Zorba the Greek,,10.0,Not Rated,Zorba the Greek (1964).m4v,/media/daveg/Lib/Movies/Zorba the Greek (1964).m4v
1355644,1,.m4v,H264,360p,23.98,3.10,01:56,Bitmap,TRANSCODE,NO,2020-10-05 05:16,Passengers (2016),Passengers,2023-11-14,8.0,PG-13,Passengers (2016).m4v,/media/daveg/Lib/Movies/Passengers (2016).m4v
3060492,1,.m4v,H264,356p,23.98,3.10,01:33,Bitmap,TRANSCODE,NO,2020-09-01 12:37,Before I Disappear (2014),Before I Disappear,2015-10-04,9.0,Unrated,Before I Disappear (2014).m4v,/media/daveg/Lib/Movies/Before I Disappear (2014).m4v
5655222,1,.m4v,H264,364p,23.98,3.10,01:36,Bitmap,TRANSCODE,NO,2020-09-20 16:44,"Hero, The (2017)",The Hero,2018-03-15,7.5,R,The Hero (2017).m4v,/media/daveg/Lib/Movies/The Hero (2017).m4v
1734493,1,.m4v,H264,360p,23.98,3.09,01:38,Text,DIRECT,NO,2020-10-13 21:21,Unlocked (2017),Unlocked,2018-06-10,8.0,R,Unlocked (2017).m4v,/media/daveg/Lib/Movies/Unlocked (2017).m4v
2527338,1,.m4v,H264,404p,29.97,3.09,02:21,None,-,NO,2020-10-04 08:30,Star Wars: Episode IX - The Rise of Skywalker (2019),Star Wars: Episode IX - The Rise of Skywalker,2020-07-06,9.0,PG-13,Star Wars- Episode IX - The Rise of Skywalker (2019).m4v,/media/daveg/Lib/Movies/Star Wars- Episode IX - The Rise of Skywalker (2019).m4v
120661,1,.m4v,H264,480p,24.08,3.09,00:44,Text,DIRECT,NO,2020-10-01 16:51,Everest (1998),Everest,,7.0,Unrated,Everest (1998).m4v,/media/daveg/Lib/Movies/Everest (1998).m4v
2177771,1,.m4v,H264,360p,23.98,3.09,01:58,Bitmap,TRANSCODE,NO,2020-10-02 06:49,"Monuments Men, The (2014)",The Monuments Men,,8.0,PG-13,The Monuments Men (2014).m4v,/media/daveg/Lib/Movies/The Monuments Men (2014).m4v
1587310,1,.m4v,H264,360p,23.98,3.09,01:37,Text,DIRECT,NO,2020-09-29 13:48,Maleficent (2014),Maleficent,,8.0,PG,Maleficent (2014).m4v,/media/daveg/Lib/Movies/Maleficent (2014).m4v
10011448,1,.m4v,H264,480p,23.98,3.09,01:35,Text,DIRECT,NO,2020-11-17 16:34,Linda Ronstadt: The Sound of My Voice (2019),Linda Ronstadt: The Sound of My Voice,2020-11-23,8.0,PG-13,Linda Ronstadt- The Sound of My Voice (2019).m4v,/media/daveg/Lib/Movies/Linda Ronstadt- The Sound of My Voice (2019).m4v
4270516,1,.m4v,H264,468p,23.98,3.08,01:19,Bitmap,TRANSCODE,NO,2020-09-19 08:01,Grandma (2015),Grandma,2016-05-26,8.0,TV-14::(DL),Grandma (2015).m4v,/media/daveg/Lib/Movies/Grandma (2015).m4v
3513548,1,.m4v,H264,360p,23.98,3.08,02:11,Bitmap,TRANSCODE,NO,2020-10-06 15:44,Richard Jewell (2019),Richard Jewell,2020-07-31,8.0,TV-14::(LV),Richard Jewell (2019).m4v,/media/daveg/Lib/Movies/Richard Jewell (2019).m4v
451279,1,.m4v,H264,404p,29.97,3.08,02:21,None,-,NO,2020-10-15 10:57,Wonder Woman (2017),Wonder Woman,2017-10-09,8.5,PG-13,Wonder Woman (2017).m4v,/media/daveg/Lib/Movies/Wonder Woman (2017).m4v
20202324,4,.mp4,H264,1080p,29.97,3.07,01:30,None,-,YES,2025-10-13 16:18,Magpie (2024),Magpie,2025-10-13,9.0,NR,Magpie (2024).mp4,/media/daveg/Lib/Movies/Magpie (2024).mp4
14444726,1,.m4v,H264,356p,23.98,3.07,02:38,Bitmap,TRANSCODE,YES,2022-12-22 11:53,Tár (2022),Tár,2023-01-03,8.0,R,TAR (2022).m4v,/media/daveg/Lib/Movies/TAR (2022).m4v
2873282,1,.m4v,H264,360p,23.98,3.07,02:20,Text,DIRECT,NO,2020-10-06 10:57,Red Sparrow (2018),Red Sparrow,2023-11-14,7.5,R,Red Sparrow (2018).m4v,/media/daveg/Lib/Movies/Red Sparrow (2018).m4v
2025690,1,.m4v,H264,360p,23.98,3.07,01:57,Text,DIRECT,NO,2020-09-16 16:56,"Finest Hours, The (2016)",The Finest Hours,2020-08-23,7.5,PG-13,The Finest Hours (2016).m4v,/media/daveg/Lib/Movies/The Finest Hours (2016).m4v
2582502,1,.m4v,H264,356p,23.98,3.07,01:56,Text,DIRECT,NO,2020-09-15 12:25,Fathers & Daughters (2015),Fathers & Daughters,2017-01-14,7.5,R,Fathers & Daughters (2015).m4v,/media/daveg/Lib/Movies/Fathers & Daughters (2015).m4v
243133,1,.m4v,H264,472p,120,3.07,01:56,Text,DIRECT,NO,2020-09-29 19:59,"Man Who Wasn't There, The (2001)",The Man Who Wasn't There,2020-01-01,9.0,R,The Man Who Wasn't There (2001).m4v,/media/daveg/Lib/Movies/The Man Who Wasn't There (2001).m4v
433383,1,.m4v,H264,480p,120,3.07,01:33,Text,DIRECT,NO,2020-09-18 23:11,"Good Night, and Good Luck. (2005)","Good Night, and Good Luck.",,8.0,PG,"Good Night, and Good Luck. (2005).m4v","/media/daveg/Lib/Movies/Good Night, and Good Luck. (2005).m4v"
5439796,1,.m4v,H264,356p,23.98,3.06,01:58,Bitmap,TRANSCODE,NO,2020-09-28 15:05,Logan Lucky (2017),Logan Lucky,2018-08-23,8.0,PG-13,Logan Lucky (2017).m4v,/media/daveg/Lib/Movies/Logan Lucky (2017).m4v
3402236,1,.m4v,H264,360p,23.98,3.06,01:54,Text,DIRECT,NO,2020-10-02 16:50,Murder on the Orient Express (2017),Murder on the Orient Express,2018-03-24,7.5,PG-13,Murder on the Orient Express (2017).m4v,/media/daveg/Lib/Movies/Murder on the Orient Express (2017).m4v
945513,1,.m4v,H264,478p,23.98,3.06,01:33,Bitmap,TRANSCODE,NO,2020-10-08 23:45,Source Code (2011),Source Code,,9.0,PG-13,Source Code (2011).m4v,/media/daveg/Lib/Movies/Source Code (2011).m4v
6543652,1,.m4v,H264,480p,23.98,3.05,01:29,Bitmap,TRANSCODE,NO,2020-09-10 14:12,Cold War (2018),Cold War,2020-04-12,8.0,R,Cold War (2018).m4v,/media/daveg/Lib/Movies/Cold War (2018).m4v
79501,1,.m4v,H264,362p,23.98,3.05,01:28,Text,DIRECT,NO,2020-09-29 11:36,Mad Max (1979),Mad Max,,8.0,"TV-14::(DLSV, TV Rating.)",Mad Max (1979).m4v,/media/daveg/Lib/Movies/Mad Max (1979).m4v
8367814,1,.m4v,H264,360p,23.98,3.05,01:53,Bitmap,TRANSCODE,NO,2020-11-06 15:35,"Gentlemen, The (2019)",The Gentlemen,2020-12-06,8.0,R,The Gentlemen (2019).m4v,/media/daveg/Lib/Movies/The Gentlemen (2019).m4v
1189340,1,.m4v,H264,364p,29.97,3.05,01:58,Text,DIRECT,NO,2020-09-28 11:08,"Lincoln Lawyer, The (2011)",The Lincoln Lawyer,,8.0,R,The Lincoln Lawyer (2011).m4v,/media/daveg/Lib/Movies/The Lincoln Lawyer (2011).m4v
1261954,1,.m4v,H264,364p,23.98,3.05,01:37,None,-,NO,2020-08-27 16:29,Take Me Home (2011),Take Me Home,2020-01-20,7.5,PG-13,Take Me Home (2011).m4v,/media/daveg/Lib/Movies/Take Me Home (2011).m4v
1083452,1,.m4v,H264,362p,23.98,3.05,01:46,Text,DIRECT,NO,2020-09-13 18:59,Eddie the Eagle (2016),Eddie the Eagle,2016-10-03,8.0,PG-13,Eddie the Eagle (2016).m4v,/media/daveg/Lib/Movies/Eddie the Eagle (2016).m4v
2194499,1,.m4v,H264,356p,23.98,3.04,02:03,Bitmap,TRANSCODE,NO,2020-08-28 12:51,About Time (2013),About Time,2019-11-24,9.0,R,About Time (2013).m4v,/media/daveg/Lib/Movies/About Time (2013).m4v
1840309,1,.m4v,H264,404p,29.97,3.04,02:19,None,-,NO,2020-09-20 04:31,Divergent (2014),Divergent,,9.0,PG-13,Divergent (2014).m4v,/media/daveg/Lib/Movies/Divergent (2014).m4v
15255876,4,.mp4,H264,1080p,60,3.04,01:37,None,-,YES,2024-03-24 05:48,Emily the Criminal (2022),Emily the Criminal,2024-04-01,7.5,R,Emily the Criminal (2022).mp4,/media/daveg/Lib/Movies/Emily the Criminal (2022).mp4
443632,1,.m4v,H264,354p,23.98,3.04,01:48,Text,DIRECT,NO,2020-10-07 23:04,"Sentinel, The (2006)",The Sentinel,,8.0,PG-13,The Sentinel (2006).m4v,/media/daveg/Lib/Movies/The Sentinel (2006).m4v
790636,1,.m4v,H264,356p,23.98,3.04,01:57,Bitmap,TRANSCODE,NO,2020-09-11 14:47,Dallas Buyers Club (2013),Dallas Buyers Club,2019-02-26,8.0,"TV-MA::(LSV, TV Rating.)",Dallas Buyers Club (2013).m4v,/media/daveg/Lib/Movies/Dallas Buyers Club (2013).m4v
1878870,1,.m4v,H264,468p,23.98,3.04,01:44,Bitmap,TRANSCODE,NO,2020-09-13 22:59,"Edge of Seventeen, The (2016)",The Edge of Seventeen,2017-06-20,7.5,TV-MA,The Edge of Seventeen (2016).m4v,/media/daveg/Lib/Movies/The Edge of Seventeen (2016).m4v
974014,1,.m4v,H264,366p,120,3.03,01:48,Text,DIRECT,NO,2020-09-11 08:57,Creation (2009),Creation,,8.0,PG-13,Creation (2009).m4v,/media/daveg/Lib/Movies/Creation (2009).m4v
2103264,1,.m4v,H264,368p,23.98,3.03,01:47,Text,DIRECT,NO,2020-09-14 07:36,Emperor (2012),Emperor,,8.0,PG-13,Emperor (2012).m4v,/media/daveg/Lib/Movies/Emperor (2012).m4v
2245084,1,.m4v,H264,360p,23.98,3.03,01:42,Text,DIRECT,NO,2020-09-02 06:27,Big Hero 6 (2014),Big Hero 6,2015-09-25,8.0,TV-G::(DVD rating),Big Hero 6 (2014).m4v,/media/daveg/Lib/Movies/Big Hero 6 (2014).m4v
1216491,1,.m4v,H264,356p,23.98,3.03,01:52,Bitmap,TRANSCODE,NO,2020-09-24 19:24,Kill the Messenger (2014),Kill the Messenger,2015-07-30,8.0,R,Kill the Messenger (2014).m4v,/media/daveg/Lib/Movies/Kill the Messenger (2014).m4v
13320622,1,.m4v,H264,356p,23.98,3.02,01:52,Text,DIRECT,NO,2022-09-15 18:05,"Lost City, The (2022)",The Lost City,2022-10-18,8.0,PG-13,The Lost City (2022).m4v,/media/daveg/Lib/Movies/The Lost City (2022).m4v
2017038,1,.m4v,H264,354p,23.98,3.02,01:46,Text,DIRECT,NO,2020-08-29 08:34,All Is Lost (2013),All Is Lost,,8.0,PG-13,All Is Lost (2013).m4v,/media/daveg/Lib/Movies/All Is Lost (2013).m4v
2510028,1,.m4v,H264,354p,23.98,3.02,01:43,Bitmap,TRANSCODE,NO,2020-09-18 04:17,Frontera (2014),Frontera,2015-01-31,8.0,PG-13,Frontera (2014).m4v,/media/daveg/Lib/Movies/Frontera (2014).m4v
1568346,1,.m4v,H264,360p,23.98,3.02,02:38,Bitmap,TRANSCODE,YES,2020-09-18 17:25,"Girl with the Dragon Tattoo, The (2011)",The Girl with the Dragon Tattoo,2014-8-24,10.0,R,The Girl with the Dragon Tattoo (2011).m4v,/media/daveg/Lib/Movies/The Girl with the Dragon Tattoo (2011).m4v
8722346,1,.m4v,H264,356p,23.98,3.02,02:12,Bitmap,TRANSCODE,NO,2020-10-05 21:07,Queen & Slim (2019),Queen & Slim,2020-04-12,8.0,R,Queen & Slim (2019).m4v,/media/daveg/Lib/Movies/Queen & Slim (2019).m4v
2488496,1,.m4v,H264,404p,29.97,3.01,02:18,None,-,NO,2020-10-04 06:33,Star Wars: Episode VII - The Force Awakens (2015),Star Wars: Episode VII - The Force Awakens,2016-05-21,10.0,PG-13,Star Wars- Episode VII - The Force Awakens (2015).m4v,/media/daveg/Lib/Movies/Star Wars- Episode VII - The Force Awakens (2015).m4v
488120,1,.m4v,H264,364p,29.97,3.01,01:53,Text,DIRECT,NO,2020-09-17 15:43,Fracture (2007),Fracture,2024-07-26,10.0,"TV-14::(LSV, TV Rating.)",Fracture (2007).m4v,/media/daveg/Lib/Movies/Fracture (2007).m4v
58238,1,.m4v,H264,388p,29.97,3.01,01:32,Text,DIRECT,NO,2020-09-22 19:11,Invitation to a Gunfighter (1964),Invitation to a Gunfighter,,9.0,Not Rated,Invitation to a Gunfighter (1964).m4v,/media/daveg/Lib/Movies/Invitation to a Gunfighter (1964).m4v
3715320,1,.m4v,H264,360p,23.98,3.01,01:35,Bitmap,TRANSCODE,NO,2020-09-22 20:17,Irrational Man (2015),Irrational Man,2016-02-04,7.5,R,Irrational Man (2015).m4v,/media/daveg/Lib/Movies/Irrational Man (2015).m4v
1440728,1,.m4v,H264,362p,120,3.01,01:45,Bitmap,TRANSCODE,NO,2020-08-30 05:10,"American, The (2010)",The American,2024-01-08,8.0,R,The American (2010).m4v,/media/daveg/Lib/Movies/The American (2010).m4v
14439896,1,.m4v,H264,356p,23.98,3.01,02:04,Bitmap,TRANSCODE,NO,2022-12-01 13:16,Father Stu (2022),Father Stu,2023-10-10,7.0,R,Father Stu (2022).m4v,/media/daveg/Lib/Movies/Father Stu (2022).m4v
6924650,1,.m4v,H264,404p,29.97,3.01,02:18,None,-,NO,2020-09-24 18:27,Midway (2019),Midway,2020-10-12,6.7,PG-13,Midway (2019).m4v,/media/daveg/Lib/Movies/Midway (2019).m4v
2090465,1,.m4v,H264,362p,23.98,3.01,01:33,Text,DIRECT,NO,2020-09-02 17:15,Black Butterfly (2017),Black Butterfly,2017-12-02,7.5,R,Black Butterfly (2017).m4v,/media/daveg/Lib/Movies/Black Butterfly (2017).m4v
1951266,1,.m4v,H264,404p,29.97,2.99,02:17,None,-,NO,2020-09-20 17:25,"Hunger Games: Mockingjay - Part 2, The (2015)",The Hunger Games: Mockingjay - Part 2,2023-11-14,10.0,PG-13,The Hunger Games- Mockingjay - Part 2 (2015).m4v,/media/daveg/Lib/Movies/The Hunger Games- Mockingjay - Part 2 (2015).m4v
1371155,1,.m4v,H264,368p,23.98,2.99,01:53,Bitmap,TRANSCODE,NO,2020-09-29 12:02,Made in Dagenham (2010),Made in Dagenham,,8.0,R,Made in Dagenham (2010).m4v,/media/daveg/Lib/Movies/Made in Dagenham (2010).m4v
167261,1,.m4v,H264,480p,23.98,2.99,02:59,Text,DIRECT,YES,2026-09-09 19:47,"Lord of the Rings: The Two Towers, The (2002)",The Lord of the Rings: The Two Towers,,10.0,TV-14::(TV Rating),The Lord of the Rings- The Two Towers (2002).m4v,/media/daveg/Lib/Movies/The Lord of the Rings- The Two Towers (2002).m4v
1753383,1,.m4v,H264,356p,23.98,2.99,01:40,Bitmap,TRANSCODE,NO,2020-10-01 16:06,"Dog's Purpose, A (2017)",A Dog's Purpose,2017-09-03,6.8,PG,A Dog's Purpose (2017).m4v,/media/daveg/Lib/Movies/A Dog's Purpose (2017).m4v
4034228,1,.m4v,H264,404p,29.97,2.98,02:17,None,-,NO,2020-09-20 04:31,Manchester by the Sea (2016),Manchester by the Sea,2019-03-22,10.0,R,Manchester by the Sea (2016).m4v,/media/daveg/Lib/Movies/Manchester by the Sea (2016).m4v
35211,1,.m4v,H264,480p,23.98,2.98,02:08,None,-,NO,2026-09-09 18:14,"Pride of the Yankees, The (1942)",The Pride of the Yankees,,6.0,TV-PG,The Pride of the Yankees (1942).m4v,/media/daveg/Lib/Movies/The Pride of the Yankees (1942).m4v
2701582,1,.m4v,H264,480p,29.97,2.98,01:30,Bitmap,TRANSCODE,NO,2020-09-14 09:20,Endeavour (2020),Endeavour,2019-03-13,8.5,TV-14,Endeavour (2020).m4v,/media/daveg/Lib/Movies/Endeavour (2020).m4v
133093,1,.m4v,H264,404p,29.97,2.98,02:16,None,-,NO,2020-10-02 03:52,"Matrix, The (1999)",The Matrix,,9.0,R,The Matrix (1999).m4v,/media/daveg/Lib/Movies/The Matrix (1999).m4v
2119532,1,.m4v,H264,404p,29.97,2.98,02:19,None,-,NO,2020-09-19 18:46,Hacksaw Ridge (2016),Hacksaw Ridge,2017-02-22,8.5,R,Hacksaw Ridge (2016).m4v,/media/daveg/Lib/Movies/Hacksaw Ridge (2016).m4v
259711,1,.m4v,H264,404p,29.97,2.98,02:16,None,-,NO,2020-10-14 04:19,Vanilla Sky (2001),Vanilla Sky,2022-06-13,9.5,R,Vanilla Sky (2001).m4v,/media/daveg/Lib/Movies/Vanilla Sky (2001).m4v
9770150,1,.m4v,H264,356p,23.98,2.98,01:47,Text,DIRECT,NO,2021-07-29 17:44,Nomadland (2020),Nomadland,2021-04-14,9.0,R,Nomadland (2020).m4v,/media/daveg/Lib/Movies/Nomadland (2020).m4v
1937264,1,.m4v,H264,364p,23.98,2.98,01:43,Bitmap,TRANSCODE,NO,2020-10-03 21:11,Now Is Good (2012),Now Is Good,,8.0,PG-13,Now Is Good (2012).m4v,/media/daveg/Lib/Movies/Now Is Good (2012).m4v
4209788,1,.m4v,H264,356p,23.98,2.97,02:20,Bitmap,TRANSCODE,NO,2020-10-01 23:08,Molly's Game (2017),Molly's Game,2018-05-06,8.0,R,Molly's Game (2017).m4v,/media/daveg/Lib/Movies/Molly's Game (2017).m4v
1540133,1,.m4v,H264,368p,23.98,2.97,01:36,Bitmap,TRANSCODE,NO,2020-09-19 11:29,"Guard, The (2011)",The Guard,,8.0,R,The Guard (2011).m4v,/media/daveg/Lib/Movies/The Guard (2011).m4v
5758778,1,.m4v,H264,356p,23.98,2.97,01:42,Bitmap,TRANSCODE,NO,2020-10-08 17:03,Skyscraper (2018),Skyscraper,2019-03-29,8.0,TV-14::(TV rating),Skyscraper (2018).m4v,/media/daveg/Lib/Movies/Skyscraper (2018).m4v
3270108,1,.m4v,H264,360p,23.98,2.97,01:30,Text,DIRECT,NO,2020-09-23 08:26,Jackie & Ryan (2014),Jackie & Ryan,2016-08-24,7.5,PG-13,Jackie & Ryan (2014).m4v,/media/daveg/Lib/Movies/Jackie & Ryan (2014).m4v
6644200,1,.m4v,H264,360p,23.98,2.97,01:30,Text,DIRECT,NO,2020-10-05 22:00,"Quiet Place, A (2018)",A Quiet Place,2024-02-13,8.0,PG-13,A Quiet Place (2018).m4v,/media/daveg/Lib/Movies/A Quiet Place (2018).m4v
3640424,1,.m4v,H264,360p,23.98,2.97,02:04,Text,DIRECT,NO,2020-08-29 17:10,Allied (2016),Allied,2017-10-20,8.0,TV-14::(DLSV),Allied (2016).m4v,/media/daveg/Lib/Movies/Allied (2016).m4v
11729298,1,.m4v,H264,356p,23.98,2.97,01:52,Bitmap,TRANSCODE,NO,2022-08-11 11:56,American Underdog (2021),American Underdog,2022-10-23,7.5,PG,American Underdog (2021).m4v,/media/daveg/Lib/Movies/American Underdog (2021).m4v
363988,1,.m4v,H264,354p,29.92,2.97,01:36,Text,DIRECT,NO,2020-10-07 22:02,Secret Window (2004),Secret Window,2020-08-21,7.5,PG-13,Secret Window (2004).m4v,/media/daveg/Lib/Movies/Secret Window (2004).m4v
5095030,1,.m4v,H264,360p,23.98,2.97,01:58,Text,DIRECT,NO,2020-08-30 11:29,Ant-Man and the Wasp (2018),Ant-Man and the Wasp,2019-01-04,8.0,PG-13,Ant-Man and the Wasp (2018).m4v,/media/daveg/Lib/Movies/Ant-Man and the Wasp (2018).m4v
3104818,1,.m4v,H264,356p,23.98,2.96,01:44,None,-,NO,2020-09-28 09:42,"Like Sunday, Like Rain (2014)","Like Sunday, Like Rain",2019-12-31,9.0,R,"Like Sunday, Like Rain (2014).m4v","/media/daveg/Lib/Movies/Like Sunday, Like Rain (2014).m4v"
1486834,1,.m4v,H264,368p,23.98,2.96,01:38,Bitmap,TRANSCODE,NO,2020-10-14 18:31,What If (2013),What If,2015-02-14,8.0,PG-13,What If (2013).m4v,/media/daveg/Lib/Movies/What If (2013).m4v
68786,1,.m4v,H264,276p,29.97,2.96,01:40,Text,DIRECT,NO,2020-09-24 13:13,Junior Bonner (1972),Junior Bonner,,8.0,PG,Junior Bonner (1972).m4v,/media/daveg/Lib/Movies/Junior Bonner (1972).m4v
1399683,1,.m4v,H264,480p,23.98,2.96,01:40,Text,DIRECT,NO,2020-10-15 06:15,Winter's Bone (2010),Winter's Bone,,8.0,R,Winter's Bone (2010).m4v,/media/daveg/Lib/Movies/Winter's Bone (2010).m4v
83946,1,.m4v,H264,468p,120,2.96,02:38,SRT,DIRECT,YES,2026-09-08 21:51,Fitzcarraldo (1982),Fitzcarraldo,,9.5,PG,Fitzcarraldo (1982).m4v,/media/daveg/Lib/Movies/Fitzcarraldo (1982).m4v
7134096,1,.m4v,H264,360p,23.98,2.96,01:49,Text,DIRECT,NO,2020-11-05 20:32,"Rhythm Section, The (2020)",The Rhythm Section,2020-11-11,9.0,R,The Rhythm Section (2020).m4v,/media/daveg/Lib/Movies/The Rhythm Section (2020).m4v
1067106,1,.m4v,H264,360p,120,2.96,01:36,Text,DIRECT,NO,2020-09-09 19:07,"Christmas Carol, A (2009)",A Christmas Carol,2019-01-23,8.0,TV-PG,A Christmas Carol (2009).m4v,/media/daveg/Lib/Movies/Christmas/A Christmas Carol (2009).m4v
4846340,1,.m4v,H264,360p,23.98,2.96,02:07,Text,DIRECT,NO,2020-09-20 18:18,Hidden Figures (2016),Hidden Figures,2020-04-17,8.0,PG,Hidden Figures (2016).m4v,/media/daveg/Lib/Movies/Hidden Figures (2016).m4v
4550098,1,.m4v,H264,352p,23.98,2.95,01:56,Bitmap,TRANSCODE,NO,2020-10-03 15:02,Nocturnal Animals (2016),Nocturnal Animals,2017-05-16,7.5,R,Nocturnal Animals (2016).m4v,/media/daveg/Lib/Movies/Nocturnal Animals (2016).m4v
10293406,1,.m4v,H264,372p,23.98,2.95,02:06,Bitmap,TRANSCODE,NO,2022-12-17 12:54,"Power of the Dog, The (2021)",The Power of the Dog,2023-01-03,8.0,R,The Power of the Dog (2021).m4v,/media/daveg/Lib/Movies/The Power of the Dog (2021).m4v
86190,1,.m4v,H264,404p,29.97,2.95,02:11,None,-,NO,2020-10-04 07:05,Star Wars: Episode VI - Return of the Jedi (1983),Star Wars: Episode VI - Return of the Jedi,,10.0,"TV-PG::(V, TV rating)",Star Wars- Episode VI - Return of the Jedi (1983).m4v,/media/daveg/Lib/Movies/Star Wars- Episode VI - Return of the Jedi (1983).m4v
432283,1,.m4v,H264,472p,23.98,2.94,01:27,Text,DIRECT,NO,2020-09-15 09:50,Fantastic Mr. Fox (2009),Fantastic Mr. Fox,,8.0,TV-PG::(DV),Fantastic Mr. Fox (2009).m4v,/media/daveg/Lib/Movies/Fantastic Mr. Fox (2009).m4v
808151,1,.m4v,H264,404p,29.97,2.94,02:18,None,-,NO,2020-09-20 04:32,Angels & Demons (2009),Angels & Demons,,8.0,PG-13,Angels & Demons (2009).m4v,/media/daveg/Lib/Movies/Angels & Demons (2009).m4v
460890,1,.m4v,H264,460p,23.98,2.94,01:29,Bitmap,TRANSCODE,NO,2020-10-04 15:15,"Only Living Boy in New York, The (2017)",The Only Living Boy in New York,2018-11-08,8.5,R,The Only Living Boy in New York (2017).m4v,/media/daveg/Lib/Movies/The Only Living Boy in New York (2017).m4v
808244,1,.m4v,H264,368p,23.98,2.94,01:37,Text,DIRECT,NO,2020-09-13 10:35,Easy Virtue (2008),Easy Virtue,,8.0,PG-13,Easy Virtue (2008).m4v,/media/daveg/Lib/Movies/Easy Virtue (2008).m4v
6841122,1,.m4v,H264,356p,23.98,2.94,01:39,Bitmap,TRANSCODE,NO,2021-05-17 11:58,Summerland (2020),Summerland,2021-06-17,9.0,PG,Summerland (2020).m4v,/media/daveg/Lib/Movies/Summerland (2020).m4v
1014763,1,.m4v,H264,404p,29.97,2.94,02:17,None,-,NO,2020-09-20 04:30,Child 44 (2015),Child 44,2015-11-05,8.0,R,Child 44 (2015).m4v,/media/daveg/Lib/Movies/Child 44 (2015).m4v
1799349,1,.m4v,H264,480p,29.97,2.93,-,Bitmap,TRANSCODE,NO,2020-09-02 15:58,Birds of the Gods (2011),Birds of the Gods,2012-01-05,7.5,NR,Birds of the Gods (2011).m4v,/media/daveg/Lib/Movies/Birds of the Gods (2011).m4v
5164214,1,.m4v,H264,360p,23.98,2.93,01:50,Bitmap,TRANSCODE,NO,2020-10-04 10:38,Ocean's Eight (2018),Ocean's Eight,2018-10-23,8.0,"TV-14::(DLS, TV Rating.)",Ocean's Eight (2018).m4v,/media/daveg/Lib/Movies/Ocean's Eight (2018).m4v
6933454,1,.m4v,H264,364p,23.98,2.93,01:43,Bitmap,TRANSCODE,NO,2020-10-05 20:42,Puzzle (2018),Puzzle,2019-04-17,7.5,R,Puzzle (2018).m4v,/media/daveg/Lib/Movies/Puzzle (2018).m4v
2236054,1,.m4v,H264,362p,23.98,2.92,02:01,Bitmap,TRANSCODE,NO,2020-10-02 20:41,Mystery Road (2013),Mystery Road,2015-04-29,8.5,Not Rated,Mystery Road (2013).m4v,/media/daveg/Lib/Movies/Mystery Road (2013).m4v
286244,1,.m4v,H264,480p,120,2.92,01:20,Text,DIRECT,NO,2020-10-13 08:22,"Triplets of Belleville, The (2003)",The Triplets of Belleville,,8.0,PG-13,The Triplets of Belleville (2003).m4v,/media/daveg/Lib/Movies/The Triplets of Belleville (2003).m4v
1866249,1,.m4v,H264,472p,23.98,2.91,01:35,Text,DIRECT,NO,2020-10-07 23:27,"Sessions, The (2012)",The Sessions,,8.0,R,The Sessions (2012).m4v,/media/daveg/Lib/Movies/The Sessions (2012).m4v
958860,1,.m4v,H264,360p,29.97,2.91,01:30,Text,DIRECT,NO,2020-10-05 06:40,Payback: Straight Up (2006),Payback: Straight Up,,8.0,Unrated,Payback- Straight Up (2006).m4v,/media/daveg/Lib/Movies/Payback- Straight Up (2006).m4v
1869716,1,.m4v,H264,368p,23.98,2.91,01:56,Text,DIRECT,NO,2020-09-13 10:43,"East, The (2013)",The East,,8.0,PG-13,The East (2013).m4v,/media/daveg/Lib/Movies/The East (2013).m4v
2397535,1,.m4v,H264,360p,23.98,2.90,01:37,Bitmap,TRANSCODE,NO,2020-10-05 15:13,Predestination (2014),Predestination,2019-12-27,9.0,R,Predestination (2014).m4v,/media/daveg/Lib/Movies/Predestination (2014).m4v
1114680,1,.m4v,H264,368p,29.97,2.90,01:49,Bitmap,TRANSCODE,NO,2020-09-14 18:11,That Evening Sun (2009),That Evening Sun,,8.0,PG-13,That Evening Sun (2009).m4v,/media/daveg/Lib/Movies/That Evening Sun (2009).m4v
123179,1,.m4v,H264,474p,59.94,2.90,00:53,Text,DIRECT,NO,2020-09-09 11:43,Mister Magoo's Christmas Carol (1962),Mister Magoo's Christmas Carol,,7.7,Approved,Mister Magoo's Christmas Carol (1962).m4v,/media/daveg/Lib/Movies/Christmas/Mister Magoo's Christmas Carol (1962).m4v
4652650,1,.m4v,H264,360p,23.98,2.89,01:33,Bitmap,TRANSCODE,NO,2020-10-05 11:42,Please Stand By (2017),Please Stand By,2019-01-04,7.5,PG-13,Please Stand By (2017).m4v,/media/daveg/Lib/Movies/Please Stand By (2017).m4v
2380331,1,.m4v,H264,360p,23.98,2.89,01:51,Bitmap,TRANSCODE,NO,2020-10-15 09:46,Words and Pictures (2013),Words and Pictures,,9.0,PG-13,Words and Pictures (2013).m4v,/media/daveg/Lib/Movies/Words and Pictures (2013).m4v
1648190,1,.m4v,H264,360p,23.98,2.89,01:35,Bitmap,TRANSCODE,NO,2020-09-11 20:00,"Dark Tower, The (2017)",The Dark Tower,2018-11-08,8.0,PG-13,The Dark Tower (2017).m4v,/media/daveg/Lib/Movies/The Dark Tower (2017).m4v
8079248,1,.m4v,H264,360p,23.98,2.89,01:56,Bitmap,TRANSCODE,NO,2020-10-15 14:51,Yesterday (2019),Yesterday,2019-12-10,9.5,PG-13,Yesterday (2019).m4v,/media/daveg/Lib/Movies/Yesterday (2019).m4v
1035736,1,.m4v,H264,368p,23.98,2.87,01:45,Bitmap,TRANSCODE,NO,2020-09-10 11:41,Coco Before Chanel (2009),Coco Before Chanel,,8.0,PG-13,Coco Before Chanel (2009).m4v,/media/daveg/Lib/Movies/Coco Before Chanel (2009).m4v
2338424,1,.m4v,H264,360p,23.98,2.87,01:45,Bitmap,TRANSCODE,NO,2020-10-13 12:26,Tumbledown (2015),Tumbledown,2016-06-12,7.5,R,Tumbledown (2015).m4v,/media/daveg/Lib/Movies/Tumbledown (2015).m4v
4257072,1,.m4v,H264,480p,23.98,2.87,-,None,-,NO,2020-10-01 17:48,"Capitan, El (1978)",El Capitan,,8.2,NR,El Capitan (1978).m4v,/media/daveg/Lib/Movies/El Capitan (1978).m4v
1272878,0,.m4v,H264,356p,23.98,2.86,01:49,Bitmap,TRANSCODE,NO,2020-10-13 19:51,2 Guns (2013),2 Guns,2024-01-23,6.7,R,2 Guns (2013).m4v,/media/daveg/Lib/Movies/2 Guns (2013).m4v
4572514,1,.m4v,H264,404p,29.97,2.86,02:13,None,-,NO,2020-09-25 07:32,Patriots Day (2016),Patriots Day,2020-05-06,8.5,R,Patriots Day (2016).m4v,/media/daveg/Lib/Movies/Patriots Day (2016).m4v
105695,1,.m4v,H264,404p,29.97,2.86,02:10,None,-,NO,2020-10-13 20:39,Unforgiven (1992),Unforgiven,,9.0,TV-14::(LV),Unforgiven (1992).m4v,/media/daveg/Lib/Movies/Unforgiven (1992).m4v
5478478,1,.m4v,H264,404p,29.97,2.86,02:14,None,-,NO,2020-09-21 07:50,Hostiles (2017),Hostiles,2018-08-27,8.0,R,Hostiles (2017).m4v,/media/daveg/Lib/Movies/Hostiles (2017).m4v
1441951,1,.m4v,H264,362p,23.98,2.86,01:38,Bitmap,TRANSCODE,NO,2020-10-05 21:04,Quartet (2012),Quartet,,8.0,PG-13,Quartet (2012).m4v,/media/daveg/Lib/Movies/Quartet (2012).m4v
397892,1,.m4v,H264,480p,120,2.86,01:36,Text,DIRECT,NO,2020-09-03 13:03,Bolt (2008),Bolt,,8.0,PG::(featurette),Bolt (2008).m4v,/media/daveg/Lib/Movies/Bolt (2008).m4v
6146586,1,.m4v,H264,404p,29.97,2.86,02:10,None,-,NO,2020-09-20 04:31,John Wick: Chapter 3 - Parabellum (2019),John Wick: Chapter 3 - Parabellum,2020-04-12,7.5,R,John Wick- Chapter 3 - Parabellum (2019).m4v,/media/daveg/Lib/Movies/John Wick- Chapter 3 - Parabellum (2019).m4v
8045906,1,.m4v,H264,356p,23.98,2.86,01:50,Bitmap,TRANSCODE,NO,2021-09-15 13:14,Words on Bathroom Walls (2020),Words on Bathroom Walls,,7.2,PG-13,Words on Bathroom Walls (2020).m4v,/media/daveg/Lib/Movies/Words on Bathroom Walls (2020).m4v
5436228,1,.m4v,H264,360p,23.98,2.85,01:41,Bitmap,TRANSCODE,NO,2020-10-15 08:51,Woman Walks Ahead (2017),Woman Walks Ahead,2020-07-06,8.0,R,Woman Walks Ahead (2017).m4v,/media/daveg/Lib/Movies/Woman Walks Ahead (2017).m4v
5113044,1,.m4v,H264,356p,23.98,2.85,01:27,Bitmap,TRANSCODE,NO,2022-09-30 21:22,Minions: The Rise of Gru (2022),Minions: The Rise of Gru,,6.6,TV-PG,Minions- The Rise of Gru (2022).m4v,/media/daveg/Lib/Movies/Minions- The Rise of Gru (2022).m4v
3224458,1,.m4v,H264,468p,23.98,2.85,01:49,Bitmap,TRANSCODE,NO,2020-09-01 10:19,"Beautiful Day in the Neighborhood, A (2019)",A Beautiful Day in the Neighborhood,2020-05-24,8.0,PG,A Beautiful Day in the Neighborhood (2019).m4v,/media/daveg/Lib/Movies/A Beautiful Day in the Neighborhood (2019).m4v
4276820,1,.m4v,H264,356p,23.98,2.85,01:55,Bitmap,TRANSCODE,NO,2020-09-17 13:39,"Founder, The (2016)",The Founder,2017-05-20,8.5,TV-PG::(DVD rating),The Founder (2016).m4v,/media/daveg/Lib/Movies/The Founder (2016).m4v
1485796,1,.m4v,H264,360p,23.98,2.84,01:45,Text,DIRECT,NO,2020-09-19 10:22,"Greatest Showman, The (2017)",The Greatest Showman,2018-05-12,8.0,TV-PG,The Greatest Showman (2017).m4v,/media/daveg/Lib/Movies/The Greatest Showman (2017).m4v
1300854,1,.m4v,H264,404p,29.97,2.84,02:10,None,-,NO,2020-09-23 04:39,Iron Man 3 (2013),Iron Man 3,,7.5,PG-13,Iron Man 3 (2013).m4v,/media/daveg/Lib/Movies/Iron Man 3 (2013).m4v
2355495,1,.m4v,H264,368p,23.98,2.84,01:30,Text,DIRECT,NO,2020-09-01 06:29,Barefoot (2014),Barefoot,2015-05-13,8.0,PG-13,Barefoot (2014).m4v,/media/daveg/Lib/Movies/Barefoot (2014).m4v
499549,1,.m4v,H264,480p,23.98,2.84,02:42,Text,DIRECT,YES,2026-09-09 20:52,Avatar (2009),Avatar,,10.0,TV-14,Avatar (2009).m4v,/media/daveg/Lib/Movies/Avatar (2009).m4v
114746,1,.m4v,H264,404p,29.97,2.84,02:09,None,-,NO,2020-10-13 12:47,12 Monkeys (1995),12 Monkeys,2020-05-01,8.0,R,12 Monkeys (1995).m4v,/media/daveg/Lib/Movies/12 Monkeys (1995).m4v
1179933,1,.m4v,H264,360p,23.98,2.84,01:43,Text,DIRECT,NO,2020-10-12 06:10,10 Cloverfield Lane (2016),10 Cloverfield Lane,2016-07-31,8.0,PG-13,10 Cloverfield Lane (2016).m4v,/media/daveg/Lib/Movies/10 Cloverfield Lane (2016).m4v
7026672,1,.m4v,H264,360p,23.98,2.83,01:37,Bitmap,TRANSCODE,NO,2020-09-14 18:54,Every Day (2018),Every Day,2019-01-21,8.5,PG-13,Every Day (2018).m4v,/media/daveg/Lib/Movies/Every Day (2018).m4v
8946378,1,.m4v,H264,404p,29.97,2.83,02:10,None,-,NO,2020-09-20 04:35,Knives Out (2019),Knives Out,2020-07-31,8.5,PG-13,Knives Out (2019).m4v,/media/daveg/Lib/Movies/Knives Out (2019).m4v
1042877,1,.m4v,H264,354p,23.98,2.83,01:49,Text,DIRECT,NO,2020-09-06 15:02,Cadillac Records (2008),Cadillac Records,,8.0,R,Cadillac Records (2008).m4v,/media/daveg/Lib/Movies/Cadillac Records (2008).m4v
56592,1,.m4v,H264,480p,29.97,2.83,02:09,None,-,NO,2020-10-12 19:47,To Kill a Mockingbird (1962),To Kill a Mockingbird,,10.0,TV-PG::(TV rating),To Kill a Mockingbird (1962).m4v,/media/daveg/Lib/Movies/To Kill a Mockingbird (1962).m4v
2261331,1,.m4v,H264,356p,23.98,2.83,01:54,Bitmap,TRANSCODE,NO,2020-09-02 23:01,Black Sea (2014),Black Sea,2015-10-21,7.5,R,Black Sea (2014).m4v,/media/daveg/Lib/Movies/Black Sea (2014).m4v
56172,1,.m4v,H264,376p,29.97,2.82,03:38,Text,DIRECT,YES,2026-09-09 13:22,Lawrence of Arabia (1962),Lawrence of Arabia,,10.0,Approved,Lawrence of Arabia (1962).m4v,/media/daveg/Lib/Movies/Lawrence of Arabia (1962).m4v
3859076,1,.m4v,H264,362p,23.98,2.82,02:05,Bitmap,TRANSCODE,NO,2020-10-13 10:51,Truth (2015),Truth,2016-05-19,9.0,R,Truth (2015).m4v,/media/daveg/Lib/Movies/Truth (2015).m4v
1837709,1,.m4v,H264,360p,23.98,2.81,01:58,Bitmap,TRANSCODE,NO,2020-10-15 07:51,Winter's Tale (2014),Winter's Tale,,7.5,PG-13,Winter's Tale (2014).m4v,/media/daveg/Lib/Movies/Winter's Tale (2014).m4v
119567,1,.m4v,H264,404p,29.97,2.81,02:09,None,-,NO,2020-09-29 13:46,"Lost World: Jurassic Park, The (1997)",The Lost World: Jurassic Park,,8.0,PG-13,The Lost World- Jurassic Park (1997).m4v,/media/daveg/Lib/Movies/The Lost World- Jurassic Park (1997).m4v
1637688,1,.m4v,H264,368p,23.98,2.81,01:49,Text,DIRECT,NO,2020-09-22 05:04,In Time (2011),In Time,2019-12-10,9.0,Approved,In Time (2011).m4v,/media/daveg/Lib/Movies/In Time (2011).m4v
2509850,1,.m4v,H264,358p,23.98,2.81,01:47,Bitmap,TRANSCODE,NO,2020-10-06 15:41,"Rewrite, The (2014)",The Rewrite,2015-08-12,8.0,Not Rated,The Rewrite (2014).m4v,/media/daveg/Lib/Movies/The Rewrite (2014).m4v
482546,1,.m4v,H264,360p,23.98,2.81,01:28,Bitmap,TRANSCODE,NO,2020-10-01 09:20,Miss Potter (2006),Miss Potter,,8.0,TV-PG::(TV rating),Miss Potter (2006).m4v,/media/daveg/Lib/Movies/Miss Potter (2006).m4v
2991224,1,.m4v,H264,358p,23.98,2.80,01:27,None,-,NO,2020-10-12 05:11,Tangerines (2013),Tangerines,2015-10-27,8.5,Not Rated,Tangerines (2013).m4v,/media/daveg/Lib/Movies/Tangerines (2013).m4v
8385474,1,.m4v,H264,356p,23.98,2.80,01:49,Bitmap,TRANSCODE,NO,2020-09-12 19:20,"Dog's Journey, A (2019)",A Dog's Journey,2020-05-09,7.5,PG,A Dog's Journey (2019).m4v,/media/daveg/Lib/Movies/A Dog's Journey (2019).m4v
362227,1,.m4v,H264,404p,29.97,2.80,02:08,None,-,NO,2020-10-12 08:23,"Terminal, The (2004)",The Terminal,,8.0,PG-13,The Terminal (2004).m4v,/media/daveg/Lib/Movies/The Terminal (2004).m4v
1614989,1,.m4v,H264,354p,23.98,2.80,01:40,Bitmap,TRANSCODE,NO,2020-09-19 18:51,Headhunters (2011),Headhunters,,8.0,R,Headhunters (2011).m4v,/media/daveg/Lib/Movies/Headhunters (2011).m4v
455944,1,.m4v,H264,362p,23.98,2.79,02:12,Bitmap,TRANSCODE,NO,2020-09-14 11:56,"Equalizer, The (2014)",The Equalizer,2015-03-28,7.0,TV-14::(LV),The Equalizer (2014).m4v,/media/daveg/Lib/Movies/The Equalizer (2014).m4v
10343028,1,.m4v,H264,356p,23.98,2.78,01:54,Bitmap,TRANSCODE,NO,2023-03-14 20:04,Armageddon Time (2022),Armageddon Time,2023-05-08,7.5,R,Armageddon Time (2022).m4v,/media/daveg/Lib/Movies/Armageddon Time (2022).m4v
47522,0,.m4v,H264,334p,23.98,2.78,02:34,Text,DIRECT,YES,2026-09-09 05:44,"Star Is Born, A (1954)",A Star Is Born,2024-01-24,7.5,Passed::(National Board of Review),A Star is Born (1954).m4v,/media/daveg/Lib/Movies/A Star is Born (1954).m4v
7616148,1,.m4v,H264,362p,23.98,2.78,01:49,Bitmap,TRANSCODE,NO,2020-11-05 20:31,Luce (2019),Luce,2020-11-23,8.5,R,Luce (2019).m4v,/media/daveg/Lib/Movies/Luce (2019).m4v
6063090,1,.m4v,H264,480p,23.98,2.78,01:59,Text,DIRECT,NO,2020-09-28 09:43,Light of My Life (2019),Light of My Life,2020-07-06,8.5,R,Light of My Life (2019).m4v,/media/daveg/Lib/Movies/Light of My Life (2019).m4v
1413495,1,.m4v,H264,360p,23.98,2.78,01:46,Text,DIRECT,NO,2020-10-04 21:39,Paranoia (2013),Paranoia,2015-02-07,8.0,PG-13,Paranoia (2013).m4v,/media/daveg/Lib/Movies/Paranoia (2013).m4v
120815,1,.m4v,H264,480p,23.98,2.78,02:49,SRT,DIRECT,YES,2026-09-09 12:08,Saving Private Ryan (1998),Saving Private Ryan,2019-06-08,10.0,TV-MA::(TV rating),Saving Private Ryan (1998).m4v,/media/daveg/Lib/Movies/Saving Private Ryan (1998).m4v
2140379,1,.m4v,H264,364p,23.98,2.78,01:57,Bitmap,TRANSCODE,NO,2020-10-07 22:35,Self/less (2015),Self/less,2016-04-14,8.0,PG-13,Self-less (2015).m4v,/media/daveg/Lib/Movies/Self-less (2015).m4v
2883512,1,.m4v,H264,356p,23.98,2.77,01:54,Bitmap,TRANSCODE,NO,2020-09-07 16:25,Chef (2014),Chef,,7.5,R,Chef (2014).m4v,/media/daveg/Lib/Movies/Chef (2014).m4v
6763252,1,.m4v,H264,356p,23.98,2.77,01:58,Bitmap,TRANSCODE,NO,2020-09-07 06:25,"Captain, The (2017)",The Captain,2019-02-24,7.5,NR,The Captain (2017).m4v,/media/daveg/Lib/Movies/The Captain (2017).m4v
2387559,1,.m4v,H264,356p,23.98,2.77,01:45,Text,DIRECT,NO,2020-09-12 06:28,Delivery Man (2013),Delivery Man,,8.0,PG-13,Delivery Man (2013).m4v,/media/daveg/Lib/Movies/Delivery Man (2013).m4v
4505830,1,.m4v,H264,480p,23.98,2.77,01:26,Bitmap,TRANSCODE,NO,2020-09-23 20:40,Jesse Stone: Lost in Paradise (2015),Jesse Stone: Lost in Paradise,2016-02-27,8.5,TV-14,Jesse Stone- Lost in Paradise (2015).m4v,/media/daveg/Lib/Movies/Jesse Stone- Lost in Paradise (2015).m4v
5023260,1,.m4v,H264,356p,23.98,2.77,01:48,Bitmap,TRANSCODE,NO,2020-09-27 17:03,"Last Word, The (2017)",The Last Word,2017-12-25,8.0,R,The Last Word (2017).m4v,/media/daveg/Lib/Movies/The Last Word (2017).m4v
3397884,1,.m4v,H264,360p,23.98,2.77,02:01,Bitmap,TRANSCODE,NO,2020-10-08 11:52,Sicario (2015),Sicario,2016-04-10,8.0,R,Sicario (2015).m4v,/media/daveg/Lib/Movies/Sicario (2015).m4v
107290,1,.m4v,H264,404p,29.97,2.76,02:07,None,-,NO,2020-09-24 18:27,Jurassic Park (1993),Jurassic Park,,10.0,PG-13,Jurassic Park (1993).m4v,/media/daveg/Lib/Movies/Jurassic Park (1993).m4v
1535438,1,.m4v,H264,360p,23.98,2.76,01:40,Bitmap,TRANSCODE,NO,2020-09-20 22:33,Hope Springs (2012),Hope Springs,,8.0,PG-13,Hope Springs (2012).m4v,/media/daveg/Lib/Movies/Hope Springs (2012).m4v
371746,1,.m4v,H264,404p,29.97,2.75,02:06,None,-,NO,2020-09-22 21:22,Iron Man (2008),Iron Man,,8.0,TV-14::(LSV),Iron Man (2008).m4v,/media/daveg/Lib/Movies/Iron Man (2008).m4v
333766,1,.m4v,H264,364p,23.98,2.74,01:42,Text,DIRECT,NO,2021-02-19 17:28,Garden State (2004),Garden State,2021-02-21,8.5,TV-14::(DLS),Garden State (2004).m4v,/media/daveg/Lib/Movies/Garden State (2004).m4v
3783958,1,.m4v,H264,404p,29.97,2.74,02:08,None,-,NO,2020-09-25 05:12,"La Land, La (2016)",La La Land,2017-04-30,8.5,PG-13,La La Land (2016).m4v,/media/daveg/Lib/Movies/La La Land (2016).m4v
40897,1,.m4v,H264,480p,29.97,2.74,02:06,None,-,NO,2020-10-13 07:27,"Treasure of the Sierra Madre, The (1948)",The Treasure of the Sierra Madre,,8.0,Passed::(National Board of Review),The Treasure of the Sierra Madre (1948).m4v,/media/daveg/Lib/Movies/The Treasure of the Sierra Madre (1948).m4v
2084970,1,.m4v,H264,362p,23.98,2.74,01:54,Bitmap,TRANSCODE,NO,2020-09-21 19:37,"Imitation Game, The (2014)",The Imitation Game,2015-04-03,10.0,PG-13,The Imitation Game (2014).m4v,/media/daveg/Lib/Movies/The Imitation Game (2014).m4v
2582496,1,.m4v,H264,360p,23.98,2.74,01:45,Text,DIRECT,NO,2020-09-30 14:39,Me and Earl and the Dying Girl (2015),Me and Earl and the Dying Girl,2015-11-20,8.0,PG-13,Me and Earl and the Dying Girl (2015).m4v,/media/daveg/Lib/Movies/Me and Earl and the Dying Girl (2015).m4v
1111422,4,.m4v,H264,354p,23.98,2.73,01:46,Text,DIRECT,NO,2020-10-12 05:13,"Taking of Pelham 123, The (2009)",The Taking of Pelham 123,,6.4,R,The Taking of Pelham 1 2 3 (2009).m4v,/media/daveg/Lib/Movies/The Taking of Pelham 1 2 3 (2009).m4v
245429,1,.m4v,H264,404p,29.97,2.73,02:05,None,-,NO,2020-10-09 09:43,Spirited Away (2001),Spirited Away,,10.0,"TV-PG::(V, Cartoon Network)",Spirited Away (2001).m4v,/media/daveg/Lib/Movies/Spirited Away (2001).m4v
2058107,1,.m4v,H264,354p,23.98,2.73,01:56,Bitmap,TRANSCODE,NO,2020-10-06 04:27,"Railway Man, The (2013)",The Railway Man,,8.0,R,The Railway Man (2013).m4v,/media/daveg/Lib/Movies/The Railway Man (2013).m4v
1226240,1,.m4v,H264,360p,23.98,2.73,01:45,Text,DIRECT,NO,2020-09-27 17:57,"Late Quartet, A (2012)",A Late Quartet,,8.0,R,A Late Quartet (2012).m4v,/media/daveg/Lib/Movies/A Late Quartet (2012).m4v
4481414,1,.m4v,H264,360p,23.98,2.73,01:41,Text,DIRECT,NO,2020-09-18 15:27,Gifted (2017),Gifted,2017-11-05,8.0,PG-13,Gifted (2017).m4v,/media/daveg/Lib/Movies/Gifted (2017).m4v
3741834,1,.m4v,H264,356p,23.98,2.72,01:58,Bitmap,TRANSCODE,NO,2020-09-28 05:48,Lion (2016),Lion,2017-04-30,8.5,TV-PG::(TV rating),Lion (2016).m4v,/media/daveg/Lib/Movies/Lion (2016).m4v
1893256,1,.m4v,H264,360p,120,2.72,01:40,Text,DIRECT,NO,2020-10-06 11:31,Redemption (2013),Redemption,2015-02-16,8.0,TV-MA::(TV rating),Redemption (2013).m4v,/media/daveg/Lib/Movies/Redemption (2013).m4v
2582802,1,.m4v,H264,360p,23.98,2.72,01:46,Bitmap,TRANSCODE,NO,2020-10-14 20:56,Whiplash (2014),Whiplash,2019-09-03,9.5,TV-14::(DLV),Whiplash (2014).m4v,/media/daveg/Lib/Movies/Whiplash (2014).m4v
1228705,1,.m4v,H264,404p,29.97,2.72,02:04,None,-,NO,2020-09-23 04:39,Iron Man 2 (2010),Iron Man 2,,8.0,TV-14::(LSV),Iron Man 2 (2010).m4v,/media/daveg/Lib/Movies/Iron Man 2 (2010).m4v
3741632,1,.m4v,H264,360p,23.98,2.71,01:52,Bitmap,TRANSCODE,NO,2020-09-28 07:19,"Leisure Seeker, The (2017)",The Leisure Seeker,2018-11-03,7.5,R,The Leisure Seeker (2017).m4v,/media/daveg/Lib/Movies/The Leisure Seeker (2017).m4v
2308260,1,.m4v,H264,362p,23.98,2.71,01:43,Text,DIRECT,NO,2020-10-03 11:10,"Night in Old Mexico, A (2013)",A Night in Old Mexico,2015-02-14,7.5,Not Rated,A Night in Old Mexico (2013).m4v,/media/daveg/Lib/Movies/A Night in Old Mexico (2013).m4v
2180411,1,.m4v,H264,404p,29.97,2.71,02:05,None,-,NO,2020-09-22 14:59,Into the Woods (2014),Into the Woods,2015-05-09,8.5,PG,Into the Woods (2014).m4v,/media/daveg/Lib/Movies/Into the Woods (2014).m4v
315733,1,.m4v,H264,404p,29.97,2.71,02:04,None,-,NO,2020-10-13 18:37,21 Grams (2003),21 Grams,,8.0,R,21 Grams (2003).m4v,/media/daveg/Lib/Movies/21 Grams (2003).m4v
2486678,1,.m4v,H264,356p,23.98,2.70,01:35,Bitmap,TRANSCODE,NO,2020-09-17 04:38,5 to 7 (2014),5 to 7,2015-12-01,8.0,TV-14,5 to 7 (2014).m4v,/media/daveg/Lib/Movies/5 to 7 (2014).m4v
1798684,1,.m4v,H264,404p,29.97,2.70,02:04,None,-,NO,2020-10-09 02:48,Southpaw (2015),Southpaw,2016-01-03,7.5,R,Southpaw (2015).m4v,/media/daveg/Lib/Movies/Southpaw (2015).m4v
5027774,1,.m4v,H264,360p,23.98,2.69,01:55,Text,DIRECT,NO,2020-10-03 05:03,"Three Billboards Outside Ebbing, Missouri (2017)","Three Billboards Outside Ebbing, Missouri",2025-09-26,8.5,R,"Three Billboards Outside Ebbing, Missouri (2017).m4v","/media/daveg/Lib/Movies/Three Billboards Outside Ebbing, Missouri (2017).m4v"
280105,1,.m4v,H264,480p,23.98,2.69,00:40,Text,DIRECT,NO,2020-10-08 05:35,Shackleton's Antarctic Adventure (2001),Shackleton's Antarctic Adventure,,10.0,NR,Shackleton's Antarctic Adventure (2001).m4v,/media/daveg/Lib/Movies/Shackleton's Antarctic Adventure (2001).m4v
5175450,1,.m4v,H264,432p,23.98,2.69,01:43,Bitmap,TRANSCODE,NO,2020-09-30 07:56,Mark Felt: The Man Who Brought Down the White House (2017),Mark Felt: The Man Who Brought Down the White House,2018-11-08,8.0,PG-13,Mark Felt- The Man Who Brought Down the White House (2017).m4v,/media/daveg/Lib/Movies/Mark Felt- The Man Who Brought Down the White House (2017).m4v
1726592,1,.m4v,H264,368p,23.98,2.69,01:32,Text,DIRECT,NO,2020-09-01 14:30,Before I Go to Sleep (2014),Before I Go to Sleep,2015-08-02,8.5,R,Before I Go to Sleep (2014).m4v,/media/daveg/Lib/Movies/Before I Go to Sleep (2014).m4v
1135503,1,.m4v,H264,404p,29.97,2.69,02:03,None,-,NO,2020-09-24 08:56,Julie & Julia (2009),Julie & Julia,,10.0,PG-13,Julie & Julia (2009).m4v,/media/daveg/Lib/Movies/Julie & Julia (2009).m4v
5247022,1,.m4v,H264,468p,23.98,2.68,01:58,Bitmap,TRANSCODE,NO,2020-10-05 05:12,Paterson (2016),Paterson,2017-04-23,7.5,R,Paterson (2016).m4v,/media/daveg/Lib/Movies/Paterson (2016).m4v
4459156,1,.m4v,H264,360p,23.98,2.67,01:55,Bitmap,TRANSCODE,NO,2021-08-30 11:35,55 Steps (2017),55 Steps,2021-08-30,8.0,PG-13,55 Steps (2017).m4v,/media/daveg/Lib/Movies/55 Steps (2017).m4v
18773,1,.m4v,H264,470p,29.97,2.67,01:12,None,-,NO,2021-10-25 18:35,"Circus, The (1928)",The Circus,,8.1,Passed::(National Board of Review),The Circus (1928).m4v,/media/daveg/Lib/Movies/The Circus (1928).m4v
11827628,0,.m4v,H264,356p,23.98,2.67,01:54,Bitmap,TRANSCODE,NO,2022-11-26 11:05,Memory (2022),Memory,2024-01-23,7.0,R,Memory (2022).m4v,/media/daveg/Lib/Movies/Memory (2022).m4v
54215,1,.m4v,H264,348p,23.98,2.67,01:49,Bitmap,TRANSCODE,NO,2020-10-05 18:28,Psycho (1960),Psycho,,10.0,TV-14::(TV rating),Psycho (1960).m4v,/media/daveg/Lib/Movies/Psycho (1960).m4v
490204,1,.m4v,H264,354p,23.98,2.67,02:04,Text,DIRECT,NO,2020-10-06 12:43,Reign Over Me (2007),Reign Over Me,,8.0,TV-PG,Reign Over Me (2007).m4v,/media/daveg/Lib/Movies/Reign Over Me (2007).m4v
478087,1,.m4v,H264,404p,29.97,2.66,02:03,None,-,NO,2020-10-13 20:21,21 (2008),21,,9.0,PG-13,21 (2008).m4v,/media/daveg/Lib/Movies/21 (2008).m4v
5688068,1,.m4v,H264,356p,23.98,2.66,01:44,Bitmap,TRANSCODE,NO,2022-01-25 06:07,Above Suspicion (2019),Above Suspicion,,5.7,R,Above Suspicion (2019).m4v,/media/daveg/Lib/Movies/Above Suspicion (2019).m4v
4425200,1,.m4v,H264,404p,29.97,2.66,02:02,None,-,NO,2020-10-03 10:38,John Wick: Chapter 2 (2017),John Wick: Chapter 2,2017-09-03,8.0,TV-14::(Syfy rating),John Wick- Chapter 2 (2017).m4v,/media/daveg/Lib/Movies/John Wick- Chapter 2 (2017).m4v
5932728,1,.m4v,H264,356p,23.98,2.66,02:04,Text,DIRECT,NO,2020-10-05 16:54,"Professor and the Madman, The (2019)",The Professor and the Madman,2020-02-15,8.5,Not Rated,The Professor and the Madman (2019).m4v,/media/daveg/Lib/Movies/The Professor and the Madman (2019).m4v
1772288,1,.m4v,H264,356p,23.98,2.66,01:46,Bitmap,TRANSCODE,NO,2020-09-11 15:19,Danny Collins (2015),Danny Collins,2015-11-28,8.0,R,Danny Collins (2015).m4v,/media/daveg/Lib/Movies/Danny Collins (2015).m4v
1951265,1,.m4v,H264,404p,29.97,2.65,02:03,None,-,NO,2020-09-21 12:36,"Hunger Games: Mockingjay - Part 1, The (2014)",The Hunger Games: Mockingjay - Part 1,2020-01-02,8.5,PG-13,The Hunger Games- Mockingjay - Part 1 (2014).m4v,/media/daveg/Lib/Movies/The Hunger Games- Mockingjay - Part 1 (2014).m4v
1615160,1,.m4v,H264,356p,23.98,2.64,01:53,Bitmap,TRANSCODE,NO,2020-09-17 09:00,"Foreigner, The (2017)",The Foreigner,2018-04-10,8.0,R,The Foreigner (2017).m4v,/media/daveg/Lib/Movies/The Foreigner (2017).m4v
139654,1,.m4v,H264,404p,29.97,2.64,02:02,None,-,NO,2020-10-13 06:36,Training Day (2001),Training Day,,8.0,TV-MA::(DLV),Training Day (2001).m4v,/media/daveg/Lib/Movies/Training Day (2001).m4v
1322269,1,.m4v,H264,354p,23.98,2.64,02:01,Bitmap,TRANSCODE,NO,2020-08-31 08:07,August: Osage County (2013),August: Osage County,2014-11-14,8.0,R,August- Osage County (2013).m4v,/media/daveg/Lib/Movies/August- Osage County (2013).m4v
6203570,1,.m4v,H264,388p,29.97,2.64,01:14,Bitmap,TRANSCODE,NO,2020-10-05 16:31,Mountain (2017),Mountain,2020-10-12,8.0,PG,Mountain (2017).m4v,/media/daveg/Lib/Movies/Mountain (2017).m4v
2350496,1,.m4v,H264,360p,23.98,2.63,01:44,Bitmap,TRANSCODE,NO,2020-09-29 09:12,"Lunchbox, The (2013)",The Lunchbox,2015-07-10,8.0,PG,The Lunchbox (2013).m4v,/media/daveg/Lib/Movies/The Lunchbox (2013).m4v
4602066,1,.m4v,H264,460p,23.98,2.63,01:34,Text,DIRECT,NO,2020-09-07 10:35,"Catcher Was a Spy, The (2018)",The Catcher Was a Spy,2019-06-05,7.5,R,The Catcher Was a Spy (2018).m4v,/media/daveg/Lib/Movies/The Catcher Was a Spy (2018).m4v
3247714,1,.m4v,H264,358p,23.98,2.63,01:36,Bitmap,TRANSCODE,NO,2020-10-11 19:52,Survivor (2015),Survivor,2015-12-22,8.5,PG-13,Survivor (2015).m4v,/media/daveg/Lib/Movies/Survivor (2015).m4v
3410834,1,.m4v,H264,404p,29.97,2.63,02:00,None,-,NO,2020-09-20 04:30,Allegiant (2016),Allegiant,2016-10-09,5.8,PG-13,Allegiant (2016).m4v,/media/daveg/Lib/Movies/Allegiant (2016).m4v
1707386,1,.m4v,H264,478p,29.97,2.63,02:38,SRT,DIRECT,YES,2026-09-09 06:00,"Misérables, Les (2012)",Les Misérables,,8.0,PG-13,Les Miserables (2012).m4v,/media/daveg/Lib/Movies/Les Miserables (2012).m4v
5462602,1,.m4v,H264,404p,29.97,2.63,02:00,None,-,NO,2020-09-20 04:32,"Big Sick, The (2017)",The Big Sick,2018-01-17,8.0,R,The Big Sick (2017).m4v,/media/daveg/Lib/Movies/The Big Sick (2017).m4v
2378507,1,.m4v,H264,404p,29.97,2.63,02:07,None,-,YES,2020-09-18 18:48,"Glass Castle, The (2017)",The Glass Castle,2018-03-31,8.5,PG-13,The Glass Castle (2017).m4v,/media/daveg/Lib/Movies/The Glass Castle (2017).m4v
1291566,1,.m4v,H264,404p,29.97,2.62,01:59,None,-,NO,2020-10-23 16:05,"Vanishing of Sidney Hall, The (2017)",The Vanishing of Sidney Hall,2018-09-16,9.0,R,The Vanishing of Sidney Hall (2017).m4v,/media/daveg/Lib/Movies/The Vanishing of Sidney Hall (2017).m4v
10304142,1,.m4v,H264,356p,23.98,2.62,02:14,Text,DIRECT,YES,2023-02-13 21:20,Amsterdam (2022),Amsterdam,2023-05-08,7.0,R,Amsterdam (2022).m4v,/media/daveg/Lib/Movies/Amsterdam (2022).m4v
14114802,1,.m4v,H264,426p,23.98,2.61,01:45,Bitmap,TRANSCODE,NO,2022-07-08 12:05,"Outfit, The (2022)",The Outfit,,7.1,R,The Outfit (2022).m4v,/media/daveg/Lib/Movies/The Outfit (2022).m4v
6491178,1,.m4v,H264,360p,23.98,2.61,02:38,Bitmap,TRANSCODE,YES,2020-09-13 05:41,Dragged Across Concrete (2018),Dragged Across Concrete,2020-03-29,7.5,R,Dragged Across Concrete (2018).m4v,/media/daveg/Lib/Movies/Dragged Across Concrete (2018).m4v
2042568,1,.m4v,H264,472p,23.98,2.61,01:44,Bitmap,TRANSCODE,NO,2020-09-22 08:51,Inside Llewyn Davis (2013),Inside Llewyn Davis,,10.0,R,Inside Llewyn Davis (2013).m4v,/media/daveg/Lib/Movies/Inside Llewyn Davis (2013).m4v
3263904,1,.m4v,H264,364p,23.98,2.60,01:36,Bitmap,TRANSCODE,NO,2020-09-23 05:41,Sully (2016),Sully,2019-09-23,8.0,PG-13,Sully (2016).m4v,/media/daveg/Lib/Movies/Sully (2016).m4v
2404425,1,.m4v,H264,358p,23.98,2.60,01:49,Bitmap,TRANSCODE,NO,2020-10-15 08:54,Woman in Gold (2015),Woman in Gold,2015-07-30,8.0,PG-13,Woman in Gold (2015).m4v,/media/daveg/Lib/Movies/Woman in Gold (2015).m4v
70511,1,.m4v,H264,364p,47.95,2.60,02:31,Text,DIRECT,YES,2026-09-08 17:45,Papillon (1973),Papillon,,10.0,TV-MA,Papillon (1973).m4v,/media/daveg/Lib/Movies/Papillon (1973).m4v
5052448,1,.m4v,H264,362p,23.98,2.60,01:44,Bitmap,TRANSCODE,NO,2020-09-18 12:23,Get Out (2017),Get Out,2017-08-20,8.0,R,Get Out (2017).m4v,/media/daveg/Lib/Movies/Get Out (2017).m4v
1625346,1,.m4v,H264,478p,23.98,2.60,01:34,Text,DIRECT,NO,2020-10-15 14:31,Young Adult (2011),Young Adult,,8.0,R,Young Adult (2011).m4v,/media/daveg/Lib/Movies/Young Adult (2011).m4v
4385888,1,.m4v,H264,404p,29.97,2.59,01:59,None,-,NO,2020-10-13 18:10,20th Century Women (2016),20th Century Women,,7.3,R,20th Century Women (2016).m4v,/media/daveg/Lib/Movies/20th Century Women (2016).m4v
2908446,1,.m4v,H264,404p,29.97,2.59,01:59,None,-,NO,2020-09-20 04:31,"Divergent Series: Insurgent, The (2015)",The Divergent Series: Insurgent,2015-12-19,8.5,PG-13,The Divergent Series- Insurgent (2015).m4v,/media/daveg/Lib/Movies/The Divergent Series- Insurgent (2015).m4v
2465146,1,.m4v,H264,360p,23.98,2.59,01:34,Text,DIRECT,NO,2020-08-30 06:20,And So It Goes (2014),And So It Goes,2015-10-01,7.5,PG-13,And So It Goes (2014).m4v,/media/daveg/Lib/Movies/And So It Goes (2014).m4v
5716464,1,.m4v,H264,308p,23.98,2.59,01:58,Bitmap,TRANSCODE,NO,2020-09-04 07:58,Breathe (2017),Breathe,2019-01-04,8.0,PG-13,Breathe (2017).m4v,/media/daveg/Lib/Movies/Breathe (2017).m4v
6225520,1,.m4v,H264,356p,23.98,2.59,01:44,Bitmap,TRANSCODE,NO,2020-10-09 13:38,"Man Who Invented Christmas, The (2017)",The Man Who Invented Christmas,2018-07-18,7.5,PG,The Man Who Invented Christmas (2017).m4v,/media/daveg/Lib/Movies/Christmas/The Man Who Invented Christmas (2017).m4v
360717,1,.m4v,H264,362p,23.98,2.59,03:07,SRT,DIRECT,YES,2026-09-09 20:39,King Kong (2005),King Kong,2017-04-17,7.0,PG-13,King Kong (2005).m4v,/media/daveg/Lib/Movies/King Kong (2005).m4v
4633690,1,.m4v,H264,404p,29.97,2.58,02:01,None,-,NO,2020-10-08 12:31,Shot Caller (2017),Shot Caller,2019-02-18,8.0,R,Shot Caller (2017).m4v,/media/daveg/Lib/Movies/Shot Caller (2017).m4v
1715336,1,.m4v,H264,404p,29.97,2.58,01:39,None,-,NO,2020-09-20 04:32,Anna (2013),Anna,2014-02-14,6.5,R,Anna (2019).m4v,/media/daveg/Lib/Movies/Anna (2019).m4v
7456310,1,.m4v,H264,404p,29.97,2.58,01:58,None,-,NO,2020-09-20 04:32,Anna (2019),Anna,2020-02-15,7.5,TV-14::(DLSV),Anna (2019).m4v,/media/daveg/Lib/Movies/Anna (2019).m4v
5308322,1,.m4v,H264,356p,23.98,2.58,01:36,Bitmap,TRANSCODE,NO,2020-12-31 15:27,Happy Death Day (2017),Happy Death Day,2021-01-02,8.5,TV-14::(DV),Happy Death Day (2017).m4v,/media/daveg/Lib/Movies/Happy Death Day (2017).m4v
3606756,1,.m4v,H264,404p,29.97,2.57,01:58,None,-,NO,2020-09-22 04:36,Incredibles 2 (2018),Incredibles 2,,7.6,TV-PG::(DL),Incredibles 2 (2018).m4v,/media/daveg/Lib/Movies/Incredibles 2 (2018).m4v
6398184,1,.m4v,H264,356p,23.98,2.56,02:02,Bitmap,TRANSCODE,NO,2020-09-13 05:40,Downton Abbey (2019),Downton Abbey,2020-03-29,7.5,PG,Downton Abbey (2019).m4v,/media/daveg/Lib/Movies/Downton Abbey (2019).m4v
3622592,1,.m4v,H264,360p,23.98,2.56,01:49,Text,DIRECT,NO,2020-10-04 20:30,Paper Towns (2015),Paper Towns,2020-01-20,9.0,TV-14,Paper Towns (2015).m4v,/media/daveg/Lib/Movies/Paper Towns (2015).m4v
2039393,1,.m4v,H264,360p,23.98,2.56,01:51,Text,DIRECT,NO,2020-09-18 11:34,"Gambler, The (2014)",The Gambler,2015-08-21,7.5,R,The Gambler (2014).m4v,/media/daveg/Lib/Movies/The Gambler (2014).m4v
3881784,1,.m4v,H264,404p,29.97,2.56,01:59,None,-,NO,2020-10-11 19:55,Stronger (2017),Stronger,2018-06-27,7.5,R,Stronger (2017).m4v,/media/daveg/Lib/Movies/Stronger (2017).m4v
2854926,1,.m4v,H264,360p,23.98,2.55,01:40,Bitmap,TRANSCODE,NO,2020-10-11 22:13,Tag (2018),Tag,2019-02-18,7.5,"TV-14::(DLV, TV Rating)",Tag (2018).m4v,/media/daveg/Lib/Movies/Tag (2018).m4v
2503944,1,.m4v,H264,354p,23.98,2.54,01:41,Bitmap,TRANSCODE,NO,2020-09-06 12:20,Burnt (2015),Burnt,2023-11-14,8.5,R,Burnt (2015).m4v,/media/daveg/Lib/Movies/Burnt (2015).m4v
1657517,1,.m4v,H264,360p,23.98,2.54,01:53,Bitmap,TRANSCODE,NO,2021-06-09 15:15,"Song of Names, The (2019)",The Song of Names,,6.4,PG-13,The Song of Names (2019).m4v,/media/daveg/Lib/Movies/The Song of Names (2019).m4v
6212478,1,.m4v,H264,404p,29.97,2.54,01:56,None,-,NO,2020-09-20 04:30,American Animals (2018),American Animals,2018-12-08,7.5,R,American Animals (2018).m4v,/media/daveg/Lib/Movies/American Animals (2018).m4v
1291570,1,.m4v,H264,360p,23.98,2.54,01:41,Text,DIRECT,NO,2020-10-08 19:33,Solace (2015),Solace,2017-08-20,7.5,R,Solace (2015).m4v,/media/daveg/Lib/Movies/Solace (2015).m4v
407304,1,.m4v,H264,404p,29.97,2.53,01:56,None,-,NO,2020-10-14 10:27,War of the Worlds (2005),War of the Worlds,,8.0,TV-14::(TV rating),War of the Worlds (2005).m4v,/media/daveg/Lib/Movies/War of the Worlds (2005).m4v
325805,1,.m4v,H264,404p,29.97,2.53,01:56,None,-,NO,2020-09-30 11:26,Matchstick Men (2003),Matchstick Men,,10.0,PG-13,Matchstick Men (2003).m4v,/media/daveg/Lib/Movies/Matchstick Men (2003).m4v
78748,1,.m4v,H264,404p,29.97,2.53,01:57,None,-,NO,2020-11-25 19:03,Alien (1979),Alien,2020-11-28,9.0,TV-14::(TV rating),Alien (1979).m4v,/media/daveg/Lib/Movies/Alien (1979).m4v
11252248,1,.m4v,H264,360p,23.98,2.53,01:41,Bitmap,TRANSCODE,NO,2022-07-18 14:37,Dog (2022),Dog,2022-07-19,8.0,PG-13,Dog (2022).m4v,/media/daveg/Lib/Movies/Dog (2022).m4v
68611,1,.m4v,H264,404p,29.97,2.53,01:56,None,-,NO,2020-09-18 04:18,Frenzy (1972),Frenzy,,10.0,R,Frenzy (1972).m4v,/media/daveg/Lib/Movies/Frenzy (1972).m4v
10272386,1,.m4v,H264,356p,23.98,2.53,01:37,Bitmap,TRANSCODE,NO,2021-06-13 06:54,"Father, The (2020)",The Father,2021-08-09,8.5,PG-13,The Father (2020).m4v,/media/daveg/Lib/Movies/The Father (2020).m4v
88763,1,.m4v,H264,404p,29.97,2.53,01:56,None,-,NO,2021-09-24 09:17,Back to the Future (1985),Back to the Future,2021-10-01,8.5,TV-PG::(DLV),Back to the Future (1985).m4v,/media/daveg/Lib/Movies/Back to the Future (1985).m4v
77416,1,.m4v,H264,362p,23.98,2.53,03:03,SRT,DIRECT,YES,2026-09-09 18:38,"Deer Hunter, The (1978)",The Deer Hunter,,10.0,R,The Deer Hunter (1978).m4v,/media/daveg/Lib/Movies/The Deer Hunter (1978).m4v
3416532,1,.m4v,H264,360p,23.98,2.53,01:48,Bitmap,TRANSCODE,NO,2020-10-02 04:48,"Monster Calls, A (2016)",A Monster Calls,2017-04-30,7.5,PG-13,A Monster Calls (2016).m4v,/media/daveg/Lib/Movies/A Monster Calls (2016).m4v
3132738,1,.m4v,H264,480p,23.98,2.52,01:16,Bitmap,TRANSCODE,NO,2020-09-21 05:56,Houdini (2014),Houdini,2015-06-03,7.5,TV-14,Houdini (2014).m4v,/media/daveg/Lib/Movies/Houdini (2014).m4v
11291274,4,.m4v,H264,356p,23.98,2.52,01:47,Bitmap,TRANSCODE,NO,2023-02-21 15:07,"Unbearable Weight of Massive Talent, The (2022)",The Unbearable Weight of Massive Talent,2024-01-23,8.0,R,The Unbearable Weight of Massive Talent (2022).m4v,/media/daveg/Lib/Movies/The Unbearable Weight of Massive Talent (2022).m4v
5610554,1,.m4v,H264,460p,23.98,2.51,01:35,Bitmap,TRANSCODE,NO,2020-10-13 11:57,Tully (2018),Tully,2018-12-11,7.5,R,Tully (2018).m4v,/media/daveg/Lib/Movies/Tully (2018).m4v
5104604,1,.m4v,H264,360p,23.98,2.50,01:41,Text,DIRECT,NO,2020-09-22 21:16,Isle of Dogs (2018),Isle of Dogs,2018-12-08,8.0,TV-PG::(V),Isle of Dogs (2018).m4v,/media/daveg/Lib/Movies/Isle of Dogs (2018).m4v
2278388,1,.m4v,H264,472p,120,2.50,01:39,Text,DIRECT,NO,2020-09-19 07:39,"Grand Budapest Hotel, The (2014)",The Grand Budapest Hotel,,7.5,R,The Grand Budapest Hotel (2014).m4v,/media/daveg/Lib/Movies/The Grand Budapest Hotel (2014).m4v
1754656,1,.m4v,H264,364p,23.98,2.49,01:48,Text,DIRECT,NO,2021-12-20 12:19,"Little Prince, The (2015)",The Little Prince,,7.7,PG,The Little Prince (2015).m4v,/media/daveg/Lib/Movies/The Little Prince (2015).m4v
116621,0,.m4v,H264,404p,29.97,2.49,01:53,None,-,NO,2020-09-22 12:46,In Love and War (1996),In Love and War,2024-01-10,5.9,PG-13,In Love and War (1996).m4v,/media/daveg/Lib/Movies/In Love and War (1996).m4v
6902332,1,.m4v,H264,358p,23.98,2.49,01:48,Bitmap,TRANSCODE,NO,2021-09-08 16:47,"Marksman, The (2021)",The Marksman,2021-09-08,7.0,PG-13,The Marksman (2021).m4v,/media/daveg/Lib/Movies/The Marksman (2021).m4v
468565,1,.m4v,H264,368p,120,2.49,01:35,Bitmap,TRANSCODE,NO,2020-10-13 09:28,Tsotsi (2005),Tsotsi,,7.2,R,Tsotsi (2005).m4v,/media/daveg/Lib/Movies/Tsotsi (2005).m4v
4922674,1,.m4v,H264,360p,23.98,2.48,01:44,Text,DIRECT,NO,2021-05-10 13:46,Parallel (2018),Parallel,2021-06-15,7.5,Not Rated,Parallel (2018).m4v,/media/daveg/Lib/Movies/Parallel (2018).m4v
1022603,1,.m4v,H264,358p,23.98,2.48,01:35,Text,DIRECT,NO,2020-09-16 22:08,500 Days of Summer (2009),500 Days of Summer,2010-02-02,8.0,PG-13,500 Days of Summer (2009).m4v,/media/daveg/Lib/Movies/500 Days of Summer (2009).m4v
944835,1,.m4v,H264,354p,23.98,2.48,01:40,Bitmap,TRANSCODE,NO,2020-10-07 11:53,Salt (2010),Salt,2019-12-27,9.0,TV-MA::(TV rating),Salt (2010).m4v,/media/daveg/Lib/Movies/Salt (2010).m4v
62765,1,.m4v,H264,404p,29.97,2.48,01:54,None,-,NO,2020-09-20 04:30,Bullitt (1968),Bullitt,2018-10-01,10.0,M/PG::(Approved No. 21906),Bullitt (1968).m4v,/media/daveg/Lib/Movies/Bullitt (1968).m4v
10265034,1,.m4v,H264,480p,23.98,2.48,01:29,Bitmap,TRANSCODE,NO,2021-09-08 18:06,Land (2021),Land,2021-09-08,9.0,PG-13,Land (2021).m4v,/media/daveg/Lib/Movies/Land (2021).m4v
56687,1,.m4v,H264,480p,47.95,2.46,02:14,Text,DIRECT,YES,2026-09-09 18:55,What Ever Happened to Baby Jane? (1962),What Ever Happened to Baby Jane?,,8.1,Passed::(National Board of Review),What Ever Happened to Baby Jane (1962).m4v,/media/daveg/Lib/Movies/What Ever Happened to Baby Jane (1962).m4v
2543472,1,.m4v,H264,404p,29.97,2.46,01:53,None,-,NO,2020-10-15 10:33,Wonder (2017),Wonder,2018-03-31,8.0,TV-Y7,Wonder (2017).m4v,/media/daveg/Lib/Movies/Wonder (2017).m4v
47478,1,.m4v,H264,448p,23.98,2.45,03:27,SRT,DIRECT,YES,2026-09-09 20:00,Seven Samurai (1954),Seven Samurai,,10.0,Not Rated,Seven Samurai (1954).m4v,/media/daveg/Lib/Movies/Seven Samurai (1954).m4v
3464902,1,.m4v,H264,404p,29.97,2.45,01:59,None,-,YES,2020-09-30 04:28,"Lobster, The (2015)",The Lobster,2016-10-23,8.0,R,The Lobster (2015).m4v,/media/daveg/Lib/Movies/The Lobster (2015).m4v
348150,1,.m4v,H264,404p,29.97,2.45,02:34,None,-,YES,2020-10-11 20:24,Superman Returns (2006),Superman Returns,,7.0,TV-14::(DV),Superman Returns (2006).m4v,/media/daveg/Lib/Movies/Superman Returns (2006).m4v
446029,1,.m4v,H264,404p,29.97,2.44,01:52,None,-,NO,2021-01-16 03:11,Scott Pilgrim vs. the World (2010),Scott Pilgrim vs. the World,2021-01-20,7.5,PG-13,Scott Pilgrim vs. the World (2010).m4v,/media/daveg/Lib/Movies/Scott Pilgrim vs. the World (2010).m4v
3750872,1,.m4v,H264,362p,23.98,2.44,01:39,Bitmap,TRANSCODE,NO,2020-10-14 21:58,"Wife, The (2017)",The Wife,2019-03-22,8.0,R,The Wife (2017).m4v,/media/daveg/Lib/Movies/The Wife (2017).m4v
76740,1,.m4v,H264,480p,23.98,2.44,02:01,None,-,YES,2026-09-09 19:07,Sorcerer (1977),Sorcerer,2020-12-30,8.0,PG,Sorcerer (1977).m4v,/media/daveg/Lib/Movies/Sorcerer (1977).m4v
977855,1,.m4v,H264,362p,23.98,2.43,01:48,Bitmap,TRANSCODE,NO,2020-09-15 05:06,Fair Game (2010),Fair Game,,8.0,PG-13,Fair Game (2010).m4v,/media/daveg/Lib/Movies/Fair Game (2010).m4v
862846,1,.m4v,H264,360p,29.97,2.43,01:31,Bitmap,TRANSCODE,NO,2020-10-11 19:04,Sunshine Cleaning (2008),Sunshine Cleaning,,8.0,R,Sunshine Cleaning (2008).m4v,/media/daveg/Lib/Movies/Sunshine Cleaning (2008).m4v
379725,1,.m4v,H264,404p,29.97,2.43,01:54,None,-,NO,2020-09-20 04:30,Capote (2005),Capote,,8.0,R,Capote (2005).m4v,/media/daveg/Lib/Movies/Capote (2005).m4v
1821549,1,.m4v,H264,404p,29.97,2.43,01:55,None,-,NO,2020-10-03 10:37,Nebraska (2013),Nebraska,,8.0,TV-14::(TV rating),Nebraska (2013).m4v,/media/daveg/Lib/Movies/Nebraska (2013).m4v
64002,1,.m4v,H264,404p,29.97,2.42,01:51,None,-,NO,2021-10-08 21:43,Alice's Restaurant (1969),Alice's Restaurant,2021-12-03,8.0,GP,Alice's Restaurant (1969).m4v,/media/daveg/Lib/Movies/Alice's Restaurant (1969).m4v
9308382,1,.m4v,H264,360p,23.98,2.42,01:53,Bitmap,TRANSCODE,NO,2021-02-09 13:37,"High Note, The (2020)",The High Note,2021-02-09,7.5,PG-13,The High Note (2020).m4v,/media/daveg/Lib/Movies/The High Note (2020).m4v
2872732,1,.m4v,H264,356p,23.98,2.42,01:29,Bitmap,TRANSCODE,NO,2020-09-29 08:50,Lucy (2014),Lucy,2015-06-02,8.0,R,Lucy (2014).m4v,/media/daveg/Lib/Movies/Lucy (2014).m4v
117060,1,.m4v,H264,480p,29.97,2.41,01:50,None,-,NO,2020-10-01 12:08,Mission: Impossible (1996),Mission: Impossible,2021-03-11,10.0,PG-13,Mission- Impossible (1996).m4v,/media/daveg/Lib/Movies/Mission- Impossible (1996).m4v
58888,1,.m4v,H264,366p,29.97,2.41,03:05,SRT,DIRECT,YES,2026-09-09 06:13,Red Beard (1965),Red Beard,,8.4,Not Rated,Red Beard (1965).m4v,/media/daveg/Lib/Movies/Red Beard (1965).m4v
1961175,1,.m4v,H264,404p,29.97,2.41,01:51,None,-,NO,2020-09-20 04:32,American Assassin (2017),American Assassin,2018-08-09,8.0,R,American Assassin (2017).m4v,/media/daveg/Lib/Movies/American Assassin (2017).m4v
1967545,1,.m4v,H264,404p,29.97,2.41,01:51,None,-,NO,2020-09-27 13:55,Labor Day (2013),Labor Day,,8.0,PG-13,Labor Day (2013).m4v,/media/daveg/Lib/Movies/Labor Day (2013).m4v
1731141,1,.m4v,H264,404p,29.97,2.40,01:54,None,-,NO,2020-09-20 04:32,Ender's Game (2013),Ender's Game,,8.0,PG-13,Ender's Game (2013).m4v,/media/daveg/Lib/Movies/Ender's Game (2013).m4v
5442430,1,.m4v,H264,360p,23.98,2.40,01:44,Bitmap,TRANSCODE,NO,2020-09-28 08:29,Life (2017),Life,2018-02-06,7.5,R,Life (2017).m4v,/media/daveg/Lib/Movies/Life (2017).m4v
92099,1,.m4v,H264,480p,29.97,2.40,01:49,None,-,NO,2020-10-12 20:49,Top Gun (1986),Top Gun,,8.0,"TV-PG::(DLV, TV Rating.)",Top Gun (1986).m4v,/media/daveg/Lib/Movies/Top Gun (1986).m4v
898367,1,.m4v,H264,364p,23.98,2.39,01:51,Bitmap,TRANSCODE,NO,2020-10-06 21:02,"Road, The (2009)",The Road,,8.0,R,The Road (2009).m4v,/media/daveg/Lib/Movies/The Road (2009).m4v
5431890,1,.m4v,H264,404p,29.97,2.38,01:52,None,-,NO,2020-10-04 10:41,Official Secrets (2019),Official Secrets,2020-06-08,8.0,R,Official Secrets (2019).m4v,/media/daveg/Lib/Movies/Official Secrets (2019).m4v
4975722,1,.m4v,H264,404p,29.97,2.37,01:51,None,-,NO,2020-10-02 08:30,Moonlight (2016),Moonlight,2017-03-03,8.0,R,Moonlight (2016).m4v,/media/daveg/Lib/Movies/Moonlight (2016).m4v
1307068,1,.m4v,H264,364p,23.98,2.36,01:41,Bitmap,TRANSCODE,NO,2020-10-07 22:13,Seeking a Friend for the End of the World (2012),Seeking a Friend for the End of the World,,8.0,R,Seeking a Friend for the End of the World (2012).m4v,/media/daveg/Lib/Movies/Seeking a Friend for the End of the World (2012).m4v
3920820,1,.m4v,H264,352p,23.98,2.36,01:39,Bitmap,TRANSCODE,NO,2020-11-12 15:55,Brian Banks (2018),Brian Banks,2021-11-12,8.0,PG-13,Brian Banks (2018).m4v,/media/daveg/Lib/Movies/Brian Banks (2018).m4v
1182345,1,.m4v,H264,356p,29.97,2.35,01:37,Bitmap,TRANSCODE,NO,2020-10-02 06:34,Moon (2009),Moon,,8.0,R,Moon (2009).m4v,/media/daveg/Lib/Movies/Moon (2009).m4v
1655420,1,.m4v,H264,362p,23.98,2.35,01:39,Bitmap,TRANSCODE,NO,2020-10-02 20:35,My Week with Marilyn (2011),My Week with Marilyn,,8.0,R,My Week with Marilyn (2011).m4v,/media/daveg/Lib/Movies/My Week with Marilyn (2011).m4v
404978,1,.m4v,H264,368p,23.98,2.34,01:29,Bitmap,TRANSCODE,NO,2020-09-18 08:50,Gambit (2012),Gambit,,8.0,PG-13,Gambit (2012).m4v,/media/daveg/Lib/Movies/Gambit (2012).m4v
5859238,1,.m4v,H264,360p,23.98,2.33,01:28,Bitmap,TRANSCODE,NO,2020-09-29 07:57,Lucky (2017),Lucky,2018-08-09,7.5,Not Rated,Lucky (2017).m4v,/media/daveg/Lib/Movies/Lucky (2017).m4v
190590,1,.m4v,H264,404p,29.97,2.33,01:47,None,-,NO,2020-10-13 18:10,"O Brother, Where Art Thou? (2000)","O Brother, Where Art Thou?",,8.0,TV-14::(TV rating),"O Brother, Where Art Thou (2000).m4v","/media/daveg/Lib/Movies/O Brother, Where Art Thou (2000).m4v"
3270538,1,.m4v,H264,480p,23.98,2.33,01:13,Bitmap,TRANSCODE,NO,2020-10-06 12:49,Requiem for the American Dream (2015),Requiem for the American Dream,2017-03-25,8.0,Not Rated,Requiem for the American Dream (2015).m4v,/media/daveg/Lib/Movies/Requiem for the American Dream (2015).m4v
105323,1,.m4v,H264,458p,23.98,2.32,02:36,None,-,YES,2026-09-08 04:58,Scent of a Woman (1992),Scent of a Woman,,8.0,R,Scent of a Woman (1992).m4v,/media/daveg/Lib/Movies/Scent of a Woman (1992).m4v
92965,1,.m4v,H264,480p,47.95,2.32,02:33,Text,DIRECT,YES,2026-09-09 21:12,Empire of the Sun (1987),Empire of the Sun,,8.0,TV-14::(TV rating),Empire of the Sun (1987).m4v,/media/daveg/Lib/Movies/Empire of the Sun (1987).m4v
2194826,1,.m4v,H264,356p,23.98,2.32,01:35,Text,DIRECT,NO,2020-09-01 05:14,"Barber, The (2014)",The Barber,2015-12-30,7.5,R,The Barber (2014).m4v,/media/daveg/Lib/Movies/The Barber (2014).m4v
2402101,1,.m4v,H264,356p,23.98,2.32,01:53,Bitmap,TRANSCODE,YES,2020-09-11 20:02,Dark Places (2015),Dark Places,2016-01-02,8.0,TV-14,Dark Places (2015).m4v,/media/daveg/Lib/Movies/Dark Places (2015).m4v
112688,1,.m4v,H264,468p,23.98,2.32,02:08,SRT,DIRECT,YES,2026-09-09 21:22,Clockers (1995),Clockers,2021-02-27,8.0,"TV-14::(LV, TV Rating.)",Clockers (1995).m4v,/media/daveg/Lib/Movies/Clockers (1995).m4v
379557,1,.m4v,H264,404p,29.97,2.32,01:46,None,-,NO,2020-10-13 06:29,Touching the Void (2003),Touching the Void,,8.0,R,Touching the Void (2003).m4v,/media/daveg/Lib/Movies/Touching the Void (2003).m4v
1860357,1,.m4v,H264,404p,29.97,2.31,01:47,None,-,NO,2020-09-20 04:31,Deepwater Horizon (2016),Deepwater Horizon,2017-01-11,8.0,PG-13,Deepwater Horizon (2016).m4v,/media/daveg/Lib/Movies/Deepwater Horizon (2016).m4v
72431,1,.m4v,H264,480p,29.97,2.31,01:46,None,-,NO,2020-10-15 16:32,Young Frankenstein (1974),Young Frankenstein,,8.0,PG,Young Frankenstein (1974).m4v,/media/daveg/Lib/Movies/Young Frankenstein (1974).m4v
365907,1,.m4v,H264,358p,23.98,2.31,01:54,Bitmap,TRANSCODE,YES,2020-10-14 08:17,"Walk Among the Tombstones, A (2014)",A Walk Among the Tombstones,2015-09-04,8.5,R,A Walk Among the Tombstones (2014).m4v,/media/daveg/Lib/Movies/A Walk Among the Tombstones (2014).m4v
3839880,1,.m4v,H264,360p,23.98,2.31,01:43,Text,DIRECT,NO,2020-09-22 09:49,Infinity Chamber (2016),Infinity Chamber,2020-03-29,8.0,NR,Infinity Chamber (2016).m4v,/media/daveg/Lib/Movies/Infinity Chamber (2016).m4v
48801,1,.m4v,H264,404p,29.97,2.31,01:46,None,-,NO,2020-10-14 12:27,We're No Angels (1955),We're No Angels,,8.0,Not Rated,We're No Angels (1955).m4v,/media/daveg/Lib/Movies/We're No Angels (1955).m4v
2359024,1,.m4v,H264,364p,23.98,2.30,01:30,Bitmap,TRANSCODE,NO,2020-09-03 08:07,Blue Ruin (2013),Blue Ruin,2016-05-30,7.5,R,Blue Ruin (2013).m4v,/media/daveg/Lib/Movies/Blue Ruin (2013).m4v
80487,1,.m4v,H264,480p,23.98,2.30,01:38,Text,DIRECT,NO,2026-09-09 12:59,Caddyshack (1980),Caddyshack,,8.0,13+::(Common Sense Media),Caddyshack (1980).m4v,/media/daveg/Lib/Movies/Caddyshack (1980).m4v
12789558,1,.m4v,H264,460p,23.98,2.29,01:38,Bitmap,TRANSCODE,NO,2022-05-05 14:59,Belfast (2021),Belfast,2022-05-19,9.5,PG-13,Belfast (2021).m4v,/media/daveg/Lib/Movies/Belfast (2021).m4v
1590193,1,.m4v,H264,404p,29.97,2.29,01:44,None,-,NO,2020-09-19 18:51,"Commuter, The (2018)",The Commuter,2018-09-05,8.0,PG-13,The Commuter (2018).m4v,/media/daveg/Lib/Movies/The Commuter (2018).m4v
2226597,1,.m4v,H264,360p,23.98,2.29,01:52,Text,DIRECT,YES,2020-10-02 13:40,"Mountain Between Us, The (2017)",The Mountain Between Us,2018-02-04,7.5,PG-13,The Mountain Between Us (2017).m4v,/media/daveg/Lib/Movies/The Mountain Between Us (2017).m4v
2380307,1,.m4v,H264,404p,29.97,2.29,01:45,None,-,NO,2020-11-02 20:43,Coco (2017),Coco,2020-11-02,9.5,TV-G,Coco (2017).m4v,/media/daveg/Lib/Movies/Coco (2017).m4v
298845,1,.m4v,H264,480p,29.97,2.29,01:45,None,-,NO,2020-09-22 04:35,In America (2002),In America,,8.0,TV-MA::(TV rating),In America (2002).m4v,/media/daveg/Lib/Movies/In America (2002).m4v
1545759,1,.m4v,H264,368p,23.98,2.28,01:24,Bitmap,TRANSCODE,NO,2020-10-05 12:25,Point Blank (2010),Point Blank,,8.0,R,Point Blank (2010).m4v,/media/daveg/Lib/Movies/Point Blank (2010).m4v
5563334,1,.m4v,H264,364p,23.98,2.27,01:49,Bitmap,TRANSCODE,YES,2020-11-12 16:31,"Good Liar, The (2019)",The Good Liar,2020-11-14,8.5,R,The Good Liar (2019).m4v,/media/daveg/Lib/Movies/The Good Liar (2019).m4v
458413,1,.m4v,H264,360p,23.98,2.26,01:36,Bitmap,TRANSCODE,NO,2020-09-28 17:08,"Long Way Down, A (2014)",A Long Way Down,2015-01-31,8.0,R,A Long Way Down (2014).m4v,/media/daveg/Lib/Movies/A Long Way Down (2014).m4v
2011971,1,.m4v,H264,368p,23.98,2.26,01:35,Bitmap,TRANSCODE,NO,2020-10-02 04:33,Monsieur Lazhar (2011),Monsieur Lazhar,,9.0,PG-13,Monsieur Lazhar (2011).m4v,/media/daveg/Lib/Movies/Monsieur Lazhar (2011).m4v
2543164,1,.m4v,H264,360p,23.98,2.26,01:56,Text,DIRECT,YES,2020-08-30 21:37,Arrival (2016),Arrival,2020-10-12,8.0,TV-14::(TV Rating),Arrival (2016).m4v,/media/daveg/Lib/Movies/Arrival (2016).m4v
2582782,1,.m4v,H264,404p,29.97,2.25,01:42,None,-,NO,2020-09-20 03:14,Hell or High Water (2016),Hell or High Water,2017-01-19,8.0,R,Hell or High Water (2016).m4v,/media/daveg/Lib/Movies/Hell or High Water (2016).m4v
435761,1,.m4v,H264,404p,29.97,2.24,01:43,None,-,NO,2020-10-13 06:28,Toy Story 3 (2010),Toy Story 3,,10.0,G::(certificate#46302),Toy Story 3 (2010).m4v,/media/daveg/Lib/Movies/Toy Story 3 (2010).m4v
60908,1,.m4v,H264,480p,29.97,2.24,01:42,None,-,NO,2020-09-24 18:27,King of Hearts (1966),King of Hearts,,8.0,Not Rated,King of Hearts (1966).m4v,/media/daveg/Lib/Movies/King of Hearts (1966).m4v
1668200,1,.m4v,H264,364p,23.98,2.23,01:51,Bitmap,TRANSCODE,YES,2020-10-07 12:23,Sarah's Key (2010),Sarah's Key,,8.0,PG-13,Sarah's Key (2010).m4v,/media/daveg/Lib/Movies/Sarah's Key (2010).m4v
60196,1,.m4v,H264,368p,23.98,2.23,02:41,Text,DIRECT,YES,2026-09-09 19:19,"Good, the Bad and the Ugly, The (1966)","The Good, the Bad and the Ugly",2014-1-24,8.0,TV-14::(LV),"The Good, the Bad and the Ugly (1966).m4v","/media/daveg/Lib/Movies/The Good, the Bad and the Ugly (1966).m4v"
63688,1,.m4v,H264,404p,29.97,2.23,01:42,None,-,NO,2020-10-12 15:27,"Thomas Crown Affair, The (1968)",The Thomas Crown Affair,,9.0,TV-14,The Thomas Crown Affair (1968).m4v,/media/daveg/Lib/Movies/The Thomas Crown Affair (1968).m4v
3521126,1,.m4v,H264,404p,29.97,2.23,01:44,None,-,NO,2020-09-20 04:30,"Disaster Artist, The (2017)",The Disaster Artist,2018-03-31,8.0,R,The Disaster Artist (2017).m4v,/media/daveg/Lib/Movies/The Disaster Artist (2017).m4v
2294629,1,.m4v,H264,404p,29.97,2.23,01:42,None,-,NO,2020-09-18 06:08,Frozen (2013),Frozen,,8.0,TV-PG,Frozen (2013).m4v,/media/daveg/Lib/Movies/Frozen (2013).m4v
2376218,1,.m4v,H264,358p,23.98,2.22,01:35,Text,DIRECT,NO,2020-09-17 10:09,"Forger, The (2014)",The Forger,2015-10-06,8.0,R,The Forger (2014).m4v,/media/daveg/Lib/Movies/The Forger (2014).m4v
64116,1,.m4v,H264,368p,23.92,2.22,02:46,Text,DIRECT,YES,2026-09-09 23:24,Once Upon a Time in the West (1968),Once Upon a Time in the West,,10.0,M,Once Upon a Time in the West (1968).m4v,/media/daveg/Lib/Movies/Once Upon a Time in the West (1968).m4v
3606888,1,.m4v,H264,404p,29.97,2.22,01:43,None,-,NO,2020-10-11 19:55,"Street Cat Named Bob, A (2016)",A Street Cat Named Bob,2017-05-14,7.5,Not Rated,A Street Cat Named Bob (2016).m4v,/media/daveg/Lib/Movies/A Street Cat Named Bob (2016).m4v
8368512,1,.m4v,H264,404p,29.97,2.21,01:52,None,-,YES,2021-09-15 15:30,"Courier, The (2020)",The Courier,2022-06-08,8.5,PG-13,The Courier (2020).m4v,/media/daveg/Lib/Movies/The Courier (2020).m4v
14060094,1,.m4v,H264,356p,23.98,2.21,01:44,Bitmap,TRANSCODE,NO,2022-12-10 15:20,Blacklight (2022),Blacklight,2023-01-03,4.8,PG-13,Blacklight (2022).m4v,/media/daveg/Lib/Movies/Blacklight (2022).m4v
2639336,1,.m4v,H264,356p,23.98,2.20,01:38,Bitmap,TRANSCODE,NO,2020-10-19 14:10,Greta (2018),Greta,,6.0,R,Greta (2018).m4v,/media/daveg/Lib/Movies/Greta (2018).m4v
3623726,1,.m4v,H264,404p,29.97,2.20,01:41,None,-,NO,2020-10-06 19:27,Ricki and the Flash (2015),Ricki and the Flash,2016-01-09,8.0,PG-13,Ricki and the Flash (2015).m4v,/media/daveg/Lib/Movies/Ricki and the Flash (2015).m4v
266543,1,.m4v,H264,404p,29.97,2.20,01:40,None,-,NO,2020-09-20 04:32,Finding Nemo (2003),Finding Nemo,,8.0,TV-Y7,Finding Nemo (2003).m4v,/media/daveg/Lib/Movies/Finding Nemo (2003).m4v
6418778,1,.m4v,H264,404p,29.97,2.20,01:40,None,-,NO,2021-01-21 17:32,Fast Color (2018),Fast Color,2021-02-03,8.5,PG-13,Fast Color (2018).m4v,/media/daveg/Lib/Movies/Fast Color (2018).m4v
1976000,1,.m4v,H264,360p,23.98,2.19,01:36,Bitmap,TRANSCODE,NO,2020-10-13 19:50,"Two Faces of January, The (2014)",The Two Faces of January,2015-05-13,8.0,PG-13,The Two Faces of January (2014).m4v,/media/daveg/Lib/Movies/The Two Faces of January (2014).m4v
2911666,1,.m4v,H264,404p,29.97,2.19,01:41,None,-,NO,2020-09-24 03:50,John Wick (2014),John Wick,2020-02-26,8.0,TV-14::(DLV),John Wick (2014).m4v,/media/daveg/Lib/Movies/John Wick (2014).m4v
4210080,1,.m4v,H264,404p,29.97,2.19,01:41,None,-,NO,2020-09-20 04:30,"Confirmation, The (2016)",The Confirmation,2016-11-14,8.0,PG-13,The Confirmation (2016).m4v,/media/daveg/Lib/Movies/The Confirmation (2016).m4v
308644,1,.m4v,H264,480p,29.97,2.19,01:46,None,-,YES,2020-09-20 04:29,Finding Neverland (2004),Finding Neverland,,9.0,PG,Finding Neverland (2004).m4v,/media/daveg/Lib/Movies/Finding Neverland (2004).m4v
37382,1,.m4v,H264,480p,29.97,2.19,01:40,None,-,NO,2020-10-12 19:46,To Have and Have Not (1944),To Have and Have Not,,8.0,Passed::(National Board of Review),To Have and Have Not (1944).m4v,/media/daveg/Lib/Movies/To Have and Have Not (1944).m4v
4520364,1,.m4v,H264,362p,23.98,2.18,01:32,Text,DIRECT,NO,2020-10-02 09:47,Morgan (2016),Morgan,2017-06-08,7.5,R,Morgan (2016).m4v,/media/daveg/Lib/Movies/Morgan (2016).m4v
2404181,1,.m4v,H264,358p,23.98,2.17,01:40,Text,DIRECT,NO,2020-09-01 19:46,Belle (2013),Belle,2015-01-31,7.5,PG,Belle (2013).m4v,/media/daveg/Lib/Movies/Belle (2013).m4v
4721124,1,.m4v,H264,404p,29.97,2.17,01:47,None,-,YES,2020-09-19 18:51,"Exception, The (2016)",The Exception,2018-07-18,8.0,R,The Exception (2016).m4v,/media/daveg/Lib/Movies/The Exception (2016).m4v
11204094,1,.m4v,H264,356p,23.98,2.17,01:35,Bitmap,TRANSCODE,NO,2023-01-03 19:46,"Duke, The (2020)",The Duke,2023-02-13,6.9,R,The Duke (2020).m4v,/media/daveg/Lib/Movies/The Duke (2020).m4v
1600196,1,.m4v,H264,404p,29.97,2.16,01:46,None,-,YES,2020-09-20 04:30,"Drop, The (2014)",The Drop,2015-06-24,8.5,R,The Drop (2014).m4v,/media/daveg/Lib/Movies/The Drop (2014).m4v
2119383,1,.m4v,H264,372p,23.98,2.16,01:30,None,-,NO,2020-08-31 03:12,As High as the Sky (2012),As High as the Sky,,8.0,Not Rated,As High as the Sky (2012).m4v,/media/daveg/Lib/Movies/As High as the Sky (2012).m4v
119643,1,.m4v,H264,462p,23.98,2.16,02:58,SRT,DIRECT,YES,2026-09-09 23:04,Meet Joe Black (1998),Meet Joe Black,2021-01-05,9.0,PG-13,Meet Joe Black (1998).m4v,/media/daveg/Lib/Movies/Meet Joe Black (1998).m4v
1691916,1,.m4v,H264,356p,23.98,2.14,01:38,Bitmap,TRANSCODE,NO,2020-12-31 15:53,Before I Fall (2017),Before I Fall,2021-01-20,9.0,PG-13,Before I Fall (2017).m4v,/media/daveg/Lib/Movies/Before I Fall (2017).m4v
6499752,1,.m4v,H264,356p,23.98,2.14,01:40,Bitmap,TRANSCODE,NO,2020-10-13 22:13,Upgrade (2018),Upgrade,2018-12-08,8.0,R,Upgrade (2018).m4v,/media/daveg/Lib/Movies/Upgrade (2018).m4v
3522806,1,.m4v,H264,404p,29.97,2.14,01:38,None,-,NO,2020-10-02 03:52,Mechanic: Resurrection (2016),Mechanic: Resurrection,2017-03-19,5.6,R,Mechanic- Resurrection (2016).m4v,/media/daveg/Lib/Movies/Mechanic- Resurrection (2016).m4v
7888964,1,.m4v,H264,356p,23.98,2.13,01:32,Bitmap,TRANSCODE,NO,2021-09-11 12:09,Nobody (2021),Nobody,2021-09-20,9.0,R,Nobody (2021).m4v,/media/daveg/Lib/Movies/Nobody (2021).m4v
5607096,1,.m4v,H264,404p,29.97,2.12,01:37,None,-,NO,2020-09-24 18:27,"Juliet, Naked (2018)","Juliet, Naked",2019-10-18,7.5,R,"Juliet, Naked (2018).m4v","/media/daveg/Lib/Movies/Juliet, Naked (2018).m4v"
80031,1,.m4v,H264,404p,29.97,2.12,01:38,None,-,NO,2020-10-12 20:10,Tom Horn (1980),Tom Horn,,8.0,R,Tom Horn (1980).m4v,/media/daveg/Lib/Movies/Tom Horn (1980).m4v
470752,1,.m4v,H264,356p,23.98,2.11,01:48,Text,DIRECT,YES,2020-09-14 19:10,Ex Machina (2015),Ex Machina,2015-11-22,9.0,R,Ex Machina (2015).m4v,/media/daveg/Lib/Movies/Ex Machina (2015).m4v
46998,1,.m4v,H264,480p,29.97,2.11,01:42,SRT,DIRECT,YES,2026-09-09 23:58,French Cancan (1955),French Cancan,,7.4,Not Rated,French Cancan (1955).m4v,/media/daveg/Lib/Movies/French Cancan (1955).m4v
3531824,1,.m4v,H264,404p,29.97,2.10,01:36,None,-,NO,2020-10-03 09:01,Nerve (2016),Nerve,2017-06-20,8.5,PG-13,Nerve (2016).m4v,/media/daveg/Lib/Movies/Nerve (2016).m4v
414993,1,.m4v,H264,480p,29.97,2.10,01:37,None,-,NO,2020-12-23 19:14,"Fountain, The (2006)",The Fountain,2020-12-27,8.0,PG-13,The Fountain (2006).m4v,/media/daveg/Lib/Movies/The Fountain (2006).m4v
40369,1,.m4v,H264,480p,23.98,2.08,02:08,Text,DIRECT,YES,2026-09-09 21:52,Fort Apache (1948),Fort Apache,,10.0,Passed::(National Board of Review),Fort Apache (1948).m4v,/media/daveg/Lib/Movies/Fort Apache (1948).m4v
37824,1,.m4v,H264,480p,29.97,2.08,01:43,None,-,YES,2026-09-09 19:34,"Ivan the Terrible, Part I (1944)","Ivan the Terrible, Part I",,7.8,Not Rated,"Ivan the Terrible, Part I (1944).m4v","/media/daveg/Lib/Movies/Ivan the Terrible, Part I (1944).m4v"
4364194,1,.m4v,H264,404p,29.97,2.08,01:37,None,-,NO,2020-09-19 18:50,"Peanut Butter Falcon, The (2019)",The Peanut Butter Falcon,2020-03-19,8.0,PG-13,The Peanut Butter Falcon (2019).m4v,/media/daveg/Lib/Movies/The Peanut Butter Falcon (2019).m4v
2096673,1,.m4v,H264,404p,29.97,2.07,01:35,None,-,NO,2020-09-22 10:22,Inside Out (2015),Inside Out,2018-11-30,9.5,TV-G,Inside Out (2015).m4v,/media/daveg/Lib/Movies/Inside Out (2015).m4v
3746250,1,.m4v,H264,404p,29.97,2.06,01:36,None,-,NO,2020-10-01 18:01,Sherpa (2015),Sherpa,,7.7,Not Rated,Sherpa (2015).m4v,/media/daveg/Lib/Movies/Sherpa (2015).m4v
7014006,1,.m4v,H264,404p,29.97,2.05,01:33,None,-,NO,2021-09-15 16:05,Eighth Grade (2018),Eighth Grade,2021-09-29,8.0,TV-PG::(LS),Eighth Grade (2018).m4v,/media/daveg/Lib/Movies/Eighth Grade (2018).m4v
2287170,1,.m4v,H264,356p,23.98,2.04,01:51,None,-,YES,2020-09-29 15:35,Man from Reno (2014),Man from Reno,2020-05-09,8.5,Not Rated,Man from Reno (2014).m4v,/media/daveg/Lib/Movies/Man from Reno (2014).m4v
4925292,1,.m4v,H264,404p,29.97,2.04,01:34,None,-,NO,2020-09-27 11:43,Lady Bird (2017),Lady Bird,2018-03-21,8.5,R,Lady Bird (2017).m4v,/media/daveg/Lib/Movies/Lady Bird (2017).m4v
4799066,1,.m4v,H264,360p,23.98,2.03,01:31,Bitmap,TRANSCODE,NO,2020-09-30 22:39,Midnight Sun (2018),Midnight Sun,2018-12-17,8.0,PG-13,Midnight Sun (2018).m4v,/media/daveg/Lib/Movies/Midnight Sun (2018).m4v
1838556,1,.m4v,H264,356p,23.98,2.03,01:39,Bitmap,TRANSCODE,YES,2021-03-30 19:29,Honest Thief (2020),Honest Thief,2021-04-02,8.0,PG-13,Honest Thief (2020).m4v,/media/daveg/Lib/Movies/Honest Thief (2020).m4v
86423,1,.m4v,H264,404p,29.97,2.02,01:32,None,-,NO,2020-10-12 08:44,Tender Mercies (1983),Tender Mercies,2018-10-01,7.5,PG,Tender Mercies (1983).m4v,/media/daveg/Lib/Movies/Tender Mercies (1983).m4v
10742054,1,.m4v,H264,480p,29.97,2.01,01:34,Text,DIRECT,NO,2026-09-09 22:26,Everest: 50 Years on the Mountain (2003),Everest: 50 Years on the Mountain,,7.9,NR,Everest- 50 Years on the Mountain (2003).m4v,/media/daveg/Lib/Movies/Everest- 50 Years on the Mountain (2003).m4v
375986,1,.m4v,H264,480p,23.98,2.01,03:00,Text,DIRECT,YES,2026-09-09 23:13,Mother Teresa (2003),Mother Teresa,,8.0,NR,Mother Teresa (2003).m4v,/media/daveg/Lib/Movies/Mother Teresa (2003).m4v
6911608,1,.m4v,H264,356p,23.98,2.01,01:54,Bitmap,TRANSCODE,YES,2020-09-29 15:33,Mamma Mia! Here We Go Again (2018),Mamma Mia! Here We Go Again,2019-08-30,6.7,PG-13,Mamma Mia! Here We Go Again (2018).m4v,/media/daveg/Lib/Movies/Mamma Mia! Here We Go Again (2018).m4v
280778,1,.m4v,H264,404p,29.97,2.00,01:31,None,-,NO,2020-09-22 21:22,Iris (2001),Iris,,8.0,R,Iris (2001).m4v,/media/daveg/Lib/Movies/Iris (2001).m4v
12711948,1,.m4v,H264,358p,23.98,1.99,-,Bitmap,TRANSCODE,YES,2023-02-27 12:12,Every Breath You Take (2021),Every Breath You Take,2023-03-21,5.3,NR,Every Breath You Take (2021).m4v,/media/daveg/Lib/Movies/Every Breath You Take (2021).m4v
22879,1,.m4v,H264,480p,29.97,1.99,01:20,None,-,NO,2020-09-15 10:43,"Farewell to Arms, A (1932)",A Farewell to Arms,,8.0,Unrated::(MPPDA rating),A Farewell to Arms (1932).m4v,/media/daveg/Lib/Movies/A Farewell to Arms (1932).m4v
73486,1,.m4v,H264,480p,24,1.96,02:13,Text,DIRECT,YES,2026-09-09 18:25,One Flew Over the Cuckoo's Nest (1975),One Flew Over the Cuckoo's Nest,,8.0,TV-14::(DLSV),One Flew Over the Cuckoo's Nest (1975).m4v,/media/daveg/Lib/Movies/One Flew Over the Cuckoo's Nest (1975).m4v
1285016,1,.m4v,H264,354p,23.98,1.95,02:00,Bitmap,TRANSCODE,YES,2020-10-08 18:32,"Social Network, The (2010)",The Social Network,,10.0,TV-14,The Social Network (2010).m4v,/media/daveg/Lib/Movies/The Social Network (2010).m4v
2461520,1,.m4v,H264,404p,29.97,1.95,01:30,None,-,NO,2020-09-29 20:42,Man Down (2015),Man Down,2017-12-17,7.5,R,Man Down (2015).m4v,/media/daveg/Lib/Movies/Man Down (2015).m4v
19254,1,.m4v,H264,478p,24.20,1.93,01:50,SRT,DIRECT,YES,2026-09-10 03:51,"Passion of Joan of Arc, The (1928)",The Passion of Joan of Arc,,8.0,Passed::(National Board of Review),The Passion of Joan of Arc (1928).m4v,/media/daveg/Lib/Movies/The Passion of Joan of Arc (1928).m4v
49730,1,.m4v,H264,480p,47.95,1.93,01:59,Text,DIRECT,YES,2026-09-09 22:35,"Searchers, The (1956)",The Searchers,,10.0,Passed::(National Board of Review),The Searchers (1956).m4v,/media/daveg/Lib/Movies/The Searchers (1956).m4v
7137846,1,.m4v,H264,356p,23.98,1.92,01:28,Bitmap,TRANSCODE,NO,2020-09-04 06:40,Breaking In (2018),Breaking In,2018-12-08,7.5,PG-13,Breaking In (2018).m4v,/media/daveg/Lib/Movies/Breaking In (2018).m4v
61418,1,.m4v,H264,480p,23.98,1.91,01:51,Text,DIRECT,YES,2026-09-09 20:09,Bonnie and Clyde (1967),Bonnie and Clyde,,8.0,TV-14,Bonnie and Clyde (1967).m4v,/media/daveg/Lib/Movies/Bonnie and Clyde (1967).m4v
36613,1,.m4v,H264,480p,23.98,1.89,01:58,Text,DIRECT,YES,2026-09-09 21:31,Arsenic and Old Lace (1944),Arsenic and Old Lace,,9.0,Not Rated,Arsenic and Old Lace (1944).m4v,/media/daveg/Lib/Movies/Arsenic and Old Lace (1944).m4v
55871,1,.m4v,H264,480p,23.98,1.89,02:20,Text,DIRECT,YES,2026-09-09 23:42,"Counterfeit Traitor, The (1962)",The Counterfeit Traitor,2018-08-09,8.0,Not Rated,The Counterfeit Traitor (1962).m4v,/media/daveg/Lib/Movies/The Counterfeit Traitor (1962).m4v
58331,1,.mkv,H264,720p,60,1.89,02:19,None,-,YES,2023-06-14 21:16,Mary Poppins (1964),Mary Poppins,,7.8,TV-G,Mary Poppins (1964).mkv,/media/daveg/Lib/Movies/Mary Poppins (1964).mkv
1745686,4,.m4v,H264,404p,29.97,1.88,01:48,None,-,NO,2020-10-14 09:44,"Wall, The (2012)",The Wall,2025-01-22,7.5,Not Rated,The Wall (2017).m4v,/media/daveg/Lib/Movies/The Wall (2017).m4v
4218696,1,.m4v,H264,404p,29.97,1.88,01:28,None,-,NO,2020-10-14 09:44,"Wall, The (2017)",The Wall,2018-08-30,7.5,R,The Wall (2017).m4v,/media/daveg/Lib/Movies/The Wall (2017).m4v
79477,1,.m4v,H264,362p,23.98,1.88,01:50,Text,DIRECT,YES,2026-09-09 22:00,"Little Romance, A (1979)",A Little Romance,2017-02-11,7.5,PG::(certificate # 25563),A Little Romance (1979).m4v,/media/daveg/Lib/Movies/A Little Romance (1979).m4v
65112,1,.m4v,H264,460p,23.98,1.86,02:23,SRT,DIRECT,YES,2026-09-10 04:35,Topaz (1969),Topaz,,9.0,TV-G::(TV rating),Topaz (1969).m4v,/media/daveg/Lib/Movies/Topaz (1969).m4v
28691,1,.m4v,H264,480p,23.98,1.86,01:57,Text,DIRECT,YES,2026-09-10 03:16,Captains Courageous (1937),Captains Courageous,,9.0,TV-G,Captains Courageous (1937).m4v,/media/daveg/Lib/Movies/Captains Courageous (1937).m4v
5153288,1,.m4v,H264,404p,29.97,1.85,01:48,None,-,YES,2020-09-20 04:30,Backstabbing for Beginners (2018),Backstabbing for Beginners,2019-01-29,7.5,R,Backstabbing for Beginners (2018).m4v,/media/daveg/Lib/Movies/Backstabbing for Beginners (2018).m4v
163025,1,.m4v,H264,404p,29.97,1.85,01:32,None,-,YES,2020-09-24 18:27,Jurassic Park III (2001),Jurassic Park III,,8.0,PG-13,Jurassic Park III (2001).m4v,/media/daveg/Lib/Movies/Jurassic Park III (2001).m4v
89530,1,.m4v,H264,480p,23.98,1.85,01:47,Text,DIRECT,YES,2026-09-09 13:08,Mad Max Beyond Thunderdome (1985),Mad Max Beyond Thunderdome,,7.0,PG-13,Mad Max Beyond Thunderdome (1985).m4v,/media/daveg/Lib/Movies/Mad Max Beyond Thunderdome (1985).m4v
6820256,1,.m4v,H264,356p,23.98,1.85,01:38,Bitmap,TRANSCODE,YES,2020-08-30 19:18,Arctic (2018),Arctic,2020-01-20,8.0,PG-13,Arctic (2018).m4v,/media/daveg/Lib/Movies/Arctic (2018).m4v
69762,1,.m4v,H264,480p,23.98,1.81,01:34,Text,DIRECT,YES,2026-09-09 20:17,Badlands (1973),Badlands,2021-10-16,8.0,PG,Badlands (1973).m4v,/media/daveg/Lib/Movies/Badlands (1973).m4v
58672,1,.m4v,H264,480p,23.98,1.81,02:00,None,-,YES,2026-09-10 03:35,Topkapi (1964),Topkapi,,7.0,Unrated,Topkapi (1964).m4v,/media/daveg/Lib/Movies/Topkapi (1964).m4v
60176,1,.m4v,H264,480p,23.98,1.80,01:51,Text,DIRECT,YES,2026-09-09 22:17,Blow-Up (1966),Blow-Up,2015-06-17,8.0,Not Rated,Blow-Up (1966).m4v,/media/daveg/Lib/Movies/Blow-Up (1966).m4v
93058,1,.m4v,H264,480p,47.95,1.80,01:56,Text,DIRECT,YES,2026-09-10 03:43,Full Metal Jacket (1987),Full Metal Jacket,,8.5,"TV-14::(DLSV, TV Rating.)",Full Metal Jacket (1987).m4v,/media/daveg/Lib/Movies/Full Metal Jacket (1987).m4v
50212,1,.m4v,H264,404p,29.97,1.78,02:41,None,-,YES,2022-01-28 22:08,"Bridge on the River Kwai, The (1957)",The Bridge on the River Kwai,2022-02-03,8.1,TV-PG::(TV rating),The Bridge on the River Kwai (1957) Part 1.m4v,/media/daveg/Lib/Movies/The Bridge on the River Kwai (1957) Part 1.m4v
34742,1,.m4v,H264,480p,23.98,1.77,01:42,Text,DIRECT,YES,2026-09-09 22:44,Flying Tigers (1942),Flying Tigers,,6.8,Approved,Flying Tigers (1942).m4v,/media/daveg/Lib/Movies/Flying Tigers (1942).m4v
80801,1,.m4v,H264,362p,23.98,1.76,01:49,Text,DIRECT,YES,2026-09-09 11:23,"Gods Must Be Crazy, The (1980)",The Gods Must Be Crazy,,8.0,TV-MA::(LV),The Gods Must Be Crazy (1980).m4v,/media/daveg/Lib/Movies/The Gods Must Be Crazy (1980).m4v
428803,1,.m4v,H264,404p,29.97,1.74,01:20,None,-,NO,2020-09-30 08:47,March of the Penguins (2005),March of the Penguins,,10.0,G,March of the Penguins (2005).m4v,/media/daveg/Lib/Movies/March of the Penguins (2005).m4v
61747,1,.m4v,H264,480p,47.95,1.73,01:54,Text,DIRECT,YES,2026-09-10 04:18,Hang 'Em High (1968),Hang 'Em High,,8.0,"TV-14::(V, TV Rating.)",Hang 'Em High (1968).m4v,/media/daveg/Lib/Movies/Hang 'Em High (1968).m4v
15398776,1,.mp4,H264,404p,29.97,1.68,03:00,None,-,YES,2024-04-08 15:55,Oppenheimer (2023),Oppenheimer,2024-04-10,9.0,R,Oppenheimer (2023).mp4,/media/daveg/Lib/Movies/Oppenheimer (2023).mp4
101889,1,.m4v,H264,462p,29.97,1.67,02:17,Text,DIRECT,YES,2026-09-09 20:27,"Fisher King, The (1991)",The Fisher King,,8.0,"TV-14::(DLSV, TV Rating.)",The Fisher King (1991).m4v,/media/daveg/Lib/Movies/The Fisher King (1991).m4v
11563598,4,.mp4,H264,900p,29.97,1.66,02:21,None,-,YES,2025-04-05 17:00,"Complete Unknown, A (2024)",A Complete Unknown,2025-04-05,10.0,R::(cert#55225),A Complete Unknown (2024).mp4,/media/daveg/Lib/Movies/A Complete Unknown (2024).mp4
460522,1,.m4v,H264,478p,29.97,1.66,00:51,None,-,NO,2020-10-04 08:49,"Occurrence at Owl Creek Bridge, An (2005)",An Occurrence at Owl Creek Bridge,,8.0,NR,An Occurrence at Owl Creek Bridge (2005).m4v,/media/daveg/Lib/Movies/An Occurrence at Owl Creek Bridge (2005).m4v
85334,1,.m4v,H264,480p,23.98,1.65,01:33,Text,DIRECT,YES,2026-09-09 22:08,"Christmas Story, A (1983)",A Christmas Story,2024-01-24,7.9,TV-PG::(TV rating),A Christmas Story (1983).m4v,/media/daveg/Lib/Movies/Christmas/A Christmas Story (1983).m4v
899043,4,.mp4,H264,1080p,29.97,1.63,-,None,-,YES,2025-08-19 18:54,"Amateur, The (2025)",The Amateur,2025-09-03,8.0,NR,The Amateur (2025).mp4,/media/daveg/Lib/Movies/The Amateur (2025).mp4
67116,1,.m4v,H264,468p,23.98,1.63,01:44,Text,DIRECT,YES,2026-09-10 04:09,"French Connection, The (1971)",The French Connection,,10.0,TV-MA::(LV),The French Connection (1971).m4v,/media/daveg/Lib/Movies/The French Connection (1971).m4v
31909270,4,.mp4,H264,900p,29.97,1.63,01:50,None,-,YES,2025-12-30 18:27,Swiped (2025),Swiped,,0.0,TV-MA,Swiped (2025).mp4,/media/daveg/Lib/Movies/Swiped (2025).mp4
2467442,1,.m4v,H264,404p,29.97,1.62,01:15,None,-,NO,2020-10-13 15:53,K2: Siren of the Himalayas (2012),K2: Siren of the Himalayas,2020-10-14,7.5,Not Rated,K2- Siren of the Himalayas (2012).m4v,/media/daveg/Lib/Movies/K2- Siren of the Himalayas (2012).m4v
95765,1,.mp4,H264,404p,29.97,1.62,02:54,None,-,YES,2024-10-04 18:30,Cinema Paradiso (1988),Cinema Paradiso,,10.0,PG,Cinema Paradiso (1988).mp4,/media/daveg/Lib/Movies/Cinema Paradiso (1988).mp4
311289,4,.mkv,H264,720p,60,1.62,01:57,None,-,YES,2023-06-15 09:17,Holes (2003),Holes,2023-10-30,7.0,TV-PG::(LV),Holes (2003).mkv,/media/daveg/Lib/Movies/Holes (2003).mkv
39566,1,.m4v,H264,468p,29.97,1.61,01:58,None,-,YES,2026-09-09 21:42,Life with Father (1947),Life with Father,,7.2,Passed::(National Board of Review),Life With Father (1947).m4v,/media/daveg/Lib/Movies/Life With Father (1947).m4v
88272,1,.m4v,H264,480p,47.95,1.60,01:54,Text,DIRECT,YES,2026-09-09 23:32,Tightrope (1984),Tightrope,2023-11-14,8.0,TV-14::(LSV),Tightrope (1984).m4v,/media/daveg/Lib/Movies/Tightrope (1984).m4v
10366206,1,.mp4,H264,404p,29.97,1.59,02:49,None,-,YES,2023-10-15 10:36,John Wick: Chapter 4 (2023),John Wick: Chapter 4,2023-12-06,9.5,R,John Wick- Chapter 4 (2023).mp4,/media/daveg/Lib/Movies/John Wick- Chapter 4 (2023).mp4
95631,1,.m4v,H264,460p,23.98,1.57,02:06,SRT,DIRECT,YES,2026-09-10 03:25,Midnight Run (1988),Midnight Run,,10.0,R,Midnight Run (1988).m4v,/media/daveg/Lib/Movies/Midnight Run (1988).m4v
15239678,4,.mp4,H264,404p,29.97,1.56,02:46,None,-,YES,2025-10-03 23:46,Dune- Part Two (2024),Dune- Part Two,2025-01-01,9.0,PG-13,Dune Part Two (2024).mp4,/media/daveg/Lib/Movies/Dune Part Two (2024).mp4
9603212,1,.mp4,H264,404p,29.97,1.53,02:43,None,-,YES,2024-01-13 18:03,Mission: Impossible - Dead Reckoning Part One (2023),Mission: Impossible - Dead Reckoning Part One,,7.7,PG-13,Mission- Impossible - Dead Reckoning Part One (2023).mp4,/media/daveg/Lib/Movies/Mission- Impossible - Dead Reckoning Part One (2023).mp4
9114286,1,.mp4,H264,404p,29.97,1.51,02:41,None,-,YES,2023-04-27 05:14,Black Panther: Wakanda Forever (2022),Black Panther: Wakanda Forever,2023-04-29,7.5,12,Black Panther- Wakanda Forever (2022).mp4,/media/daveg/Lib/Movies/Black Panther- Wakanda Forever (2022).mp4
125659,1,.m4v,H264,480p,23.98,1.48,01:59,SRT,DIRECT,YES,2026-09-09 22:53,Open Your Eyes (1997),Open Your Eyes,,9.0,R,Open Your Eyes (1997).m4v,/media/daveg/Lib/Movies/Open Your Eyes (1997).m4v
373889,1,.m4v,H264,404p,29.97,1.47,02:18,None,-,YES,2020-09-16 18:14,Harry Potter and the Order of the Phoenix (2007),Harry Potter and the Order of the Phoenix,,10.0,PG-13,Harry Potter and the Order of the Phoenix (2007).m4v,/media/daveg/Lib/Movies/Harry Potter/Harry Potter and the Order of the Phoenix (2007).m4v
1160419,1,.mp4,H264,404p,29.97,1.46,02:35,None,-,YES,2022-02-12 13:05,Dune (2021),Dune,2022-04-01,8.5,TV-14::(Adult Swim TV Rating),Dune (2021).mp4,/media/daveg/Lib/Movies/Dune (2021).mp4
109279,1,.m4v,H264,480p,47.95,1.43,01:28,Text,DIRECT,YES,2026-09-09 23:49,Black Beauty (1994),Black Beauty,,6.6,G,Black Beauty (1994).m4v,/media/daveg/Lib/Movies/Black Beauty (1994).m4v
14208870,1,.mp4,H264,404p,29.97,1.41,02:31,None,-,YES,2023-04-29 12:39,"Fabelmans, The (2022)",The Fabelmans,2023-05-08,9.5,PG-13,The Fabelmans (2022).mp4,/media/daveg/Lib/Movies/The Fabelmans (2022).mp4
42367,1,.m4v,H264,480p,24.29,1.41,01:53,None,-,YES,2026-09-09 21:01,Cyrano de Bergerac (1950),Cyrano de Bergerac,,10.0,Not Rated,Cyrano de Bergerac (1950).m4v,/media/daveg/Lib/Movies/Cyrano de Bergerac (1950).m4v
292963,1,.mkv,H264,720p,60,1.41,01:57,None,-,YES,2023-05-27 21:01,Before the Devil Knows You're Dead (2007),Before the Devil Knows You're Dead,,7.3,R,Before the Devil Knows You're Dead (2007).mkv,/media/daveg/Lib/Movies/Before the Devil Knows You're Dead (2007).mkv
7322224,1,.mp4,H264,404p,29.97,1.38,02:27,None,-,YES,2023-05-13 12:32,Triangle of Sadness (2022),Triangle of Sadness,2024-01-23,7.5,R,Triangle of Sadness (2022).mp4,/media/daveg/Lib/Movies/Triangle of Sadness (2022).mp4
1016150,1,.mp4,H264,404p,29.97,1.38,02:28,None,-,YES,2023-06-22 14:14,All Quiet on the Western Front (2022),All Quiet on the Western Front,2023-06-22,9.0,R::(cert#53809),All Quiet on the Western Front (2022).mp4,/media/daveg/Lib/Movies/All Quiet on the Western Front (2022).mp4
17009710,4,.mp4,H264,900p,29.97,1.35,02:31,None,-,YES,2024-03-29 12:56,Anatomy of a Fall (2023),Anatomy of a Fall,2024-04-06,8.0,R,Anatomy of a Fall (2023).mp4,/media/daveg/Lib/Movies/Anatomy of a Fall (2023).mp4
7090140,1,.mkv,H264,900p,60,1.35,01:36,None,-,YES,2023-05-21 13:00,Coda (2019),Coda,2021-11-18,7.0,Not Rated,CODA (2022).mkv,/media/daveg/Lib/Movies/CODA (2022).mkv
10366460,1,.mkv,H264,900p,60,1.35,01:51,None,-,YES,2023-05-21 13:00,CODA (2022),CODA,2022-06-08,9.5,PG-13,CODA (2022).mkv,/media/daveg/Lib/Movies/CODA (2022).mkv
27652,1,.m4v,H264,480p,23.98,1.33,01:32,Text,DIRECT,YES,2026-09-10 04:25,Fury (1936),Fury,,9.0,Not Rated::(DVD Rating),Fury (1936).m4v,/media/daveg/Lib/Movies/Fury (1936).m4v
15326988,1,.mkv,H264,720p,60,1.32,01:56,None,-,YES,2023-05-25 06:59,Ghosted (2023),Ghosted,2023-009-06,7.5,TV-14::(TV Rating),Ghosted (2023).mkv,/media/daveg/Lib/Movies/Ghosted (2023).mkv
8772262,4,.mp4,H264,1080p,29.97,1.24,02:28,None,-,YES,2025-01-14 16:52,Midsommar (2019),Midsommar,,7.1,"TV-MA::(LSV, TV rating)",Midsommar (2019).mp4,/media/daveg/Lib/Movies/Midsommar (2019).mp4
5302918,4,.mp4,H264,900p,29.97,1.23,02:01,None,-,YES,2024-02-24 23:24,Nyad (2023),Nyad,2024-03-01,8.0,PG-13::(certificate#54425),Nyad (2023).mp4,/media/daveg/Lib/Movies/Nyad (2023).mp4
102803,1,.mp4,H264,720p,60,1.23,01:48,None,-,YES,2023-06-18 13:07,"Rocketeer, The (1991)",The Rocketeer,2021-06-05,6.5,PG,The Rocketeer (1991).mp4,/media/daveg/Lib/Movies/The Rocketeer (1991).mp4
70666,4,.mp4,H264,404p,29.97,1.22,02:10,None,-,YES,2026-01-13 15:58,Serpico (1973),Serpico,,7.7,R,Serpico (1973).mp4,/media/daveg/Lib/Movies/Serpico (1973).mp4
10655524,4,.mp4,H264,404p,29.97,1.22,02:10,None,-,YES,2025-12-09 16:25,It Ends with Us (2024),It Ends with Us,2025-12-26,8.0,PG-13,It Ends With Us (2024).mp4,/media/daveg/Lib/Movies/It Ends With Us (2024).mp4
96438,1,.mkv,H264,720p,60,1.22,01:44,None,-,YES,2023-06-11 08:12,Who Framed Roger Rabbit (1988),Who Framed Roger Rabbit,,7.7,TV-14,Who Framed Roger Rabbit (1988).mkv,/media/daveg/Lib/Movies/Who Framed Roger Rabbit (1988).mkv
3758542,4,.mp4,H264,404p,29.97,1.21,02:10,None,-,YES,2024-04-20 04:47,Ferrari (2023),Ferrari,2024-04-21,7.5,R,Ferrari (2023).mp4,/media/daveg/Lib/Movies/Ferrari (2023).mp4
120655,4,.mp4,H264,480p,29.97,1.20,02:10,None,-,YES,2026-02-02 14:48,Dogma (1999),Dogma,,0.0,R,Dogma (1999).mp4,/media/daveg/Lib/Movies/Dogma (1999).mp4
6263850,4,.mp4,H264,404p,29.97,1.19,02:08,None,-,YES,2025-01-29 15:30,Deadpool & Wolverine (2024),Deadpool & Wolverine,2025-05-01,6.0,"18+::(Rated R for strong sexual content, language and a scene of violence)",Deadpool & Wolverine (2024).mp4,/media/daveg/Lib/Movies/Deadpool & Wolverine (2024).mp4
7405458,1,.mp4,H264,404p,29.97,1.18,02:06,None,-,YES,2023-05-31 04:22,"Man Called Otto, A (2022)",A Man Called Otto,2023-06-18,8.0,PG-13,A Man Called Otto (2022).mp4,/media/daveg/Lib/Movies/A Man Called Otto (2022).mp4
1028576,4,.mkv,H264,720p,60,1.18,02:03,None,-,YES,2023-06-15 06:44,Secretariat (2010),Secretariat,2023-09-17,8.0,PG,Secretariat (2010).mkv,/media/daveg/Lib/Movies/Secretariat (2010).mkv
1684562,4,.mp4,H264,404p,29.97,1.17,02:06,None,-,YES,2024-08-26 14:10,"Fall Guy, The (2024)",The Fall Guy,2024-09-04,8.0,PG-13,The Fall Guy (2024).mp4,/media/daveg/Lib/Movies/The Fall Guy (2024).mp4
23289160,4,.mp4,H264,404p,29.97,1.17,02:04,None,-,YES,2025-12-18 18:56,Godzilla Minus One (2023),Godzilla Minus One,2025-12-26,5.0,PG-13,Godzilla Minus One (2023).mp4,/media/daveg/Lib/Movies/Godzilla Minus One (2023).mp4
1421383,4,.mp4,H264,404p,29.97,1.17,02:00,None,-,YES,2026-01-04 09:22,"Botany of Desire, The (2009)",The Botany of Desire,2026-02-22,7.5,TV-14,Botany of Desire (2009).mp4,/media/daveg/Lib/Movies/Botany of Desire (2009).mp4
1856080,4,.mp4,H264,900p,29.97,1.17,02:03,None,-,YES,2024-06-16 08:28,"Boys in the Boat, The (2023)",The Boys in the Boat,2024-07-03,8.0,PG-13,The Boys in the Boat (2023).mp4,/media/daveg/Lib/Movies/The Boys in the Boat (2023).mp4
30144839,4,.mp4,H264,900p,29.97,1.15,02:41,None,-,YES,2026-01-24 18:14,One Battle After Another (2025),One Battle After Another,2026-02-22,5.0,R,One Battle After Another (2025).mp4,/media/daveg/Lib/Movies/One Battle After Another (2025).mp4
8356942,4,.mp4,H264,404p,29.97,1.15,02:02,None,-,YES,2025-11-14 16:31,"355, The (2022)",The 355,2025-10-20,8.0,PG-13,The 355 (2022).mp4,/media/daveg/Lib/Movies/The 355 (2022).mp4
381849,1,.mp4,H264,404p,29.97,1.15,02:02,None,-,YES,2022-06-16 12:28,3:10 to Yuma (2007),3:10 to Yuma,2023-11-14,7.7,TV-14,3-10 to Yuma (2007).mp4,/media/daveg/Lib/Movies/3-10 to Yuma (2007).mp4
1060277,0,.mkv,H264,720p,60,1.15,01:25,None,-,YES,2023-05-25 08:25,Cloverfield (2008),Cloverfield,2024-01-24,7.0,PG-13,Cloverfield (2008).mkv,/media/daveg/Lib/Movies/Cloverfield (2008).mkv
70047,1,.mp4,H264,404p,29.97,1.14,02:02,None,-,YES,2024-03-22 05:48,"Exorcist, The (1973)",The Exorcist,  ,8.1,TV-14,The Exorcist (1973) pt1.mp4,/media/daveg/Lib/Movies/The Exorcist (1973) pt1.mp4
11866324,1,.mkv,H264,720p,60,1.14,01:40,None,-,YES,2023-05-26 15:37,Prey (2022),Prey,2021-03-04,8.0,R::(cert#53786),Prey (2022).mkv,/media/daveg/Lib/Movies/Prey (2022).mkv
21261712,1,.mp4,H264,404p,29.97,1.14,02:02,None,-,YES,2024-09-10 05:51,Back to Black (2024),Back to Black,2024-09-21,8.0,R,Back to Black (2024).mp4,/media/daveg/Lib/Movies/Back to Black (2024).mp4
2032572,1,.mp4,H264,404p,29.97,1.14,02:08,None,-,YES,2024-07-20 15:52,USS Indianapolis- Men of Courage (2016),USS Indianapolis- Men of Courage,2024-07-21,8.5,R,USS Indianapolis- Men of Courage (2016).mp4,/media/daveg/Lib/Movies/USS Indianapolis- Men of Courage (2016).mp4
399295,4,.mp4,H264,404p,29.97,1.14,02:02,None,-,YES,2026-05-01 16:00,Lord of War (2005),Lord of War,,7.6,R,Lord of War (2005).mp4,/media/daveg/Lib/Movies/Lord of War (2005).mp4
9214772,1,.mp4,H264,404p,29.97,1.13,02:01,None,-,YES,2024-07-15 16:47,Monkey Man (2024),Monkey Man,2024-09-25,4.0,R,Monkey Man ( 2024).mp4,/media/daveg/Lib/Movies/Monkey Man ( 2024).mp4
3359350,4,.mp4,H264,900p,29.97,1.12,02:01,None,-,YES,2024-03-22 23:03,Road House (2024),Road House,2024-04-01,7.5,R::(certificate#54619),Road House (2024).mp4,/media/daveg/Lib/Movies/Road House (2024).mp4
120586,4,.mp4,H264,404p,29.97,1.11,01:59,None,-,YES,2025-01-16 16:57,American History X (1998),American History X,2025-04-01,8.5,TV-MA::(IFC rating),American History X (1998).mp4,/media/daveg/Lib/Movies/American History X (1998).mp4
33729,1,.mp4,H264,480p,29.97,1.11,01:58,None,-,YES,2024-03-22 11:28,How Green Was My Valley (1941),How Green Was My Valley, ,7.7,Passed::(National Board of Review),How Green Was My Valley (1941).mp4,/media/daveg/Lib/Movies/How Green Was My Valley (1941).mp4
179098,1,.mp4,H264,404p,29.97,1.10,01:57,None,-,YES,2024-07-12 15:58,Moonlight Mile (2002),Moonlight Mile,2024-12-18,9.0,PG-13,Moonlight Mile (2002).mp4,/media/daveg/Lib/Movies/Moonlight Mile (2002).mp4
50026,1,.m4v,H264,472p,29.97,1.09,00:30,None,-,YES,2020-09-25 06:39,Hawkeye and the Last of the Mohicans (1957),Hawkeye and the Last of the Mohicans,,7.7,Approved,Hawkeye and the Last of the Mohicans (1957).m4v,/media/daveg/Lib/Movies/Hawkeye and the Last of the Mohicans (1957).m4v
34977131,4,.mp4,H264,900p,29.92,1.09,02:50,None,-,YES,2026-05-10 19:49,Mission Impossible - Final Reckoning (2025),Mission Impossible - Final Reckoning,2026-02-15,10.0,PG9-13,Mission Impossible - Final Reckoning (2025).mp4,/media/daveg/Lib/Movies/Mission Impossible - Final Reckoning (2025).mp4
90163,1,.mp4,H264,404p,29.97,1.08,01:52,None,-,YES,2024-05-15 13:45,Threads (1984),Threads, ,8.0,TV-MA,Threads (1984).mp4,/media/daveg/Lib/Movies/Threads (1984).mp4
21235248,4,.mp4,H264,404p,29.97,1.08,01:55,None,-,YES,2026-01-05 12:45,Ghostbusters- Frozen Empire (2024),Ghostbusters- Frozen Empire,2026-02-22,6.0,PG-13,Ghostbusters - Frozen Empire (2024).mp4,/media/daveg/Lib/Movies/Ghostbusters - Frozen Empire (2024).mp4
3861390,1,.mkv,H264,720p,60,1.08,01:52,None,-,YES,2023-06-15 23:47,Dumbo (2019),Dumbo,,6.3,PG,Dumbo (2019).mkv,/media/daveg/Lib/Movies/Dumbo (2019).mkv
32910,1,.mkv,H264,720p,60,1.08,01:28,None,-,YES,2023-06-14 22:57,Pinocchio (1940),Pinocchio,,7.5,Passed::(National Board of Review),Pinocchio (1940).mkv,/media/daveg/Lib/Movies/Pinocchio (1940).mkv
8333746,1,.mkv,H264,720p,60,1.08,02:05,None,-,YES,2023-06-14 22:57,Pinocchio (2019),Pinocchio,2021-12-23,7.5,PG-13,Pinocchio (1940).mkv,/media/daveg/Lib/Movies/Pinocchio (1940).mkv
20115766,4,.mp4,H264,404p,29.97,1.08,01:54,None,-,YES,2026-03-28 11:35,Knox Goes Away (2023),Knox Goes Away,2026-04-20,9.0,R,Knox Goes Away (2024).mp4,/media/daveg/Lib/Movies/Knox Goes Away (2024).mp4
947810,1,.mp4,H264,404p,29.97,1.07,01:55,None,-,YES,2025-06-14 15:58,Green Zone (2010),Green Zone,2025-06-14,8.0,R,Green Zone (2010).mp4,/media/daveg/Lib/Movies/Green Zone (2010).mp4
53291,1,.mp4,H264,900p,29.97,1.07,02:01,None,-,YES,2024-01-03 22:34,Some Like It Hot (1959),Some Like It Hot,,8.2,Passed::(National Board of Review),Some Like it Hot (1959).mp4,/media/daveg/Lib/Movies/Some Like it Hot (1959).mp4
10298810,0,.mkv,H264,720p,30,1.07,01:45,None,-,YES,2023-06-20 08:03,Lightyear (2022),Lightyear,2023-09-17,7.5,PG,Lightyear (2022).mkv,/media/daveg/Lib/Movies/Lightyear (2022).mkv
11813216,1,.mp4,H264,404p,29.97,1.07,01:54,None,-,YES,2023-05-08 12:35,"Banshees of Inisherin, The (2022)",The Banshees of Inisherin,2023-05-24,7.7,R,The Banshees of Inisherin (2022).mp4,/media/daveg/Lib/Movies/The Banshees of Inisherin (2022).mp4
19864802,4,.mp4,H264,404p,29.97,1.06,01:53,None,-,YES,2025-12-26 16:34,Land of Bad (2024),Land of Bad,2025-12-26,8.5,R,Land of Bad (2024).mp4,/media/daveg/Lib/Movies/Land of Bad (2024).mp4
21382296,4,.mp4,H264,1080p,29.97,1.06,01:59,None,-,YES,2025-01-05 10:53,Carry-On (2024),Carry-On,2025-01-05,9.0,PG-13::(cert#54279),Carry On (2024).mp4,/media/daveg/Lib/Movies/Carry On (2024).mp4
120780,4,.mp4,H264,1080p,29.97,1.06,-,None,-,YES,2025-08-18 15:31,Out of Sight (1998),Out of Sight,2025-08-24,8.5,NR,Out of Sight (1998).mp4,/media/daveg/Lib/Movies/Out of Sight (1998).mp4
14402146,"1, 4",.mp4,H264,404p,29.97,1.05,01:55,None,-,YES,2023-06-09 15:46,Empire of Light (2022),Empire of Light,2023-09-17,8.5,R,Empire of Light (2022).mp4,/media/daveg/Lib/Movies/Empire of Light (2022).mp4
10245106,1,.mp4,H264,404p,29.97,1.04,01:51,None,-,YES,2023-12-19 19:48,Dreamin' Wild (2022),Dreamin' Wild,,6.5,PG,Dreamin' Wild (2022).mp4,/media/daveg/Lib/Movies/Dreamin' Wild (2022).mp4
32138523,4,.mp4,H264,1080p,29.97,1.03,01:35,None,-,YES,2025-01-23 14:12,Avicii - I'm Tim (2024),Avicii - I'm Tim,2025-04-10,8.0,TV-MA,Avicii – I'm Tim (2024).mp4,/media/daveg/Lib/Movies/Avicii – I'm Tim (2024).mp4
120363,1,.mkv,H264,720p,30,1.02,01:32,None,-,YES,2023-06-18 15:59,Toy Story 2 (1999),Toy Story 2,2019-01-01,8.0,TV-PG::(V),Toy Story 2 (1999).mkv,/media/daveg/Lib/Movies/Toy Story 2 (1999).mkv
206634,1,.mp4,H264,480p,29.97,1.02,01:49,None,-,YES,2026-04-06 16:05,Children of Men (2006),Children of Men,,7.0,R,Children of Men (2006).mp4,/media/daveg/Lib/Movies/Children of Men (2006).mp4
119217,1,.mp4,H264,900p,29.97,1.01,02:06,None,-,YES,2024-02-17 23:27,Good Will Hunting (1997),Good Will Hunting,2024-02-17,10.0,R,Good Will Hunting (1997).mp4,/media/daveg/Lib/Movies/Good Will Hunting (1997).mp4
2349144,1,.mp4,H264,404p,29.97,1.01,01:48,None,-,YES,2024-07-15 16:08,Mississippi Grind (2015),Mississippi Grind,,6.4,R,Mississippi Grind (2015).mp4,/media/daveg/Lib/Movies/Mississippi Grind (2015).mp4
84827,0,.mkv,H264,720p,60,1.01,01:36,None,-,YES,2023-06-11 10:15,Tron (1982),Tron,2023-10-30,6.7,PG,Tron (1982).mkv,/media/daveg/Lib/Movies/Tron (1982).mkv
145503,1,.mp4,H264,404p,29.97,1.01,03:01,None,-,YES,2023-11-30 16:24,Sunshine (1999),Sunshine,2021-01-20,7.0,R,Sunshine (2007).mp4,/media/daveg/Lib/Movies/Sunshine (2007).mp4
448134,1,.mp4,H264,404p,29.97,1.01,01:47,None,-,YES,2023-11-30 16:24,Sunshine (2007),Sunshine,2023-12-06,7.5,R,Sunshine (2007).mp4,/media/daveg/Lib/Movies/Sunshine (2007).mp4
13521006,4,.mp4,H264,1080p,29.97,1.01,02:59,None,-,YES,2025-01-24 19:49,Beau Is Afraid (2023),Beau Is Afraid,2025-01-30,8.0,R,Beau is Afraid (2023).mp4,/media/daveg/Lib/Movies/Beau is Afraid (2023).mp4
1242599,1,.mp4,H264,404p,29.97,1.00,01:43,None,-,YES,2024-07-12 17:09,Bellflower (2011),Bellflower,2024-10-03,6.3,R,Bellflower (2011).mp4,/media/daveg/Lib/Movies/Bellflower (2011).mp4
10720352,1,.mp4,H264,404p,29.97,1.00,01:47,None,-,YES,2024-08-21 16:28,Arthur the King (2024),Arthur the King,2024-08-21,7.5,PG-13,Arthur the King (2024).mp4,/media/daveg/Lib/Movies/Arthur the King (2024).mp4
19853258,1,.mkv,H264,720p,60,0.98,01:35,None,-,YES,2023-05-24 13:24,Still: A Michael J. Fox Movie (2023),Still: A Michael J. Fox Movie,,8.2,R::(certificate#54153),Still- A Michael J. Fox Movie (2023).mkv,/media/daveg/Lib/Movies/Still- A Michael J. Fox Movie (2023).mkv
1620680,4,.mkv,H264,720p,60,0.97,01:49,None,-,YES,2023-06-15 13:42,"Wrinkle in Time, A (2018)",A Wrinkle in Time,2023-09-17,7.0,PG,A Wrinkle in Time (2018).mkv,/media/daveg/Lib/Movies/A Wrinkle in Time (2018).mkv
100395,1,.mp4,H264,404p,29.97,0.96,01:41,None,-,YES,2024-03-22 07:57,Postcards from the Edge (1990),Postcards from the Edge,2024-04-01,8.0,R,Postcards from the Edge (1990).mp4,/media/daveg/Lib/Movies/Postcards from the Edge (1990).mp4
87056,1,.mp4,H264,480p,29.97,0.96,01:40,None,-,YES,2024-12-25 18:36,"Christmas Carol, A (1984)",A Christmas Carol,2024-12-25,7.8,PG::(1995 DVD rating),A Christmas Carol (1984).mp4,/media/daveg/Lib/Movies/Christmas/A Christmas Carol (1984).mp4
120382,1,.mp4,H264,404p,29.97,0.95,01:43,None,-,YES,2024-03-22 05:22,"Truman Show, The (1998)",The Truman Show,2024-04-03,8.2,PG,The Truman Show (1998).mp4,/media/daveg/Lib/Movies/The Truman Show (1998).mp4
30446847,4,.mp4,H264,900p,29.97,0.95,02:12,None,-,YES,2025-12-25 21:04,Jay Kelly (2025),Jay Kelly,2025-12-26,8.5,R,Jay Kelly (2025).mp4,/media/daveg/Lib/Movies/Jay Kelly (2025).mp4
439572,4,.mp4,H264,900p,29.97,0.95,02:24,None,-,YES,2023-12-09 11:21,"Flash, The (2023)",The Flash,2023-12-19,8.0,PG-13,The Flash (2023).mp4,/media/daveg/Lib/Movies/The Flash (2023).mp4
264616,1,.mp4,H264,404p,29.97,0.94,01:40,None,-,YES,2024-07-12 17:32,Frailty (2001),Frailty,2024-07-13,8.0,R,Frailty (2001).mp4,/media/daveg/Lib/Movies/Frailty (2001).mp4
180093,4,.mp4,H264,404p,29.97,0.94,01:42,None,-,YES,2025-01-16 17:49,Requiem for a Dream (2000),Requiem for a Dream,,8.3,Unrated,Requiem For a Dream (2000).mp4,/media/daveg/Lib/Movies/Requiem For a Dream (2000).mp4
110912,1,.mp4,H264,900p,29.97,0.94,02:34,None,-,YES,2024-01-03 18:18,Pulp Fiction (1994),Pulp Fiction,,8.9,18+::(Common Sense Media),Pulp Fiction (1994).mp4,/media/daveg/Lib/Movies/Pulp Fiction (1994).mp4
269347,1,.mp4,H264,900p,29.97,0.93,01:34,None,-,YES,2024-01-03 07:56,"Hunted, The (2003)",The Hunted,2014-08-24,7.0,R,The Hunted (2003).mp4,/media/daveg/Lib/Movies/The Hunted (2003).mp4
264395,4,.mp4,H264,404p,29.97,0.93,01:38,None,-,YES,2026-02-12 13:27,Basic (2003),Basic,2026-02-22,6.0,R,Basic (2003).mp4,/media/daveg/Lib/Movies/Basic (2003).mp4
14230458,0,.mp4,H264,900p,29.97,0.92,02:21,None,-,YES,2024-03-09 17:47,Poor Things (2023),Poor Things,2024-03-10,7.5,R,Poor Things (2023).mp4,/media/daveg/Lib/Movies/Poor Things (2023).mp4
1649418,4,.mp4,H264,1080p,29.97,0.92,-,None,-,YES,2025-08-22 18:15,"Gray Man, The (2022)",The Gray Man,2025-09-03,7.0,NR,The Gray Man (2022).mp4,/media/daveg/Lib/Movies/The Gray Man (2022).mp4
100142,1,.mp4,H264,404p,29.97,0.91,01:38,None,-,YES,2024-07-16 17:51,Metropolitan (1989),Metropolitan,2024-09-25,7.5,PG-13,Metropolitan (1990).mp4,/media/daveg/Lib/Movies/Metropolitan (1990).mp4
2091478,1,.mkv,H264,720p,60,0.90,01:35,None,-,YES,2023-05-23 20:49,Air (2015),Air,2015-11-16,6.5,PG-13,Air (2023).mkv,/media/daveg/Lib/Movies/Air (2023).mkv
16419074,1,.mkv,H264,720p,60,0.90,01:51,None,-,YES,2023-05-23 20:49,Air (2023),Air,2023-05-24,9.0,R,Air (2023).mkv,/media/daveg/Lib/Movies/Air (2023).mkv
4016934,4,.mp4,H264,900p,29.97,0.90,02:25,None,-,YES,2024-06-22 12:07,"Handmaiden, The (2016)",The Handmaiden,2024-09-23,7.0,Not Rated,The Handmaiden (2016).mp4,/media/daveg/Lib/Movies/The Handmaiden (2016).mp4
11858890,4,.mp4,H264,1080p,29.97,0.90,02:13,None,-,YES,2025-01-12 21:55,"Creator, The (2023)",The Creator,2025-01-22,8.5,PG-13,The Creator (2023).mp4,/media/daveg/Lib/Movies/The Creator (2023).mp4
94812,1,.mp4,H264,900p,29.97,0.90,01:48,None,-,YES,2024-01-04 09:08,Bull Durham (1988),Bull Durham,,7.1,TV-14,Bull Durham (1988).mp4,/media/daveg/Lib/Movies/Bull Durham (1988).mp4
3778644,1,.m4v,H264,404p,29.97,0.89,02:15,None,-,YES,2020-10-03 10:38,Solo: A Star Wars Story (2018),Solo: A Star Wars Story,2018-10-31,7.0,PG-13,Solo- A Star Wars Story (2018).m4v,/media/daveg/Lib/Movies/Solo- A Star Wars Story (2018).m4v
12747748,4,.mp4,H264,1080p,29.97,0.89,-,None,-,YES,2025-08-21 23:13,Leave the World Behind (2023),Leave the World Behind,2025-08-22,7.5,NR,Leave the World Behind (2023).mp4,/media/daveg/Lib/Movies/Leave the World Behind (2023).mp4
114709,1,.mkv,H264,720p,60,0.89,01:21,None,-,YES,2023-06-11 12:55,Toy Story (1995),Toy Story,,8.3,TV-G::(TV rating),Toy Story (1995).mkv,/media/daveg/Lib/Movies/Toy Story (1995).mkv
14718126,4,.mp4,H264,900p,29.97,0.88,01:14,None,-,YES,2024-06-18 11:36,"Pilot, The (2022)",The Pilot, ,5.8,NR,The Pilot (2022).mp4,/media/daveg/Lib/Movies/The Pilot (2022).mp4
12758060,4,.mkv,H264,720p,60,0.88,01:58,None,-,YES,2023-05-26 17:46,Tetris (2023),Tetris,2023-06-06,8.0,R::(cert#54068),Tetris (2023).mkv,/media/daveg/Lib/Movies/Tetris (2023).mkv
12584954,4,.mp4,H264,900p,29.97,0.87,02:02,None,-,YES,2024-11-30 18:24,Twisters (2024),Twisters,2024-11-30,8.0,PG-13,Twisters (2024).mp4,/media/daveg/Lib/Movies/Twisters (2024).mp4
34589645,4,.mp4,H264,1080p,29.97,0.87,00:26,None,-,YES,2025-01-23 17:06,Emilia Perez (2024),Emilia Perez,2025-01-24,7.5,NR,Emilia Perez (2024).mp4,/media/daveg/Lib/Movies/Emilia Perez (2024).mp4
12261776,1,.mp4,H264,404p,29.97,0.87,01:33,None,-,YES,2024-05-20 17:34,65 (2023),65, ,5.4,PG-13,65 (2023).mp4,/media/daveg/Lib/Movies/65 (2023).mp4
9484998,4,.mkv,H264,720p,60,0.86,01:30,None,-,YES,2023-05-27 12:08,Palm Springs (2020),Palm Springs,2023-06-14,7.5,R,Palm Springs (2020).mkv,/media/daveg/Lib/Movies/Palm Springs (2020).mkv
74285,1,.mp4,H264,900p,29.97,0.86,01:38,None,-,YES,2024-01-03 06:04,Carrie (1976),Carrie,,7.4,TV-MA::(IFC rating),Carrie (1976).mp4,/media/daveg/Lib/Movies/Carrie (1976).mp4
8080204,1,.mp4,H264,404p,29.97,0.85,01:33,None,-,YES,2024-04-04 13:21,Hypnotic (2023),Hypnotic,2024-04-05,8.5,R,Hypnotic (2023).mp4,/media/daveg/Lib/Movies/Hypnotic (2023).mp4
6048922,1,.mp4,H264,404p,29.97,0.85,01:31,None,-,YES,2024-06-12 17:08,Greyhound (2020),Greyhound,2024-06-12,7.0,PG-13,Greyhound (2020).mp4,/media/daveg/Lib/Movies/Greyhound (2020).mp4
29583,1,.mkv,H264,720p,60,0.84,01:23,None,-,YES,2023-06-14 17:52,Snow White and the Seven Dwarfs (1937),Snow White and the Seven Dwarfs,,7.6,TV-G,Snow White and the Seven Dwarfs (1937).mkv,/media/daveg/Lib/Movies/Snow White and the Seven Dwarfs (1937).mkv
1535616,4,.mp4,H264,1080p,29.97,0.84,01:52,None,-,YES,2025-01-12 14:55,"Divide, The (2011)",The Divide,,5.8,R,The Divide (2011).mp4,/media/daveg/Lib/Movies/The Divide (2011).mp4
11003218,1,.mp4,H264,404p,29.97,0.82,01:32,None,-,YES,2022-05-19 17:55,Pig (2021),Pig,2022-06-08,7.0,R,Pig (2021).mp4,/media/daveg/Lib/Movies/Pig (2021).mp4
382932,1,.mkv,H264,720p,60,0.82,01:51,None,-,YES,2023-06-11 17:56,Ratatouille (2007),Ratatouille,,8.1,TV-G,Ratatouille (2007).mkv,/media/daveg/Lib/Movies/Ratatouille (2007).mkv
5535276,1,.mp4,H264,900p,29.97,0.82,02:09,None,-,YES,2024-02-24 17:19,Maestro (2023),Maestro,2024-04-03,7.0,R::(cert#54482),Maestro (2023).mp4,/media/daveg/Lib/Movies/Maestro (2023).mp4
21191806,4,.mp4,H264,1080p,29.97,0.82,-,None,-,YES,2025-08-22 15:02,Back in Action (2025),Back in Action,2025-09-03,7.0,NR,Back in Action (2025).mp4,/media/daveg/Lib/Movies/Back in Action (2025).mp4
2347569,1,.mp4,H264,404p,29.97,0.81,01:26,None,-,YES,2024-07-15 15:30,Frances Ha (2012),Frances Ha,2024-09-13,7.5,R,Frances Ha (2012).mp4,/media/daveg/Lib/Movies/Frances Ha (2012).mp4
21940010,4,.mp4,H264,900p,29.97,0.81,02:01,None,-,YES,2024-01-02 22:54,"Million Miles Away, A (2023)",A Million Miles Away,2024-01-24,8.0,PG::(cert#54499),A Million Miles Away (2023).mp4,/media/daveg/Lib/Movies/A Million Miles Away (2023).mp4
2463208,4,.mp4,H264,1080p,29.97,0.80,-,None,-,YES,2025-08-22 23:31,"Adam Project, The (2022)",The Adam Project,2025-09-09,8.5,NR,The Adam Project (2022).mp4,/media/daveg/Lib/Movies/The Adam Project (2022).mp4
23149780,4,.mp4,H264,900p,29.97,0.79,02:09,None,-,YES,2025-12-29 18:02,Eden (2024),Eden,2025-12-29,8.0,R,Eden (2025).mp4,/media/daveg/Lib/Movies/Eden (2025).mp4
27599851,4,.mp4,H264,1080p,29.97,0.78,01:57,None,-,YES,2025-01-12 17:29,Apocalypse Z- The Beginning of the End (2024),Apocalypse Z- The Beginning of the End,2025-01-30,6.0,NR,Apocalypse Z - the Beginning of the End (2024).mp4,/media/daveg/Lib/Movies/Apocalypse Z - the Beginning of the End (2024).mp4
2527336,1,.m4v,H264,404p,29.97,0.78,02:32,None,-,YES,2020-10-04 08:30,Star Wars: Episode VIII - The Last Jedi (2017),Star Wars: Episode VIII - The Last Jedi,2018-04-27,9.5,PG-13,Star Wars- Episode VIII - The Last Jedi (2017).m4v,/media/daveg/Lib/Movies/Star Wars- Episode VIII - The Last Jedi (2017).m4v
283431,1,.mp4,H264,1080p,29.97,0.78,01:25,None,-,YES,2025-08-20 22:17,Kandahar (2001),Kandahar,,7.0,Not Rated,Kandahar (2023).mp4,/media/daveg/Lib/Movies/Kandahar (2023).mp4
5761544,4,.mp4,H264,1080p,29.97,0.78,01:25,None,-,YES,2025-08-20 22:17,Kandahar (2023),Kandahar,2025-08-21,8.0,NR,Kandahar (2023).mp4,/media/daveg/Lib/Movies/Kandahar (2023).mp4
1242460,4,.mp4,H264,1080p,29.97,0.78,01:52,None,-,YES,2025-01-14 12:33,We Need to Talk About Kevin (2011),We Need to Talk About Kevin,2025-04-10,8.0,R,We Need to Talk About Kevin (2011).mp4,/media/daveg/Lib/Movies/We Need to Talk About Kevin (2011).mp4
22100,1,.mp4,H264,900p,29.97,0.77,01:57,None,-,YES,2024-01-02 06:52,M (1931),M,,8.3,TV-14,M (1931).mp4,/media/daveg/Lib/Movies/M (1931).mp4
9893250,4,.mp4,H264,1080p,29.97,0.76,01:58,None,-,YES,2025-08-21 14:12,I Care a Lot (2020),I Care a Lot,2025-08-21,8.5,R,I Care a Lot (2020).mp4,/media/daveg/Lib/Movies/I Care a Lot (2020).mp4
13452446,4,.mp4,H264,1080p,29.97,0.76,-,None,-,YES,2025-08-22 20:28,Damsel (2024),Damsel,2025-09-03,8.0,NR,Damsel (2024).mp4,/media/daveg/Lib/Movies/Damsel (2024).mp4
55254,1,.mkv,H264,720p,60,0.76,01:19,None,-,YES,2023-06-15 15:46,One Hundred and One Dalmatians (1961),One Hundred and One Dalmatians,,7.3,G,One Hundred and One Dalmatians (1961).mkv,/media/daveg/Lib/Movies/One Hundred and One Dalmatians (1961).mkv
14364480,4,.mp4,H264,900p,29.97,0.76,02:24,None,-,YES,2025-12-30 14:59,Wake Up Dead Man (2025),Wake Up Dead Man,2025-11-30,8.0,PG-13,Wake Up Dead Man (2025).mp4,/media/daveg/Lib/Movies/Wake Up Dead Man (2025).mp4
23055660,4,.mp4,H264,900p,29.97,0.75,02:20,None,-,YES,2025-05-21 07:15,Nickel Boys (2024),Nickel Boys,2025-05-22,8.0,PG-13::(cert#54528),Nickel Boys (2024).mp4,/media/daveg/Lib/Movies/Nickel Boys (2024).mp4
14577874,4,.mp4,H264,1080p,29.97,0.74,01:43,None,-,YES,2025-01-07 15:57,It's What's Inside (2024),It's What's Inside,2024-09-20,8.0,R,It's What's Inside (2024).mp4,/media/daveg/Lib/Movies/It's What's Inside (2024).mp4
29927663,4,.mp4,H264,900p,29.97,0.73,01:46,None,-,YES,2025-12-30 09:23,"Great Flood, The (2025)",The Great Flood,2025-12-30,8.5,TV-MA,The Great Flood (2025).mp4,/media/daveg/Lib/Movies/The Great Flood (2025).mp4
313542,4,.mp4,H264,900p,59.94,0.73,02:07,None,-,YES,2025-04-05 22:19,Runaway Jury (2003),Runaway Jury,2025-04-05,9.0,PG-13,Runaway Jury (2003).mp4,/media/daveg/Lib/Movies/Runaway Jury (2003).mp4
390384,4,.mp4,H264,404p,29.97,0.72,01:17,None,-,YES,2023-12-02 09:40,Primer (2004),Primer,2023-12-06,8.5,PG-13,Primer (2004).mp4,/media/daveg/Lib/Movies/Primer (2004).mp4
32430579,4,.mp4,H264,900p,29.97,0.72,02:20,None,-,YES,2026-04-19 20:58,Crime 101 (2026),Crime 101,2026-04-20,10.0,R,Crime 101 (2026).mp4,/media/daveg/Lib/Movies/Crime 101 (2026).mp4
84855,1,.mp4,H264,900p,29.97,0.71,02:09,None,-,YES,2024-01-04 06:25,"Verdict, The (1982)",The Verdict,,7.7,R,The Verdict (1982).mp4,/media/daveg/Lib/Movies/The Verdict (1982).mp4
17279496,4,.mp4,H264,900p,29.97,0.71,01:49,None,-,YES,2025-01-06 11:53,Civil War (2024),Civil War,2025-01-22,8.5,R,Civil War (2024).mp4,/media/daveg/Lib/Movies/Civil War (2024).mp4
15153532,4,.mp4,H264,900p,29.97,0.71,01:33,None,-,YES,2024-06-18 04:48,Strays (2023),Strays, ,6.3,R,Strays (2023).mp4,/media/daveg/Lib/Movies/Strays (2023).mp4
31181421,4,.mp4,H264,1080p,29.97,0.71,01:40,None,-,YES,2025-05-01 20:40,iHostage (2025),iHostage,2025-05-23,7.5,TV-MA,iHostage (2025).mp4,/media/daveg/Lib/Movies/iHostage (2025).mp4
21929748,1,.mp4,H264,900p,29.97,0.71,01:35,None,-,YES,2024-01-03 09:39,BS High (2023),BS High,,7.3,TV-MA,BS High (2023).mp4,/media/daveg/Lib/Movies/BS High (2023).mp4
11301886,4,.mp4,H264,1080p,29.92,0.71,02:11,None,-,YES,2025-01-07 13:29,Rebel Ridge (2024),Rebel Ridge,2024-09-15,8.0,TV-MA,Rebel Ridge (2024).mp4,/media/daveg/Lib/Movies/Rebel Ridge (2024).mp4
1343727,4,.mp4,H264,900p,29.97,0.70,01:35,None,-,YES,2024-02-24 15:03,Dredd (2012),Dredd,2024-03-02,8.0,R,Dredd (2012).mp4,/media/daveg/Lib/Movies/Dredd (2012).mp4
2572212,4,.mp4,H264,900p,29.97,0.69,01:40,None,-,YES,2024-06-19 16:11,Surrounded (2023),Surrounded,,6.1,R::(#53231),Surrounded (2023).mp4,/media/daveg/Lib/Movies/Surrounded (2023).mp4
11315808,4,.mp4,H264,900p,29.97,0.69,02:18,None,-,YES,2025-01-04 23:00,Joker- Folie à Deux (2024),Joker- Folie à Deux,2025-01-05,7.5,R,Joker Folie a Deux (2024).mp4,/media/daveg/Lib/Movies/Joker Folie a Deux (2024).mp4
21097228,0,.mp4,H264,900p,29.97,0.68,01:52,None,-,YES,2025-02-23 21:40,"Different Man, A (2024)",A Different Man,2025-04-24,6.0,R,A Different Man (2024).mp4,/media/daveg/Lib/Movies/A Different Man (2024).mp4
46183,1,.mkv,H264,720p,60,0.68,01:17,None,-,YES,2023-06-16 14:20,Peter Pan (1953),Peter Pan,,7.3,G,Peter Pan (1953).mkv,/media/daveg/Lib/Movies/Peter Pan (1953).mkv
10016180,1,.mp4,H264,1080p,29.97,0.67,02:08,None,-,YES,2025-08-24 14:20,"Little Things, The (2021)",The Little Things,2025-09-10,8.0,R,The Little Things (2021).mp4,/media/daveg/Lib/Movies/The Little Things (2021).mp4
434409,1,.mp4,H264,900p,29.97,0.67,02:12,None,-,YES,2024-02-02 07:26,V for Vendetta (2005),V for Vendetta,2018-08-23,8.0,R,V for Vendetta (2006).mp4,/media/daveg/Lib/Movies/V for Vendetta (2006).mp4
14858658,4,.mp4,H264,1080p,29.97,0.66,01:42,None,-,YES,2025-01-28 05:10,Blink Twice (2024),Blink Twice,2025-04-24,7.5,R,Blink Twice (2024).mp4,/media/daveg/Lib/Movies/Blink Twice (2024).mp4
23468836,4,.mp4,H264,1080p,29.97,0.66,02:01,None,-,YES,2025-01-13 18:33,Touch (2024),Touch,,7.4,R,Touch (2024).mp4,/media/daveg/Lib/Movies/Touch (2024).mp4
34977130,4,.mp4,H264,1080p,29.97,0.66,01:28,None,-,YES,2025-01-30 16:50,Don't Die- The Man Who Wants to Live Forever (2025),Don't Die- The Man Who Wants to Live Forever,,6.2,TV-14,Don't Die - the Man Who Wants to Live Forever (2024).mp4,/media/daveg/Lib/Movies/Don't Die - the Man Who Wants to Live Forever (2024).mp4
12427158,0,.mp4,H264,900p,29.97,0.66,01:57,None,-,YES,2024-02-26 08:05,"Thousand and One, A (2023)",A Thousand and One,2023-12-06,7.0,R,A Thousand and One (2023).mp4,/media/daveg/Lib/Movies/A Thousand and One (2023).mp4
13204490,1,.mkv,H264,720p,60,0.65,01:13,None,-,YES,2023-05-28 07:35,Petite Maman (2021),Petite Maman,,7.4,PG,Petite Maman (2021).mkv,/media/daveg/Lib/Movies/Petite Maman (2021).mkv
7711170,4,.mp4,H264,1080p,29.97,0.65,01:38,None,-,YES,2025-01-06 18:03,Alone (2020),Alone,,6.2,R,Alone (2020).mp4,/media/daveg/Lib/Movies/Alone (2020).mp4
15507512,4,.mp4,H264,900p,29.97,0.65,02:07,None,-,YES,2024-12-29 20:37,"Piano Lesson, The (2024)",The Piano Lesson,,6.2,PG-13::(cert#54851),The Piano Lesson (2024).mp4,/media/daveg/Lib/Movies/The Piano Lesson (2024).mp4
5,1,.m4v,H264,480p,29.97,0.65,-,None,-,YES,2020-10-04 18:47,Gutz Pack (2012),Gutz Pack, ,10.0,Not Rated,Gutz Pack (2012).m4v,/media/daveg/Lib/Movies/Gutz Pack (2012).m4v
887883,1,.mp4,H264,900p,29.97,0.64,01:36,None,-,YES,2024-02-26 05:45,Burn After Reading (2008),Burn After Reading,2024-03-24,7.5,R,Burn After Reading (2008).mp4,/media/daveg/Lib/Movies/Burn After Reading (2008).mp4
5448338,4,.mp4,H264,1080p,29.97,0.64,01:49,None,-,YES,2025-01-14 07:40,Plan A (2021),Plan A,2025-01-30,8.0,NR,Plan A (2022).mp4,/media/daveg/Lib/Movies/Plan A (2022).mp4
9082020,4,.mp4,H264,1080p,29.97,0.63,01:31,None,-,YES,2025-01-13 15:34,Cold Blood (2019),Cold Blood,,4.7,TV-PG,Cold Blood (2019).mp4,/media/daveg/Lib/Movies/Cold Blood (2019).mp4
28082769,4,.mp4,H264,1080p,29.97,0.62,-,None,-,YES,2025-06-15 19:14,September 5 (2024),September 5,2025-06-15,8.0,NR,September 5 (2024).mp4,/media/daveg/Lib/Movies/September 5 (2024).mp4
11539996,4,.mp4,H264,900p,29.97,0.62,01:52,None,-,YES,2025-12-29 13:42,Relay (2024),Relay,2025-12-29,9.0,R,Relay (2025).mp4,/media/daveg/Lib/Movies/Relay (2025).mp4
1470827,4,.mp4,H264,1080p,29.97,0.62,01:34,None,-,YES,2025-01-12 19:20,Monsters (2010),Monsters,,6.3,R,Monsters (2010).mp4,/media/daveg/Lib/Movies/Monsters (2010).mp4
6803046,1,.mkv,H264,720p,60,0.61,01:31,None,-,YES,2023-05-26 08:09,"Vast of Night, The (2019)",The Vast of Night,,6.7,PG-13,The Vast of Night (2019).mkv,/media/daveg/Lib/Movies/The Vast of Night (2019).mkv
379217,1,.mp4,H264,900p,29.97,0.61,01:35,None,-,YES,2024-01-03 20:02,Coffee and Cigarettes (2003),Coffee and Cigarettes,,7.0,R,Coffee and Cigarettes (2003).mp4,/media/daveg/Lib/Movies/Coffee and Cigarettes (2003).mp4
356618,4,.mp4,H264,900p,29.97,0.60,01:31,None,-,YES,2024-12-19 21:16,"Forgotten, The (2004)",The Forgotten,2024-10-10,8.5,PG-13,The Forgotten (2004).mp4,/media/daveg/Lib/Movies/The Forgotten (2004).mp4
17024450,4,.mp4,H264,900p,29.97,0.60,01:49,None,-,YES,2024-02-24 21:17,"Equalizer 3, The (2023)",The Equalizer 3,2024-02-26,7.5,R,The Equalizer 3 (2023).mp4,/media/daveg/Lib/Movies/The Equalizer 3 (2023).mp4
31434639,4,.mp4,H264,900p,29.97,0.60,01:35,None,-,YES,2025-09-28 13:46,Warfare (2025),Warfare,,0.0,R,Warfare (2025).mp4,/media/daveg/Lib/Movies/Warfare (2025).mp4
16304446,1,.mp4,H264,1080p,29.97,0.59,01:53,None,-,YES,2025-04-14 23:51,Fair Play (2023),Fair Play,2024-04-03,6.5,R::(certificate#53885),Fair Play (2023).mp4,/media/daveg/Lib/Movies/Fair Play (2023).mp4
6968614,4,.mp4,H264,900p,29.97,0.59,-,None,-,YES,2025-09-28 19:53,"Mother, The (2023)",The Mother,2025-09-28,7.5,NR,The Mother (2023).mp4,/media/daveg/Lib/Movies/The Mother (2023).mp4
6111574,1,.mp4,H264,900p,29.97,0.59,01:40,None,-,YES,2024-03-29 13:40,"Woman in the Window, The (2021)",The Woman in the Window, ,5.7,R,The Woman in the Window (2021).mp4,/media/daveg/Lib/Movies/The Woman in the Window (2021).mp4
8236336,4,.mp4,H264,900p,30,0.58,01:59,None,-,YES,2024-06-17 20:03,"Report, The (2019)",The Report, ,7.2,R,The Report (2019).mp4,/media/daveg/Lib/Movies/The Report (2019).mp4
432289,4,.mp4,H264,1080p,29.97,0.58,01:41,None,-,YES,2025-01-13 07:38,First Snow (2006),First Snow,,6.2,R,First Snow (2007).mp4,/media/daveg/Lib/Movies/First Snow (2007).mp4
13651794,1,.mp4,H264,900p,29.97,0.57,01:57,None,-,YES,2024-02-25 16:59,May December (2023),May December,    ,6.9,R::(cert#54486),May December (2023).mp4,/media/daveg/Lib/Movies/May December (2023).mp4
27403986,4,.mp4,H264,900p,29.97,0.55,01:54,None,-,YES,2025-01-04 18:18,Juror #2 (2024),Juror #2,2025-01-05,7.0,PG-13,Juror #2 (2024).mp4,/media/daveg/Lib/Movies/Juror #2 (2024).mp4
34492,1,.mkv,H264,720p,60,0.54,01:09,None,-,YES,2023-06-14 13:38,Bambi (1942),Bambi,,7.3,Approved,Bambi (1942).mkv,/media/daveg/Lib/Movies/Bambi (1942).mkv
1441395,0,.mp4,H264,900p,29.97,0.54,01:48,None,-,YES,2024-01-04 13:52,Under the Skin (2013),Under the Skin,2024-01-08,7.0,R,Under the Skin (2013).mp4,/media/daveg/Lib/Movies/Under the Skin (2013).mp4
29768334,4,.mp4,H264,900p,29.97,0.54,01:42,None,-,YES,2025-12-29 21:22,Train Dreams (2025),Train Dreams,2025-12-29,9.5,PG-13,Train Dreams (2025).mp4,/media/daveg/Lib/Movies/Train Dreams (2025).mp4
10530176,0,.mp4,H264,900p,29.97,0.53,01:52,None,-,YES,2024-02-24 19:19,"Call, The (2020)",The Call,2024-02-26,7.5,TV-MA::(self-applied),The Call (2020).mp4,/media/daveg/Lib/Movies/The Call (2020).mp4
10275534,4,.mp4,H264,900p,29.97,0.52,01:59,None,-,YES,2025-05-24 10:14,To Catch a Killer (2023),To Catch a Killer,2025-05-24,8.5,R,To Catch a Killer (2023).mp4,/media/daveg/Lib/Movies/To Catch a Killer (2023).mp4
13669038,4,.mp4,H264,900p,29.97,0.51,01:44,None,-,YES,2024-06-18 13:39,Women Talking (2022),Women Talking, ,6.9,PG-13,Women Talking (2023).mp4,/media/daveg/Lib/Movies/Women Talking (2023).mp4
15782690,4,.mp4,H264,900p,29.97,0.49,01:46,None,-,YES,2025-01-07 13:33,In the Land of Saints and Sinners (2023),In the Land of Saints and Sinners,2025-01-22,8.0,R,In the Land of Saints and Sinners (2023).mp4,/media/daveg/Lib/Movies/In the Land of Saints and Sinners (2023).mp4
236702,1,.mp4,H264,480p,29.97,0.48,01:40,None,-,YES,2020-10-01 21:39,Running on the Sun: The Badwater 135 (2000),Running on the Sun: The Badwater 135,,7.3,NR,Running on the Sun- The Badwater 135 (2000).mp4,/media/daveg/Lib/Movies/Running on the Sun- The Badwater 135 (2000).mp4
4062536,4,.mp4,H264,1080p,29.97,0.48,01:35,None,-,YES,2025-01-13 21:19,Green Room (2015),Green Room,,7.0,R,Green Room (2016).mp4,/media/daveg/Lib/Movies/Green Room (2016).mp4
7130300,4,.mp4,H264,900p,29.97,0.47,01:32,None,-,YES,2025-11-28 17:52,"Woman in Cabin 10, The (2025)",The Woman in Cabin 10,2025-11-28,8.5,R,The Woman in Cabin 10 (2025).mp4,/media/daveg/Lib/Movies/The Woman in Cabin 10 (2025).mp4
9731386,4,.mp4,H264,900p,29.97,0.47,-,None,-,YES,2025-05-19 21:25,Rogue Agent (2022),Rogue Agent,2025-09-13,8.0,NR,Rogue Agent (2022).mp4,/media/daveg/Lib/Movies/Rogue Agent (2022).mp4
34874258,4,.mp4,H264,1080p,29.97,0.47,01:11,None,-,YES,2025-01-30 14:53,Cunk on Life (2024),Cunk on Life,2025-04-10,6.0,NR,Cunk on Life (2024).mp4,/media/daveg/Lib/Movies/Cunk on Life (2024).mp4
9203694,4,.mp4,H264,900p,29.97,0.47,01:56,None,-,YES,2025-11-28 20:04,Stowaway (2021),Stowaway,2025-11-30,7.5,TV-MA,Stowaway (2021).mp4,/media/daveg/Lib/Movies/Stowaway (2021).mp4
102943,4,.mp4,H264,900p,29.97,0.47,01:37,None,-,YES,2024-01-01 20:26,Slacker (1990),Slacker,2024-01-23,7.5,R,Slacker (1990).mp4,/media/daveg/Lib/Movies/Slacker (1990).mp4
20215234,4,.mp4,H264,1080p,29.97,0.44,02:00,None,-,YES,2025-06-15 22:50,Conclave (2024),Conclave,2025-04-24,8.5,PG,Conclave (2024).mp4,/media/daveg/Lib/Movies/Conclave (2024).mp4
14230388,4,.mp4,H264,900p,29.97,0.42,01:45,None,-,YES,2024-01-04 17:06,Asteroid City (2023),Asteroid City,2024-01-05,8.0,PG-13,Asteroid City (2023).mp4,/media/daveg/Lib/Movies/Asteroid City (2023).mp4
11317142,0,.mp4,H264,900p,29.97,0.42,01:17,None,-,YES,2024-01-03 12:46,Shiva Baby (2020),Shiva Baby,2024-01-08,7.0,Not Rated,Shiva Baby (2020).mp4,/media/daveg/Lib/Movies/Shiva Baby (2020).mp4
20413870,1,.mp4,H264,900p,29.97,0.38,01:37,None,-,YES,2024-02-27 14:50,In My Mother's Skin (2023),In My Mother's Skin,  ,5.3,NR,In My Mother's Skin (2023).mp4,/media/daveg/Lib/Movies/In My Mother's Skin (2023).mp4
30988739,4,.mp4,H264,900p,29.97,0.33,-,None,-,YES,2025-09-28 16:52,Black Bag (2025),Black Bag,2025-09-28,7.5,NR,Black Bag (2025).mp4,/media/daveg/Lib/Movies/Black Bag (2025).mp4
13433802,4,.mp4,H264,900p,29.97,0.31,01:39,None,-,YES,2024-09-23 04:52,"Quiet Place- Day One, A (2024)",A Quiet Place- Day One,2024-09-23,8.0,PG-13,A Quiet Place - Day One (2024).mp4,/media/daveg/Lib/Movies/A Quiet Place - Day One (2024).mp4
16968450,0,.mp4,H264,900p,29.97,0.20,00:40,None,-,YES,2024-03-02 15:39,"Wonderful Story of Henry Sugar, The (2023)",The Wonderful Story of Henry Sugar,2024-03-22,8.0,PG,The Wonderful Story of Henry Sugar (2023).mp4,/media/daveg/Lib/Movies/The Wonderful Story of Henry Sugar (2023).mp4
94625,4,.mp4,H264,404p,29.97,0.16,02:04,None,-,YES,2026-05-01 16:24,Akira (1988),Akira,,8.0,R,Akira (1988).mp4,/media/daveg/Lib/Movies/Akira (1988).mp4
